17.87745111433815,0.5306377883513191,
10.783862902878747,0.9308947296073603,
21.048988447028908,0.33410035582605335,
21.29966834825688,0.3204813304087808,
8.318285631231717,0.9831717036753731,
22.91206264551065,0.24123726794047617,
15.853214165776073,0.6670481775767579,
17.09537462698699,0.5834063969939842,
15.193790403929798,0.7102034420326462,
23.266665290036855,0.2258004652535479,
27.795235124940636,0.087449382242899,
19.065429191560206,0.45264600247628883,
13.41292562904408,0.8167776212123646,
18.727042945911272,0.4744680353354648,
21.15764214223651,0.3281560843537037,
13.565054063087995,0.8084306643035105,
15.641136790380553,0.6810710418960515,
26.43839334077755,0.11843005295896858,
15.87850957043467,0.6653679954897863,
16.89340204339011,0.5970895212136587,
15.807400607362926,0.6700872896314338,
4.391939689396839,0.9997827790933725,
22.54470348636775,0.257991264582508,
20.20563967710589,0.3823006836908771,
11.284750728327872,0.9138879917229621,
18.045096786825088,0.5194277800998355,
13.480671880241749,0.8130809544846612,
28.118191609412552,0.08118025933777806,
19.710254834193044,0.41219895541759954,
15.63405461193968,0.6815372211555869,
20.547249533776654,0.36234776477525443,
17.208140131481187,0.5757691263618587,
9.252309445200707,0.9690498457719993,
15.955360933688855,0.6602542760082839,
14.76973403963263,0.7371159078511764,
21.82385618474646,0.293110204730325,
25.449153476210974,0.14628283472159365,
21.118315571581217,0.3303003247163607,
7.470012600694616,0.9912549060163696,
9.12341716613942,0.9713728890609575,
17.488780268971922,0.5567907353405607,
16.73603123942599,0.6077457765623637,
7.682542869076297,0.9895898643554594,
15.633206695283759,0.6815930250035035,
14.43692225075825,0.7576512817342161,
19.65230692915739,0.41576639347434186,
18.291938485325634,0.5030231839628803,
10.730430295492571,0.9325733384205925,
8.759205731262318,0.9772683398333308,
8.529802248730338,0.9805003788752429,
18.07845583908343,0.5172033731262138,
22.215200182953822,0.27367735849821817,
23.84786556835805,0.20205291385842838,
15.22475099439879,0.7082096454838978,
10.971564717646347,0.9247912218398734,
12.626295691288025,0.8571406135574917,
18.41249492113549,0.4950614909019958,
14.848776792985833,0.7321590806236692,
24.950472313811318,0.16217895727174436,
29.48343478424504,0.05875161206231172,
12.402579101301734,0.8677039452883354,
24.40630093385762,0.18102592655607397,
18.593319235705465,0.4831893331859307,
20.67579872055965,0.35498793111329807,
16.99744446895264,0.5900409615347291,
13.132317006320715,0.8317290012216749,
7.7347225792878955,0.9891467521292254,
25.06812557836972,0.1583119794822745,
36.59916217390107,0.008902137866726667,
19.51767039168003,0.4241086038757993,
10.361896160302457,0.943446477036249,
24.34000488650958,0.18343182344694697,
14.078548564587402,0.7790932305351405,
13.621920603057283,0.8052685225134844,
19.441887645039575,0.4288363530325545,
15.993212510721378,0.6577308217708855,
22.254643899435727,0.27176693129208196,
10.19457285088279,0.9479815999763174,
17.849715079380204,0.5324970955614587,
19.674964135515843,0.41436987569107275,
9.401682093791715,0.9661963599993137,
15.752703809402723,0.6737087945532596,
21.478324710101983,0.3109824422193601,
20.1854109689677,0.3834997309184849,
18.677111444730187,0.477718420906881,
18.815738517366604,0.4687127749772403,
21.20497461066161,0.3255862992759312,
27.769105240059577,0.08797410594771304,
29.2011198512261,0.06288673405423462,
19.19110480221347,0.4446395579388809,
19.68247863924776,0.41390717971141044,
12.572081347431393,0.8597392640677233,
18.119530449839367,0.5144675322213443,
14.655920072375249,0.7442011894681373,
9.787124728596877,0.9580028790817736,
23.145600033024845,0.23098963638629344,
14.548288588851307,0.7508425805587664,
14.860923417014906,0.7313948082659218,
23.140925746143346,0.23119167329912804,
21.963939377475157,0.2860546210888979,
17.841526363770978,0.533046269085091,
24.023497896473287,0.19525255240740924,
22.4463330098835,0.26260914612647346,
21.29877491691525,0.32052926927281766,
19.82769591735407,0.40501266460931185,
15.177825432903882,0.7112301239167792,
12.03326170039009,0.8841986702865721,
31.928200121789047,0.03184142753689867,
8.841258755144741,0.9760239292807993,
16.78852335316905,0.604192385504627,
13.100950650837056,0.8333632385214751,
16.860855323794834,0.5992940944780527,
18.27214046730463,0.504333990540307,
21.563719562323,0.30650389882899254,
20.38871581611204,0.37153721648935756,
25.69414200989168,0.13893937875210538,
16.73658570196024,0.6077082500462374,
15.63865952242001,0.6812341226137628,
18.32184152105955,0.5010450753330544,
16.52964534983816,0.6216997410523595,
18.650182039286832,0.47947448115825697,
22.355757578881324,0.26691012517527146,
21.490177491208765,0.3103584225188718,
13.429371832576962,0.8158832568271578,
23.728207740982736,0.20678536456910823,
20.550616356061994,0.36215394995906414,
13.12936000572976,0.8318833893861264,
18.76510975020365,0.47199501683001266,
8.942533060155368,0.974421711971367,
17.60943811526851,0.5486516067977623,
29.872693435899222,0.05344115963319096,
19.844583982022073,0.4039841637287056,
25.22348046001016,0.15331684009969893,
15.028540401808272,0.7207816433631994,
16.842683837957544,0.6005248275902346,
19.44842414320872,0.4284276739915345,
11.696084795354205,0.8982017990838855,
16.580949647389456,0.6182341161807385,
16.33436928692637,0.6348651619653067,
35.560711849463615,0.011945289856151842,
22.178491796470563,0.27546326685012246,
14.719769055093067,0.7402340978845705,
14.102744072455303,0.7776692493881582,
33.00409969980903,0.024014002171487525,
18.251658125757512,0.50569105642351,
19.05102223878391,0.45356737217668996,
28.422419342041977,0.07562965853434045,
21.78345943911621,0.29516535533042476,
25.63075224569159,0.14081060496758435,
17.94490106230976,0.5261215802989168,
14.294533056979082,0.7662587169836403,
11.957378894760714,0.8874390343518175,
17.088730701938385,0.5838564726798141,
23.615662047317894,0.21131041670146722,
14.735339902596602,0.7392636398808106,
17.94220291490933,0.5263020882961511,
14.392408803441906,0.7603541574950722,
20.281681674723696,0.3778105847350741,
18.168929042863084,0.5111818644085401,
26.531946435754854,0.11603670812351252,
16.881887337894796,0.5978695067645712,
22.683993563875756,0.25154744911449656,
17.50114079161943,0.5559562540426644,
12.922694433673872,0.8425048785807143,
21.9561770733558,0.2864426921652139,
20.45337229410166,0.3677744938438432,
9.108378086045212,0.9716356899766421,
14.39250055196309,0.760348597611618,
19.068670343363646,0.4524388195757687,
28.601753931836182,0.07251285587123524,
14.067515467725197,0.7797413791076655,
16.138612488170107,0.6480104828392415,
19.003649639012412,0.4566020165182061,
35.02345133169268,0.013876282940794571,
15.404288054377478,0.6965788395509485,
12.853941799062735,0.8459634326065908,
22.64914201702115,0.2531492938200053,
8.086423025900082,0.9857799490386768,
8.074622000488814,0.9859041412426599,
15.113762248836075,0.7153399466539603,
17.091546826772166,0.5836657005342663,
22.572485604211764,0.25669711901322256,
18.138621074640255,0.5131971442354092,
11.888576716677623,0.8903325877751969,
26.447739768792893,0.1181891405085207,
17.956375556377328,0.5253540720345007,
28.50485250932338,0.07418296710746397,
7.31893190068081,0.9923091541860314,
20.852928012878415,0.34498401697560654,
16.243088443896074,0.6410022950785579,
14.290489278372199,0.7665015080070354,
29.307520316959632,0.06129938402769142,
29.32053646166625,0.06110762054364205,
15.171430718226151,0.7116410824844012,
18.984542921318052,0.457828130332411,
20.984719060128082,0.3376458689979639,
13.902174090616981,0.7893638677820158,
20.213052563394253,0.38186176928146354,
18.514434509335466,0.48835782585670506,
15.51517901509896,0.6893399929085068,
19.15328392309394,0.4470431155208021,
16.828788109609384,0.6014658989092159,
18.404244977999962,0.49560518742638426,
16.47146769412346,0.6256265888505576,
12.863318329825638,0.8454939893460766,
16.396699044354953,0.6306678499545355,
32.35744342818921,0.028476683387290147,
14.67616836714592,0.7429452762661943,
20.49912065578435,0.3651245014575959,
18.91218246184674,0.46248266254186476,
22.584187468297284,0.2561533491823933,
12.542619517903871,0.8611411107436907,
15.387124899675278,0.6976956014476581,
26.21047274153898,0.12443041273545674,
24.606807076141397,0.17389567255531968,
18.61080572733531,0.48204596160402224,
32.863468159341245,0.024926383665287655,
8.369142708783414,0.9825555332330379,
15.59601880857152,0.6840384142113592,
17.6968897844579,0.5427628680956398,
15.250578026873713,0.706543680754269,
17.555279434229753,0.5523030424131907,
11.675250919209228,0.8990334030943979,
21.57934351282685,0.3056888518563594,
22.745497801696505,0.2487376216614674,
19.47352824312158,0.4268596652523392,
19.383562216634218,0.4324904025227543,
15.833638355791738,0.6683473974748781,
27.221856185740336,0.09959064894174108,
20.042002770978275,0.39205468075658834,
26.808207462464622,0.10920037521797998,
18.074906062107274,0.5174399708692679,
20.773847472026446,0.3494304756849438,
12.054744894672307,0.8832719876357408,
9.034595176921592,0.9729003829613423,
13.242462201789154,0.8259306261876745,
20.821784714635722,0.34673126383773045,
14.685691389368817,0.7423539071205254,
24.622071312351828,0.17336180425218117,
23.809697222706166,0.20355369363383902,
11.271989104588375,0.9143498778348659,
22.286095062141577,0.27024997701514397,
10.12604338381983,0.9497677075648281,
8.254396189884426,0.9839229288126417,
15.94931705506202,0.660656917473788,
15.613947765853627,0.6828599512659309,
33.924535052645346,0.018757841892198646,
13.587821703679714,0.8071673443127123,
24.16847508753192,0.1897690573345302,
17.332120506633462,0.5673784175220218,
15.939664951114526,0.6612997714785986,
15.038581876741054,0.7201420130417109,
19.937222038136117,0.39836466605638743,
23.845992648330135,0.20212636563896957,
20.57993111712399,0.3604687984434418,
25.587377761906865,0.14210255498332236,
11.468641659152249,0.9070665100584112,
8.256059429464198,0.9839036910772364,
12.220923714661593,0.8759661177273089,
13.272604699323024,0.8243278340119898,
11.976547697941749,0.8866253283369926,
17.85061724614502,0.5324365985714037,
12.010444267705362,0.8851784162166765,
29.92215098097447,0.0527976125625379,
14.79304929094218,0.7356568125604779,
16.85253672232505,0.5998575156428076,
12.268991187163227,0.8738077239063271,
22.679244996968368,0.2517652918253448,
22.532412479120154,0.2585652170183911,
19.774133069604904,0.40828287348507475,
15.510411594924149,0.6896520185481444,
23.4437315382286,0.21836200823136453,
27.5279482256141,0.0929439174606258,
23.890576938042194,0.20038322589447577,
16.218175464302337,0.6426750856084735,
18.025146388058058,0.5207591191742411,
17.972038182309603,0.524306806168563,
25.17666028448237,0.15480903224038567,
16.744072518336953,0.6072015197830769,
13.419149533987405,0.8164393884387372,
12.532435341943481,0.8616239910789159,
24.436674754821762,0.17993170334392605,
18.39546851264785,0.49618377123759705,
18.885163736875167,0.46422502316287906,
21.6590669058924,0.30155100965431425,
20.918671368670253,0.3413120927967219,
15.708452899916518,0.6766329554174837,
14.753365059238439,0.738138765773638,
16.21953648515272,0.642583725030778,
10.208316734836298,0.9476184213014188,
15.080519895564603,0.7174661052963713,
22.773654552448203,0.24745853241699056,
12.327668555239525,0.8711456800207165,
33.38823028646087,0.021675106519155718,
18.907150380982223,0.46280698769048045,
19.98400997004001,0.39554094977743826,
17.784851508215084,0.5368500048146463,
39.944159639554535,0.0033279921031869053,
24.698792142180547,0.1706975391085358,
17.854771162546065,0.5321580643860925,
22.703076436268077,0.2506733200560115,
21.865030524417357,0.29102491569903877,
26.009252262131383,0.1299314140352109,
10.884706107026236,0.9276556824841392,
30.634654160951378,0.0442567104698941,
17.849109642877707,0.5325376953094642,
9.312336323461908,0.9679241953590249,
31.79565343734247,0.03295077692084647,
22.221631435683243,0.2733652603524992,
24.150462930966068,0.19044397147811276,
11.559332944207041,0.9035883083274188,
16.916430538867974,0.5955295301984129,
22.996176545101143,0.23751024902205198,
20.98627321771413,0.33755987501675366,
17.738998247541392,0.5399309468014224,
19.27904056641745,0.43907129870350703,
7.891598108251133,0.9877287718354321,
5.501383359572242,0.9988689968702521,
16.012434620423864,0.656448180718386,
20.943954906405597,0.3399059387606336,
15.9526315992539,0.6604361133818613,
10.130564551798663,0.9496511389569355,
14.112131674109092,0.7771158041258392,
13.427814812027052,0.8159680134857372,
30.277302577032096,0.048373648968865424,
22.045679577159255,0.2819887536304444,
11.903950571266636,0.8896897019444066,
17.11808281700692,0.5818681553098367,
23.503890074767362,0.21587551726647325,
27.799779380397403,0.08735839876680518,
13.36362417724745,0.8194468929371421,
18.6806701456431,0.47748651696561717,
15.646583356788888,0.6807124279988346,
15.40644796516444,0.6964382291817367,
21.12242902420437,0.33007565667254946,
19.48155143205031,0.42635906062264384,
19.00408804986402,0.4565738973250084,
13.211569868866112,0.8275661926645816,
17.017209466977736,0.5887018677332887,
27.05748274923041,0.10332125557316318,
22.372113544909464,0.2661299874196956,
18.12973296976343,0.5137885103010691,
21.886553255423056,0.2899386809876614,
23.222248120983217,0.2276945449760467,
23.421079606219056,0.2193036127709007,
23.445182469402333,0.2183017950997863,
13.884775419340375,0.7903663592556324,
13.102757070056631,0.8332693272870788,
19.78177492101517,0.407815553828451,
26.471983258842215,0.11756611506240944,
11.580230601740533,0.9027761937362414,
10.548475352044766,0.938094883308772,
15.687230044342638,0.6780335166711338,
18.107017832105743,0.5153005932195416,
23.855906370005215,0.20173779577761863,
29.18619197217473,0.0631122776865104,
11.550283258450772,0.903938756737426,
19.794633734533356,0.40702976980167815,
18.33230944421662,0.500353115994723,
19.617649025686543,0.4179067257923097,
19.445880326115713,0.42858670015611056,
21.62836806104636,0.30314018275134846,
25.82780413160387,0.13505903133070962,
6.884553922216493,0.9948039152315924,
27.52535368173683,0.09299864809098124,
22.941259668655917,0.23993896418688065,
25.053058669936444,0.15880312941846797,
27.43773714951212,0.09486287860183129,
20.368191475484544,0.37273589186929734,
20.361495567300608,0.37312739126241223,
14.771524392763673,0.7370039561172077,
7.487397798243899,0.991126871408527,
16.11568924124626,0.6495456354910056,
11.941975027664395,0.8880905423609341,
13.909825325929477,0.7889223960189451,
18.95799689893443,0.45953366964940445,
23.383621932390685,0.22086709389111203,
9.45340200164916,0.9651671943576181,
17.118271535080034,0.5818553721127635,
13.56854593700048,0.8082371444659053,
15.883989059325303,0.6650038354883892,
17.0535225168805,0.5862416767330516,
16.947303622229548,0.5934379980607092,
13.702967925539648,0.8007231820086341,
17.30354932294062,0.5693112995357645,
27.149314792571584,0.1012229270898396,
14.036462684639448,0.7815615940781093,
32.906483497457415,0.024644009942387024,
17.6421334632326,0.5464488889439385,
18.510539255917333,0.488613479974938,
16.111071453388362,0.6498547693084182,
19.58961423781579,0.41964166823832894,
23.565275136354597,0.21335957554956952,
10.444810933898342,0.9411068280015484,
16.267213737852106,0.6393814679416318,
18.691904507842317,0.4767546698525763,
23.684433215077583,0.20853685133473843,
18.151099182080475,0.5123671975665021,
12.723431323756023,0.8524234288308052,
11.805798120689126,0.893757615490183,
14.329056029723738,0.764182165934091,
20.154351937417943,0.3853444660679084,
22.874064441623478,0.24293427167682946,
23.17932990376399,0.22953544360466882,
18.16459509204918,0.5114699242644047,
16.63447488204901,0.6146160747699089,
24.189829071359853,0.18897125754691302,
16.874173444954792,0.5983920146884416,
19.00630132985743,0.45643194988981883,
11.320091325283633,0.912601094390949,
15.025263305305394,0.7209902995708923,
17.280530314368328,0.5708689233339934,
13.206129214044239,0.8278534958269939,
24.694052183366274,0.17086122303000062,
14.449335826265651,0.7568956082335274,
10.138163010804679,0.9494548261534135,
29.440370376464433,0.059366601334590485,
22.902556687972158,0.24166102657052357,
10.748135098660137,0.9320200170627481,
16.948934227441192,0.5933275275469316,
19.789968111940816,0.4073147971458999,
18.2574777446642,0.5053053776360948,
30.76096142045487,0.04287788139122817,
11.394194307410292,0.9098654961112788,
19.003298876197718,0.4566245145300407,
13.788987168807465,0.7958503070442651,
23.641804101428583,0.21025293875850237,
14.547501497916794,0.7508909301750617,
15.13939272123449,0.7136976203927017,
19.528779462413507,0.42341748374213517,
11.802501002426832,0.893892758327396,
15.520315559818739,0.6890037285600201,
20.26137664984642,0.3790068683966086,
18.116714386036488,0.5146549912422484,
16.81648422920854,0.6022991089088072,
14.52073474667099,0.7525332489230443,
26.328053720845535,0.12130467258909483,
21.96407723080098,0.2860477322809434,
32.08147524368167,0.030600734947301755,
25.82276168087304,0.13520382115012075,
20.313291728978236,0.37595216825311795,
23.458124095483004,0.2177652533239468,
15.974088159808655,0.6590061697719699,
11.828069321742444,0.8928421925186522,
17.70664451440284,0.5421066191040738,
20.671410976876782,0.3552377727549658,
21.88413636408919,0.29006052964971385,
29.3344172147206,0.060903696017668874,
16.671011291427636,0.6121451524218096,
22.67594231060543,0.25191688048642114,
21.506540809934844,0.30949820320987587,
19.17069720382635,0.4459358432192808,
21.507833215612525,0.3094303242352183,
12.546273391015674,0.86096764995118,
21.208696413273984,0.3253847438799361,
9.915025868398684,0.9550108445143665,
17.444151134276964,0.5598049034650159,
21.906110795364494,0.2889538883643217,
26.491018900177593,0.11707881453698088,
11.8410279057327,0.8923074934826765,
12.996176137440955,0.8387667457715511,
14.051648985354053,0.7806721624314228,
16.908071769535603,0.5960957795681012,
25.46254726751667,0.14587354332010705,
23.583951263381753,0.21259836365461315,
18.833951517059493,0.467533982887674,
20.99286021279313,0.3371955471466257,
23.89435710024028,0.20023594458320493,
20.227963516055727,0.38097968034094065,
19.537610744187536,0.4228684244073486,
24.85196451986486,0.16547292128229285,
10.964151496935294,0.9250383967276007,
27.099220727640045,0.10236310509408053,
14.460498785325697,0.7562153581815568,
16.495381043046386,0.6240129169600517,
16.428535104391955,0.6285221060784942,
20.413474995741836,0.3700939344773082,
12.670704669113082,0.8549936887914922,
16.757598842619753,0.6062859445231168,
9.825929704484041,0.9571097588882516,
17.534807073927674,0.5536841413168903,
27.68319161139952,0.08971820887814363,
21.716044696108167,0.2986153578576609,
13.642094733042681,0.8041413191902506,
21.915970732775357,0.2884582217153817,
22.90944681565561,0.24135382517109116,
16.822328646075047,0.6019033359121195,
24.79461958283678,0.1674142232713518,
25.192521381239548,0.15430225448454704,
9.471811515429707,0.964795695456725,
14.57266640652414,0.7493435111506455,
21.749291622296163,0.2969107464103766,
16.5819482150083,0.618166639347639,
20.324185570353443,0.3753128054807384,
22.807220439251157,0.24593967443924036,
10.903083688709136,0.927055382597429,
10.927740201104864,0.9262451246908832,
32.3021367435898,0.028891333825492693,
26.399756304538826,0.11943022983428175,
21.721970665119656,0.29831107419295344,
19.244817808420073,0.44123496361008563,
20.41242731561766,0.3701549462986915,
18.121194134801307,0.5143567921234312,
17.451270154227313,0.5593239790521032,
12.977738293291239,0.8397087287851066,
22.12002925284387,0.2783233730915333,
10.888357156695832,0.9275366677982548,
12.727879098208902,0.8522055649864654,
11.788159150033945,0.8944794632025349,
17.25420763961081,0.572650451150208,
18.51123399281675,0.48856787987184913,
19.909792491012738,0.4000246162680301,
24.528999523139486,0.17663662332035135,
18.501015211701763,0.48923873507254123,
14.857387944452979,0.7316173313002963,
13.59062214254111,0.8070117047120878,
14.112203667446517,0.7771115577076745,
17.331179743815877,0.5674420533121098,
16.04400388568118,0.6543400031914994,
17.242830600960986,0.5734205620876323,
26.238338893113337,0.12368375767951822,
28.880359484683346,0.0678904507774889,
21.126600010621555,0.32984793832121007,
15.869673343553723,0.665955091533033,
14.959718208150544,0.7251540900680706,
19.284294534096723,0.4387395131004157,
30.44425177227264,0.04640980645543047,
20.24537493053295,0.3799509988932164,
13.91797295735113,0.7884518698315413,
14.577938118543223,0.7490189351740223,
32.652304708683005,0.026355808543103043,
26.554979999094122,0.11545358126885796,
16.611481372287013,0.6161706017408235,
27.675476514391406,0.08987625190980375,
12.098557558053905,0.8813694420394101,
16.495770759779358,0.6239866139229011,
26.020939823672304,0.12960659920501238,
13.469388700855744,0.8136989291776632,
29.63473065878238,0.05663498847770332,
25.694491932679703,0.1389291047562855,
22.525515937034417,0.2588876440332566,
15.226098275409448,0.7081228011890452,
29.21769550752772,0.06263711712867881,
18.51158393544942,0.4885449113496255,
13.848230462953902,0.7924656613115741,
24.227502143381876,0.18756992707169173,
27.404161518019375,0.09558555584071149,
12.581407446523803,0.8592939907437576,
31.506865724524886,0.03548934358346978,
27.41212446034673,0.09541374533944402,
17.90239990269779,0.5289664061807224,
30.318018786131308,0.04788803133786579,
13.368885436045845,0.8191628859054524,
13.661493833134323,0.803054776729198,
21.008397427857947,0.33633708508527693,
20.991751031371848,0.33725688019820743,
21.451697362555905,0.31238711902638105,
21.638253650453862,0.30262786871709735,
17.66798231275876,0.5447083507289706,
24.52796947760001,0.1766731295362236,
27.645724436807647,0.09048792631799674,
20.292966657725813,0.3771465711242392,
25.022080161777797,0.15981670711669593,
24.076346418659828,0.1932400925506651,
21.21393453218618,0.3251011979722831,
19.538204024069753,0.4228315502270651,
24.559191753145818,0.17556913155962006,
14.794130776286732,0.7355890701196393,
10.368744666666153,0.9432555574819267,
20.152698411850412,0.38544280245648976,
14.508446691961447,0.7532859499482714,
17.375243779488827,0.5644620816705186,
10.979770939375355,0.9245170187005158,
19.554278154252316,0.4218330348712489,
14.313598168946148,0.7651127859054212,
19.063287969614574,0.45278289494027857,
17.00777907769532,0.5893407831267554,
17.931151236408343,0.5270415866231554,
10.742870515220718,0.9321848473735956,
19.130710388488353,0.44848013003725096,
17.919294092382945,0.5278352168062368,
14.344688091391193,0.7632396940027049,
22.849412313269838,0.24403967732396503,
19.703537973409098,0.41261174162348657,
12.441988882142383,0.8658739367080643,
13.052392011938776,0.8358781954633511,
18.738125811704773,0.4737475826249741,
27.28244363150314,0.09824428135008756,
28.884115131822995,0.06782992355332451,
24.277748825362185,0.18571311247213462,
12.0698513680291,0.8826179152759832,
15.193356439891,0.7102313624964627,
28.277169379864375,0.07823775686243462,
24.536475792982714,0.1763718270604081,
22.508921164490427,0.2596646006484964,
24.037874067027936,0.19470356731298488,
14.77645740990489,0.7366954137418851,
25.51670279421858,0.1442279097050494,
16.48428208493112,0.6247619493896701,
20.981025309801623,0.3378503009239845,
14.50645686516951,0.7534077616015096,
11.320521166321146,0.9125853715456156,
26.058213606643374,0.12857509254301847,
16.302911121770794,0.6369815772435811,
19.657581678026148,0.4154410835292124,
15.117623473167665,0.7150926976420248,
15.346734543328273,0.7003197157438998,
20.794312416033645,0.3482767070354653,
10.018782423062316,0.9524809534562985,
31.91590266251056,0.03194291301677721,
8.885995556798921,0.9753252850526981,
25.029733857645205,0.15956581898418054,
17.295633759811494,0.5698468864645723,
7.503039934270007,0.99101045885302,
14.437009393753565,0.7576459798209619,
26.969953346214773,0.10535488535907567,
19.79232905938941,0.40717055288523796,
19.496928746913056,0.4254003126617767,
13.609678681338718,0.805951151965928,
18.72618299303673,0.4745239528486851,
15.714906127774073,0.676206843816707,
9.806622432353226,0.9575557164095789,
19.4133942027908,0.4306197935838676,
24.891043295801243,0.16416001947036607,
13.83262660933257,0.793359365853602,
12.705859368974572,0.8532825569945198,
9.013821412046513,0.9732491323636494,
27.79318587011032,0.08749043797439204,
18.202592958949015,0.5089457402308233,
10.714800851981364,0.9330594270640821,
21.48995813077484,0.31036996429332075,
18.125512015500497,0.5140694070288965,
14.393475913193877,0.760289488682421,
15.629057666871368,0.68186605471783,
14.168155645501344,0.7738019117481513,
24.579252928524568,0.17486257549246575,
20.739900452163447,0.3513490653546403,
10.985139448424817,0.9243373008862558,
22.27819316091473,0.270630570925939,
18.476738094120115,0.490833621723719,
17.305098657187706,0.5692064720017248,
9.618999685522319,0.9617267303815615,
32.27240466017846,0.02911649978983888,
16.379315915732946,0.6318389432852807,
8.025608390913101,0.9864113467513275,
17.899998424812047,0.5291272419638309,
19.83258883897838,0.4047145528127708,
25.11521206298062,0.1567847183445653,
25.65685949353691,0.14003751023440303,
22.67102713068923,0.2521425963722874,
7.899026245715519,0.9876583550789544,
23.93355344760653,0.1987135213444028,
17.757393756653272,0.5386945646335455,
16.17847651431924,0.6453385966567898,
18.945010061100913,0.46036890697004706,
10.38064514921164,0.9429228055120583,
16.610404935040382,0.6162433666115139,
13.462507681205887,0.8140753514386831,
19.79403248647895,0.4070664953539709,
25.52522612225616,0.14397026012031644,
15.852725818365588,0.6670805997896374,
13.7789410727403,0.7964219563364566,
18.240224107154816,0.5064490375473816,
18.271842044126174,0.5043537557794066,
20.547791695478985,0.36231655083628944,
17.878224141279144,0.5305859858230102,
20.108070494244785,0.38810164897662003,
7.727712664445768,0.9892070927165663,
15.495784441691585,0.690608912811695,
12.278418100058362,0.8733820631796735,
22.517665886820517,0.2592549814784961,
27.065485542486357,0.10313696388861293,
17.66725217204707,0.5447575033987961,
23.89880656340204,0.20006268909240987,
25.598165145265835,0.1417803622945365,
13.679205609818327,0.8020604889964779,
23.161095769573826,0.2303207598913507,
16.73127830602557,0.6080674525425047,
20.103216084945153,0.3883914208494541,
17.54284106425159,0.5531421029035707,
18.52193371998133,0.4878657507887627,
17.28954608681085,0.5702588184443689,
15.43980736293436,0.694264548180558,
24.64698811242995,0.17249304267685472,
28.80469309688174,0.06911991634151671,
23.18663138676235,0.22922151444837413,
22.399030757884365,0.2648494373653594,
17.403418463877482,0.5625574110680879,
9.732410610259985,0.9592406293164344,
9.471589336981873,0.9648001952023026,
26.52119835685384,0.1163096376876257,
19.57503540422348,0.4205451576546744,
22.778453047728817,0.24724100352443457,
12.071669773942512,0.8825390465325196,
16.547813763711677,0.6204727324284429,
10.818633495763962,0.9297884073840995,
19.337897684592857,0.43536042915111905,
25.857529199522258,0.13420803308704066,
19.148970875743267,0.44731754054951656,
14.677675216732228,0.7428517322097336,
18.101545867513703,0.515665004254424,
10.72687245314113,0.9326841857743384,
8.53374914388802,0.9804477721508158,
20.25877790240703,0.37916011665901417,
14.461440827817798,0.7561579212935936,
17.699877729674803,0.5425618407541252,
16.716168665063254,0.6090899823107284,
16.01056625406712,0.6565728855271055,
22.554156698309534,0.2575504182336771,
24.09086339475401,0.1926900167131489,
16.397094019669996,0.6306412362562558,
22.707628731127897,0.25046510224204344,
18.770664590953455,0.47163451333016526,
12.316512689093498,0.8716540907355549,
18.947904478412738,0.4601827066656895,
18.048062815021293,0.519229915089692,
13.450689895874383,0.8147210426067042,
19.84095948094986,0.404204794962027,
26.65147015729947,0.11303693519140845,
9.82593030207344,0.9571097450364106,
13.816570696391679,0.7942772967022376,
21.683152069462924,0.3003078706830584,
26.095408475620136,0.12755240956449898,
14.232202610666187,0.7699906746876575,
14.521291795577511,0.7524991083161124,
10.912789199087934,0.9267371063597794,
25.259249927573197,0.152184488870568,
20.7644281500403,0.34996223813858984,
13.123223727664612,0.8322035563156979,
24.311650966112744,0.1844681669185475,
32.926401816022945,0.024514247213166307,
12.8608285680081,0.8456187103079632,
18.918838652412667,0.4620537878498042,
13.128243129673189,0.8319416851770416,
15.160969829221328,0.7123130135323088,
13.894350713952095,0.7898148830245758,
14.682173754263525,0.7425724001658405,
32.22673858272159,0.02946543566783888,
15.106534402324309,0.7158026131955737,
22.42068441003654,0.2638223042017338,
17.304527587627422,0.5692451102467302,
10.59107850468601,0.9368289643468173,
21.61614365478583,0.3037744541247184,
26.251795946779264,0.1233244938503042,
24.181200463714706,0.18929332387299913,
25.44126117919417,0.14652443635038448,
20.49421880029317,0.3654079507222694,
19.97295178099467,0.3962074417811432,
24.249231003056373,0.18676524729971988,
29.334031732106933,0.060909351180550075,
23.75237245637181,0.20582313994515333,
18.517034095800856,0.4881872318864604,
18.821539372723986,0.4683372158492398,
19.600020472968115,0.41899729798670693,
22.87463604946696,0.2429086821243558,
17.892155919485546,0.5296525508217187,
13.069557072230076,0.8349912741380554,
21.916262755080066,0.28844354988071474,
14.477637610734304,0.755169652490691,
21.528604195194784,0.3083406646699214,
20.604927389485706,0.3590352829133272,
23.71382920930419,0.20735947601077376,
17.145390615761887,0.5800184999759357,
32.826474325633654,0.02517158524925145,
25.197215133084207,0.15415253482817015,
33.56708977529193,0.020658901139012587,
26.3150120670485,0.12164817637753422,
13.238387197074704,0.8261467858920482,
38.81113618987906,0.004672187491192137,
22.287955395176375,0.27016042619044867,
17.842534084923155,0.5329786808542855,
15.44350272195638,0.694023533456358,
22.556839340954745,0.25742540779601286,
13.835495711146567,0.7931951586673976,
14.612520282112872,0.7468862215329245,
12.402440309209721,0.8677103666538323,
24.278698349285108,0.18567815802879262,
10.60823484907524,0.9363145406526164,
24.316797979158277,0.18427971344877614,
13.869291934214681,0.7912568563517851,
17.947192576413897,0.525968286428847,
14.510274457097092,0.7531740409173598,
17.928864229762194,0.527194643133603,
25.892080988847223,0.13322428104380557,
28.90692152326705,0.06746337121490376,
9.983747346636244,0.9533455744327629,
16.821830607040315,0.601937062667373,
16.56386726832052,0.619388300855983,
20.120495825003676,0.3873604452044749,
12.82134369322741,0.8475899553647276,
11.466166113311997,0.9071603983250738,
19.08530328907102,0.45137617218358184,
19.282935428361448,0.43882533010169866,
22.04601782321105,0.281972007381335,
19.84926877492513,0.4036990751463012,
14.251602074929933,0.7688315509912866,
16.316959885191245,0.6360365885717509,
19.669581796180452,0.4147014317078599,
19.35787438991776,0.4341039056385583,
26.033650552589904,0.1292540952226583,
14.363433551790344,0.7621077136564341,
22.070687779885247,0.2807523689646898,
21.76658058193384,0.29602676018339336,
21.08039570922379,0.3323756673749094,
17.90061915195837,0.5290856686583534,
12.795485559187973,0.8488740520755569,
13.593925779264284,0.8068280286563407,
17.263242161659942,0.5720389508307944,
13.58994010618181,0.8070496151901492,
19.849370635910972,0.40369287755785166,
12.923520292818958,0.8424631042011674,
15.042114633046843,0.7199168808131089,
19.456922320322647,0.4278965970445494,
21.753706305987507,0.2966848643369182,
19.421978319776183,0.4300821688720995,
24.36545096756941,0.18250552676496212,
28.81538594506673,0.06894501317523627,
18.56208695100208,0.48523361409253307,
23.089660618585494,0.23341573571695862,
20.75046069852573,0.35075159865206407,
19.33160188557265,0.4357567464582639,
11.220305928503832,0.9162051743935582,
13.800649922924944,0.7951858265609737,
20.507592410380635,0.3646349027308209,
12.816269815018865,0.84784234885623,
19.437737663492854,0.42909590788712226,
15.507839643919205,0.6898203220121932,
22.712415103433678,0.25024630637286616,
17.260164536270068,0.5722472548016475,
20.23968107846713,0.3802872389643668,
12.005396800179199,0.8853945213564337,
28.091678236997097,0.0816800754587037,
27.156114700696378,0.10106897673363657,
27.887001831748947,0.08562756001827998,
17.91024990561808,0.5284407307328911,
10.292021109735138,0.9453705498295278,
19.356968575014935,0.4341608478904124,
27.670685215121864,0.08997451966684411,
12.217540277786629,0.8761172860652746,
14.690273630091085,0.7420691967429938,
29.590873080605284,0.057241564811185364,
13.820514197434091,0.7940520001020926,
7.855523781819179,0.9880664772781732,
18.492848827052967,0.4897750520473977,
19.198168803922695,0.44419120550157176,
16.58321257909344,0.6180812004656637,
12.223976955008403,0.8758296163443712,
23.426930484288466,0.21906012070115877,
13.156319395866737,0.8304733259442884,
28.601292072902602,0.07252073861548958,
15.895914671610726,0.6642110323162846,
16.41116743965506,0.6296928347575743,
15.05097501011156,0.7193520073673226,
22.69632143952459,0.2509825069060213,
17.921977639923142,0.5276555785933835,
8.401961335767579,0.9821492350902898,
25.713629112761602,0.1383681484785536,
19.788905574928364,0.4073797216583972,
15.4002138872993,0.6968440253266028,
26.228035914422854,0.12395939285238844,
22.91955708654425,0.24090354528772195,
17.470078338756405,0.5580536094692794,
12.50709738204398,0.862821582317032,
17.31470461093542,0.5685565680137545,
9.821079332156344,0.9572220887054456,
18.817082265603787,0.46862576862801064,
17.756683321075915,0.5387423048497737,
18.72616414225758,0.4745251786252067,
28.477418578291594,0.07466176471141295,
15.969005264524357,0.659345002366033,
16.501401431136145,0.6236065672506159,
13.504174509374904,0.8117908041119102,
26.588332887204864,0.11461347861676097,
14.739981202328016,0.7389741442693388,
15.85227570225129,0.6671104832545178,
22.129745433670465,0.2778466914166715,
9.695369281992768,0.9600643642150772,
20.853264938586253,0.3449651416905183,
11.793263141815924,0.8942708789077092,
16.123245039183196,0.6490397347479873,
17.620377072499927,0.5479144965311893,
18.676308120032175,0.47777077495973397,
14.711328455877617,0.7407596725118704,
13.960750507042704,0.7859745190521504,
9.977874841088214,0.9534894640680891,
17.323790808424214,0.5679418810313901,
13.341672282822499,0.8206296785570985,
13.083282011509398,0.8342804549477224,
23.35907731066668,0.2218959308619206,
13.455465702736554,0.8144602266771821,
20.55572043821149,0.36186023537367284,
15.373059660805811,0.6986100418985147,
23.802570250494725,0.2038348359626332,
20.23237236940788,0.38071906607560346,
26.842369414262045,0.10837863374705703,
16.106767160648673,0.6501428810106404,
20.611467058977034,0.3586607545795444,
16.12062461640973,0.6492151977696652,
11.82486263724126,0.8929742737776677,
19.243927708669055,0.44129129626691455,
29.965000332953842,0.05224558113497635,
14.443311199729093,0.7572624596614628,
14.565209042461031,0.7498024129492071,
14.122373207488415,0.7765114088211761,
23.98542290779874,0.19671210989024235,
16.136599899353506,0.6481453023955512,
22.64367932697242,0.25340100222718,
15.160049855523088,0.7123720855660929,
9.644503194837986,0.9611769501223199,
24.77562931346271,0.16806097295899303,
14.90510413404823,0.7286093237028168,
25.146291669731088,0.15578298773736665,
18.02132029997547,0.5210145301754858,
14.863983029134669,0.7312021902293194,
25.379612086640613,0.14842256911189833,
11.639988302309701,0.9004319608277795,
12.002577181254996,0.8855151434008898,
15.198495997389335,0.7099006464264146,
14.664845614361944,0.7436478265505939,
7.938227740396442,0.9872817154034539,
10.703305288696043,0.9334155296270132,
28.86814498738363,0.0680876271430978,
9.556673226940752,0.9630478176544215,
16.67240190300791,0.6120510884552202,
12.584947106963346,0.8591247990309275,
25.48299722249955,0.1452503825575091,
13.595638464828177,0.8067327765944687,
12.027025999364485,0.8844668813826763,
7.835895346278567,0.9882472733047403,
25.732427591223054,0.13781888841327672,
14.654982788137678,0.7442592760356587,
40.961848386711154,0.0024418233719262217,
19.39194082398118,0.4319646753971904,
13.100698962279294,0.8333763211792808,
13.105701271312252,0.8331162115266034,
17.128103174116035,0.5811894181669619,
16.26820017594387,0.639315176405112,
15.412568527109494,0.6960396948487708,
27.800638672058298,0.08734120335938167,
25.019214753859835,0.1599107144118752,
16.479782017530297,0.625065607351931,
25.258799500903123,0.15219870690372594,
20.18321721071978,0.38362988016337907,
18.296847649863995,0.5026982944533607,
21.412531506552348,0.3144603018102481,
27.740467653368338,0.08855224940516215,
18.473247809423338,0.4910630439728543,
6.824318897753751,0.9950928588763285,
28.39637656426513,0.07609171450370544,
11.779136920194437,0.894847598301945,
8.176152655810794,0.9848089246415422,
24.401045215599588,0.18121577761690455,
25.886912647774896,0.13337106246630248,
14.90913539541414,0.728354728712385,
12.760344803700892,0.8506103872446457,
17.46120266672505,0.5586530636480991,
21.61411904620952,0.3038795822565683,
18.583507587489084,0.48383125336159805,
18.720047864805874,0.47492294723624107,
9.914354215809725,0.9550269202867784,
23.468286081709557,0.2173446208858768,
19.51669896858316,0.4241690618538623,
18.44734506529097,0.4927666681451205,
15.662620427170737,0.6796560227559993,
14.590131122213524,0.7482676754416264,
18.74323586531001,0.47341552309738355,
16.006535834049025,0.6568418728791645,
11.103043195949937,0.9203236337177783,
14.54913629315131,0.7507905039830762,
18.14420832510702,0.5128254833979193,
10.680824608150298,0.9341084490028081,
15.25819080980878,0.7060521476200547,
17.58937243452709,0.550004072859176,
15.611630973005214,0.6830122861481687,
16.19804676957572,0.6440259017938701,
16.95593176384291,0.5928534543112202,
17.215587463703717,0.5752648934843987,
27.06770529546831,0.10308589504327326,
29.304270112555457,0.06134735028872096,
16.775231018548325,0.6050923170116762,
29.51519503840031,0.05830163206131511,
23.257720498421794,0.22618098904239647,
15.955792632118204,0.6602255133281327,
18.286040636990673,0.5034135792388554,
16.529377563751538,0.6217178237155194,
7.922614451052723,0.9874327395342607,
14.183633935169508,0.7728830556145913,
15.931291116270074,0.6618573225019372,
20.276377454279498,0.37812289712187286,
15.653459641641533,0.6802595576795688,
16.3174886538331,0.6360010155380644,
22.09944218441924,0.27933515892421457,
29.542956142987993,0.057910786018390836,
12.986617275108209,0.839255439685899,
19.53765193302289,0.42286586434789664,
31.529134487915414,0.03528750679670245,
16.490584731178803,0.6243366201526521,
19.92338791455595,0.39920144631413,
15.345872865260267,0.7003756363375947,
14.439119209833114,0.7575176028672402,
13.776752694482658,0.7965463918946161,
20.168973187114705,0.38447548366180984,
13.432655184358893,0.8157044695528985,
16.304514526878027,0.6368737385946615,
17.60628685804855,0.5488639769858468,
26.280347905798667,0.12256505680721819,
15.34236781887116,0.7006030776594672,
11.396700645477226,0.9097720914667571,
20.112936890304407,0.38781127068000565,
28.91549609015067,0.06732600239177355,
18.222208693489385,0.5076439079008032,
11.086378430962826,0.9208986779960641,
14.6089086539386,0.7471092375648325,
12.912226062035089,0.843033927588011,
13.213180484819336,0.8274810982909031,
19.470649786852363,0.42703932794747956,
9.088145664349074,0.9719865507048588,
14.121939598831093,0.7765370106700269,
19.70216691720653,0.41269602358628665,
23.61230376152195,0.21144654456719125,
8.596328918626465,0.979599822908582,
16.737455525390914,0.6076493792951305,
26.766664511782935,0.11020660456151632,
19.98940272673489,0.3952161204835434,
12.004466620462384,0.8854343218542396,
28.152089479648147,0.08054503934840929,
20.400087426488792,0.370873963586124,
21.563496677701334,0.3065155357020487,
20.36304496010579,0.37303678140547514,
14.182568856042497,0.7729463285293922,
15.90764556795497,0.6634308532363318,
14.884653701687135,0.7298997604621393,
29.45249756711289,0.05919284987368201,
33.836332977328446,0.019211378107865995,
10.398529542347505,0.9424203568565381,
22.502827473968278,0.25995029981778406,
20.045729587984937,0.39183116272246066,
13.973726423554094,0.7852207603368229,
9.302174851965875,0.968116725110054,
21.24717546057306,0.3233052654424391,
17.833894197556457,0.5335582133229264,
17.796933346814537,0.5360387215235496,
12.444164507399687,0.8657725239791938,
14.380974007379432,0.7610467342781899,
22.54854361877021,0.2578121198647767,
27.479013027600132,0.0939807643828976,
15.410315447083676,0.6961864165627472,
13.398178439360485,0.8175779206760367,
30.189246768714213,0.04943881521405491,
17.14290821707517,0.5801866335096446,
11.17391461223471,0.9178496132361168,
15.549576085980672,0.6870866237739598,
19.635619753629282,0.41679630477159035,
15.64652569178803,0.6807162252322921,
16.510332213374596,0.623003710794134,
9.155650263783643,0.9708038586847956,
24.53286886920688,0.17649953997922974,
30.810513649090282,0.042347485226869375,
23.44932113333036,0.21813010797865084,
17.44176151250231,0.5599663438398303,
18.954555212797285,0.4597549643237273,
18.313664583748086,0.5015857759207145,
12.529297123300383,0.8617726125317975,
10.601068310340452,0.9365297494941929,
18.83735307146979,0.46731394109195556,
14.996812203828632,0.7227999150409311,
9.039658451539538,0.9728148950687167,
16.651877246010965,0.6134392870707237,
21.859979831824248,0.29128019738472477,
23.357645620226034,0.22195604928838153,
17.102753651127816,0.5829065337044598,
24.26607637545345,0.1861432122526867,
20.07780663910102,0.38990994382612687,
28.36414172455009,0.07666698509598846,
23.701828071226483,0.20783955757883799,
15.764622332039803,0.6729203179324877,
22.160698422849126,0.27633169697093174,
20.450934997378923,0.3679159635995626,
21.6061894100713,0.30429154864891117,
9.48638562658574,0.9644996597535901,
23.2917844760682,0.2247343097351573,
25.577797701245302,0.14238917729514267,
11.472436186042316,0.9069224889038657,
9.733892289493154,0.9592074411054794,
26.004525311030527,0.13006296996083067,
17.964083140445787,0.5248386571013823,
19.68335746044289,0.4138530828797933,
17.172486885417882,0.5781833838204251,
21.238487915816613,0.32377405967507633,
6.863488496310557,0.9949064315099588,
16.004118964218396,0.6570031569182864,
7.767168168954802,0.9888641469340029,
16.121841891008625,0.6491336908461577,
19.318046328075322,0.4366105722999275,
10.95224394286566,0.9254343690565603,
16.705530873210858,0.6098098059268546,
25.78164387560247,0.13638914762488896,
19.372985692587907,0.433154427651846,
19.598241402705533,0.41910742930875267,
22.866959780352968,0.24325248757383533,
13.261011534946759,0.8249450938085132,
24.21308935197525,0.1881051134229138,
15.716162144101567,0.676123895001081,
13.86291618307575,0.7916230914834281,
25.607245694141355,0.1415096006619906,
21.605765632363372,0.3043135748733181,
17.310981254632665,0.5688084701557792,
17.74429005990858,0.5395752293013456,
19.900179285671932,0.4006071665192751,
23.42717367509215,0.21905000422108967,
15.508086836630053,0.6898041471066267,
24.836385771687546,0.16599857471904533,
15.980056795436056,0.6586082219576959,
25.36886075782757,0.14875558053424887,
15.054589383346753,0.7191214879478348,
24.956431855703023,0.16198132764629258,
16.5881315780105,0.6177487882651831,
15.627701150222823,0.6819553104749866,
17.725334878106167,0.5408495840121474,
21.561275364290257,0.3066315261396477,
14.084370682386407,0.7787509059163693,
38.402307222963145,0.005272883869429812,
15.26629884894185,0.7055284024672454,
13.47260219019207,0.8135230207032486,
13.255515830101473,0.8252373519299386,
14.259329729951235,0.7683692160954505,
25.946985392972007,0.1316730159485685,
10.658289090852172,0.9347984490280653,
19.888601425266806,0.40130931463021624,
19.078469550948565,0.4518126502967129,
15.071549993354852,0.7180390476894116,
14.33596411574113,0.7637658395805046,
32.50390011363499,0.02740460953329482,
11.78270898876711,0.8947019346839779,
17.420584457096904,0.5613972543546855,
18.95728866014239,0.4595792050097215,
14.771624948159682,0.7369976678862198,
12.377808308819773,0.8688473741459005,
14.142373117861858,0.7753293139469449,
21.3058410539854,0.3201502395315794,
16.76341721265365,0.6058920805115735,
18.884514585233415,0.46426691413585086,
23.279620954309312,0.22525012566161084,
16.857096991455194,0.5995486498255993,
23.153785909478923,0.23063611981936505,
17.351712070363973,0.5660533228830313,
23.554882923734098,0.21378400570033007,
16.943655854134732,0.5936851266348591,
18.471088133713234,0.4912050190648827,
19.334994611775507,0.43554315737274885,
14.52263357091991,0.7524168664597336,
15.464318329142287,0.6926650849660584,
24.87109186992021,0.1648292988971225,
16.976949356569975,0.5914295188401824,
21.667937855998634,0.30109276637881943,
17.741893695624935,0.5397363088817548,
17.59357071645486,0.5497210623477851,
13.752103517235104,0.7979457890895502,
15.31253016254468,0.7025374805315119,
23.543213534349096,0.21426132927420483,
13.824916366616074,0.793800378540321,
9.606179694541504,0.9620010684253694,
20.512745953142243,0.3643372431737407,
15.085463092768894,0.7171502242229607,
17.629134112837733,0.5473245146421433,
21.882365527051004,0.29014982805755585,
32.207571576400724,0.029613016990972074,
8.346483909113065,0.982832069344823,
7.817663376074653,0.9884133579960348,
13.079488210811322,0.8344770834974141,
33.34485714923895,0.021928337680072185,
21.096750652644488,0.33147962874848447,
21.051494301683814,0.3339625583507917,
13.064862718994439,0.8352340601096853,
25.068023938518724,0.15831528874410017,
18.939329749215425,0.46073440661765375,
20.297135260065094,0.376901442276214,
10.554507356141118,0.9379166437304816,
11.443290714867434,0.9080253239210111,
8.978487429843048,0.9738349875448798,
11.418906669912664,0.9089420170326343,
14.808243436937305,0.7347045768363772,
33.48626039191907,0.021112604219358788,
13.61542084428182,0.805631088949815,
21.743761769573755,0.29719384095373635,
16.955516269855266,0.5928816035708446,
16.71212580189935,0.6093635570638448,
16.553461753859448,0.6200912312699869,
19.9993496330468,0.39461731851900084,
15.261424934614169,0.7058432657773918,
24.480032208114675,0.1783784815271262,
25.623257057515946,0.14103318333242787,
24.161946603369728,0.1900134710328475,
17.356951580527586,0.5656989874656966,
18.942553715621088,0.4605269474488485,
18.157575507221733,0.5119365720007282,
18.763622417225513,0.47209155922073454,
19.37418762432686,0.43307894516419176,
23.15282443798,0.23067762215931475,
29.937656368476006,0.052597265013836436,
12.94456841360422,0.8413965939066418,
20.607804409567763,0.3588704889151151,
17.28371582500647,0.5706533519815142,
15.934152102577155,0.6616668483704116,
13.627586573463356,0.8049522275664808,
17.543900426122377,0.5530706347315062,
29.826239961048202,0.05405189524281462,
11.688173783835666,0.8985180385769697,
10.638196734302037,0.9354097555407956,
16.681928957346845,0.6114066236808939,
8.454251603482398,0.9814876361122574,
21.385932475723013,0.3158730610421915,
13.394047685269205,0.8178018042430405,
20.717550492418255,0.35261543424473696,
9.988923695474847,0.9532184957535773,
20.585031788721377,0.3601760254149975,
13.133890856934734,0.831646801376039,
25.74890423593975,0.13733890699529427,
21.16010476444435,0.32802208724186155,
24.27282859465188,0.18589431863976325,
16.90087248531318,0.5965834714935363,
15.298605241698706,0.7034391619575401,
20.5551484743778,0.3618931426048624,
16.41080542901552,0.6297172335191787,
33.5378143470096,0.020822183766179503,
21.997676811827493,0.2843718957803374,
20.21472128835376,0.38176300029493615,
15.847897745081259,0.6674011128915806,
31.546044969175686,0.03513492599778867,
15.595859448613115,0.6840488846315955,
22.33139441289367,0.26807502249296045,
22.080745719071285,0.28025611274391937,
11.010539030012284,0.9234834327174761,
20.325016218459496,0.37526407784564064,
20.414068786806354,0.3700593573313814,
18.646052132037866,0.47974397729803986,
21.035611131259664,0.33483653897894494,
14.297223885854896,0.7660971064172981,
20.346404540275145,0.3740105335305768,
20.27609016240367,0.3781398166842245,
32.06922963305916,0.030698226175782106,
16.240214762439553,0.6411952995823542,
20.620316682368244,0.35815427626303475,
14.174179642628356,0.7734444704546308,
19.26333249202701,0.4400638701674251,
17.339837261411937,0.5668564567510244,
16.13087614059513,0.6485286865411908,
19.036254707677255,0.45451254383393425,
11.131780768009305,0.919326006611857,
36.764666788131336,0.008490125629181167,
11.33640007289106,0.9120033604119271,
16.061118393739477,0.6531962725518798,
14.075632032160948,0.7792646369789081,
20.617844911332593,0.3582957001679641,
14.46543761063542,0.7559141822825138,
16.246582673105397,0.6407675954423171,
15.308578271624691,0.7027934482059777,
11.45339764795824,0.9076437683269098,
14.188443020067231,0.7725972801174307,
18.08760573321207,0.5165936351971234,
18.689157352514634,0.476933595234976,
22.607293010749093,0.25508197440053304,
26.5333232351154,0.1160017846465361,
12.825922743936674,0.847361997197241,
21.203831162003716,0.32564823803889154,
22.922934463726712,0.2407532583698977,
29.07638619532518,0.0647930656417035,
16.562311035139164,0.6194934362589524,
21.92452234847765,0.288028769008954,
16.367366491369644,0.6326437474756752,
14.797431907959664,0.7353822589587002,
16.94042469718537,0.5939040294361855,
15.680358590164573,0.678486719567805,
14.53279015088223,0.751794031084553,
17.789957416678018,0.5365071216335429,
30.873010059005175,0.041686883705782996,
14.54741662651196,0.7508961434851039,
15.189944874125725,0.7104508313809769,
20.609562439567835,0.35876981042746925,
16.119684706708455,0.6492781308948252,
16.03233700379892,0.6551193455982987,
12.512160274071464,0.8625827204001455,
9.25355632506258,0.9690267489191032,
8.077919887850786,0.9858695161916304,
12.899234331278212,0.8436892834843666,
28.196887961437053,0.07971206763169902,
9.009975940850579,0.9733133391960425,
19.314455372079987,0.4368368728724159,
13.842135884363413,0.7928149152992988,
6.962795729638829,0.9944090174678201,
30.552207295682052,0.04517788433458414,
11.642307302977391,0.9003403336914596,
19.373864672423768,0.43309922631322506,
12.526131220392307,0.8619224607786297,
19.565432807130097,0.4211407300405463,
27.483520356205208,0.09388485692555293,
7.556167322418326,0.9906063825620748,
27.52563009063052,0.09299281608867971,
23.62471999571905,0.21094357261366548,
14.211046537256376,0.7712522657023071,
16.624447462737564,0.615294050357046,
16.223481101914874,0.6423189197988888,
23.843168419002648,0.20223716301175765,
24.691450898717935,0.1709511039865369,
25.155628428150806,0.15548303666268637,
17.622263688766356,0.547787383137946,
13.503240150489384,0.8118421698593751,
25.87939719430717,0.1335847345909983,
18.818244013607252,0.4685505511608047,
20.664748211695333,0.355617342111223,
13.798362511450133,0.7953162218121814,
12.77219568843602,0.85002595162668,
26.557738727358483,0.11538390203527837,
16.290971526451024,0.6377844700870143,
13.0045922052392,0.8383358807292726,
21.751793755711184,0.29678270867187373,
23.071171527656617,0.23422155901923591,
22.70113166040584,0.25076230863470705,
19.901220109935327,0.4005440739290367,
18.210113003359833,0.5084465589980693,
14.652049030586948,0.7444410624176346,
23.09421619594224,0.23321748805643805,
18.922397441205113,0.4618245457112732,
8.347496193554157,0.9828197841270635,
11.439463913377269,0.908169548763703,
18.418325641867654,0.49467733224520005,
13.908811500912527,0.7889809147153769,
34.06888843736412,0.018036781894455345,
12.773846610053099,0.8499444440357765,
20.874031133510766,0.3438029108960764,
10.186072580941055,0.9482053854053124,
15.47193542362835,0.6921676332401605,
12.713220957488755,0.8529229438184001,
25.57127127768336,0.14258470282508662,
13.601924551627132,0.8063829969978313,
19.820312286879496,0.4054627251130555,
21.912961485060293,0.28860944084352935,
18.692876163781506,0.47669139010873496,
24.752413034154664,0.16885426995155817,
11.840495412136438,0.8923294951015943,
15.458025987289526,0.6930758788649722,
11.601234805559153,0.9019559269330419,
14.331571544035425,0.7640305956102618,
13.60092368525919,0.8064387070633987,
20.910375098908407,0.34177422008143665,
15.975474516441084,0.6589137437737611,
19.81946200107258,0.40551456847612266,
19.355050404926036,0.43428144020203296,
33.07542463426434,0.02356301032816166,
27.700583743794077,0.08936279467329045,
24.45770777145505,0.17917694175190424,
25.477344840592973,0.1454224127149304,
11.253973273932706,0.9149993859434726,
16.31800043397658,0.6359665850349374,
19.84059952327781,0.4042267094918477,
23.141255723413714,0.23117740656481678,
25.605545656591527,0.14156026054992532,
13.817347759268028,0.7942329103278394,
10.534602637203662,0.9385035616460364,
18.264413699288603,0.504845817829042,
19.020726612947932,0.4555071995365365,
13.268304396340106,0.8245569143336154,
19.50302315210145,0.42502059830333727,
8.28200857433115,0.9836013517354657,
21.59766509663853,0.30473479868682496,
29.37098071588477,0.06036937605866277,
17.291667982457025,0.5701152346280149,
18.436633209107175,0.49347169496957055,
17.915584765219318,0.5280835416485345,
44.85787575737205,0.0007175022584032797,
20.89855882921833,0.3424330410541615,
16.01053191850541,0.6565751771996424,
26.058932824299063,0.128555254652723,
17.63691447857034,0.5468004108561069,
22.995759120042752,0.23752864441096855,
14.001781685377864,0.7835874391112311,
13.388124884227445,0.818122598139248,
11.554505692223923,0.9037753362945384,
12.671961696722914,0.85493268013588,
15.080954732047399,0.7174383222794491,
25.10999523938555,0.15695335633200447,
19.92982568363584,0.3988119411506936,
17.796253393153872,0.5360843739289542,
19.123329769570176,0.4489503676142782,
18.103790142535786,0.5155155371266373,
18.075792941043392,0.517380856768789,
18.363244296017147,0.49830977962492795,
20.34611160839821,0.374027687061679,
15.61759032234422,0.6826204124656226,
15.99936867953149,0.6573201204565137,
20.23877633264778,0.3803406811972032,
20.737275779590572,0.35149764970290787,
23.99698900914066,0.19626788024300423,
20.338506724830232,0.3744731590635696,
25.010052666843436,0.16021159074898672,
23.39750857324074,0.220286531846426,
33.27027566512343,0.02237011848704007,
14.747669183741285,0.7384943889062163,
22.725909054304225,0.24963017626259654,
15.802158719168526,0.6704346875940194,
15.023723821190588,0.7210883046498373,
9.815105360365315,0.9573601665596926,
21.330182557158853,0.3188466260809635,
12.009907230410768,0.8852014200144362,
20.470109141955398,0.3668038117796323,
12.50691511417009,0.8628301774754493,
17.684910409512455,0.5435689522553045,
12.060426830538873,0.8830262113695848,
13.314899080946352,0.8220674273283808,
18.78023615407699,0.4710135503445896,
18.7516793640109,0.4728670239088695,
18.27077452609333,0.504424461582883,
18.538742779958774,0.4867633437627755,
17.113616851181614,0.5821706688587316,
8.306176096823648,0.9833160319626281,
11.858826705941686,0.8915706130852157,
13.427210502985194,0.8160009044157682,
18.947787857339414,0.4601902084622521,
14.952928231997479,0.7255843759496561,
24.575209808826013,0.17500479880896358,
24.372441630549467,0.1822516731564141,
11.422476492123712,0.9088081534671881,
13.15279130717267,0.830658173450198,
15.029316235225728,0.7207322386578778,
28.831417842576325,0.06868349646996652,
20.463450450195758,0.36718982934789646,
17.94754266566482,0.5259448675605968,
12.837221538776607,0.8467987844038596,
28.835143985087534,0.06862283769328537,
9.6493071126923,0.9610727911059094,
22.861910720532183,0.24347881000259464,
18.169613153985686,0.5111363980268435,
22.009989283360113,0.2837593881138716,
10.52523476903965,0.9387785489851531,
22.33492410075821,0.2679060442419685,
29.420314859298475,0.0596549239186599,
10.544236010406069,0.9382199549770859,
15.828998500419027,0.6686552016947389,
15.168641365011123,0.7118202916767651,
28.050976537982084,0.08245247000202216,
20.552736787523855,0.36203191392228395,
12.828999570064328,0.8472087285898879,
13.17240995653205,0.8296290842315708,
22.29438915401661,0.26985087678195796,
19.60205400953254,0.4188714301336236,
19.096291155100133,0.4506747072649775,
20.64559054836279,0.3567099791533751,
12.662467032221148,0.855393170444927,
22.178470345571295,0.27546431270605787,
17.95815009347994,0.5252353973114496,
25.273158439419383,0.15174597207081875,
23.012886392386378,0.23677468949793623,
13.206492829734502,0.8278343014693591,
19.690820460984217,0.41339382012460957,
19.865589218548987,0.4027066593760783,
27.09166422679409,0.10253602314302845,
20.816301240467464,0.3470394240524366,
29.952460779825778,0.05240660026741062,
13.48599675104277,0.8127889971919173,
16.098276866697475,0.6507110854988551,
10.587813381259696,0.9369265655555404,
20.972548289903294,0.3383197354703862,
13.17696887063686,0.8293895270136328,
31.79912261986881,0.03292130276222349,
21.675290157958226,0.30071330300546073,
23.070225533297155,0.23426284174640655,
23.503837990933892,0.2158776610923886,
22.399448886937396,0.2648295781477603,
12.862039515143351,0.8455580559287436,
12.209283616138595,0.8764857647291759,
12.15143537656084,0.879050665297515,
16.57756965460547,0.6184625082124342,
17.380158030075883,0.564129824605953,
27.596028880615684,0.09151746338507005,
24.860867101089404,0.1651731133059755,
21.412317452389225,0.314471655486245,
21.48744946475615,0.31050197799553003,
23.527217092437674,0.21491690501586203,
27.274624322635454,0.09841717966827557,
23.3872486764049,0.22071536349734688,
23.691680187272556,0.2082461395272921,
17.011325854948332,0.5891004862643522,
16.31882171411514,0.6359113318514359,
15.841393413867886,0.6678328159137343,
23.456447085693174,0.21783472594945197,
19.006770667907567,0.45640185129515154,
11.4914131368407,0.906200243052481,
18.605221457364355,0.48241100100722245,
22.174783515102195,0.27564410601472944,
12.774891592207187,0.8498928407540786,
17.5659746757888,0.5515817007227336,
17.469383668902083,0.5581005242246286,
14.231692099380705,0.7700211484501169,
6.738343202354862,0.9954833927023735,
19.75939327087871,0.409184958964658,
14.236081862749733,0.7697590625156331,
14.198584719676582,0.7719941726290009,
12.045880099119383,0.8836548690270458,
15.65923594449853,0.6798790283282705,
13.95480232726003,0.7863196878132805,
8.699225051114684,0.9781481419835977,
29.805691965782216,0.0543239977508414,
27.65511885195604,0.09029440714323878,
16.029454952986974,0.6553118231575226,
12.895470979329241,0.8438788698980089,
25.372157108835157,0.14865341662553977,
20.03679993809752,0.3923668294443966,
25.933410889066767,0.13205518592372667,
11.090175795151614,0.9207678682469808,
20.47410282506032,0.3665723945254872,
23.721675054107813,0.20704605919602037,
18.79709030527238,0.4699208088631742,
20.13634550307287,0.38641600632640305,
13.395967794024841,0.8176977513576439,
18.137727898356555,0.5132565638824045,
21.796812492888684,0.2944850181513392,
18.017036205743423,0.5213005482950025,
24.537718642510857,0.17632783698662335,
12.31721054825885,0.8716223184954318,
26.35050566876614,0.12071516768055846,
19.220277010719105,0.4427891703711794,
8.104294375991293,0.9855903297917376,
21.313005660915344,0.31976620405807177,
12.804920832643822,0.848406132702904,
13.063377087269656,0.8353108593548445,
18.51052893742913,0.4886141572542002,
24.392926480540055,0.1815093463075782,
21.90056496195509,0.2892329223100252,
16.177726599078365,0.6453888851171774,
18.04567044517613,0.5193895097787449,
23.961652659672815,0.19762742645075781,
13.583906728181725,0.8073848346373506,
11.301764399688226,0.9132698844912314,
24.028838592533596,0.19504847161629435,
26.426573053909756,0.11873530741247817,
11.53608466722885,0.9044870898364152,
38.0268340310859,0.005888231375798081,
17.71357264463678,0.5416406069468007,
17.43919828736533,0.5601395181083676,
18.35952979812716,0.4985550099861049,
16.09620383505468,0.6508498006126235,
12.189492884635758,0.8773665574311229,
11.050712145801672,0.9221208309054594,
18.72733208356424,0.4744492349677625,
18.517081875170764,0.4881840966067562,
18.962217831846967,0.45926232440527637,
15.661660900166437,0.6797192498365243,
19.155605710619472,0.44689541534892796,
24.616274383378798,0.17356440402529538,
20.78945442692743,0.3485503952014022,
23.670497910421247,0.2090967011251883,
15.929479242260413,0.6619779410775932,
16.643034455612227,0.6140372842435278,
14.069384418895416,0.7796316383322239,
35.672964318905514,0.01157479307025333,
17.28344763849154,0.5706715006072524,
20.13128629211914,0.3867173444229677,
23.658019483934925,0.20959895474942025,
15.970521943581273,0.6592439043190537,
15.900379432801833,0.6639141346209787,
16.518638180627537,0.6224429596614295,
19.945693541525422,0.39785267349839004,
31.11662229153045,0.03919880222995775,
20.98068648198538,0.33786905705825476,
15.19034080170059,0.7104253633146287,
20.947958192353187,0.3396836007783355,
14.810302460611684,0.7345754527131312,
11.503424502631718,0.9057413995039549,
14.187093449266943,0.7726774908919731,
24.441073727602227,0.17977364793064898,
18.382254484501228,0.49705526204120853,
16.638151633568373,0.6143674627917859,
16.333239939183343,0.6349411651251813,
7.234332833223641,0.9928553051197347,
13.913462300526113,0.7887124130603049,
21.47063842710194,0.31138751851195257,
16.108857836354332,0.6500029440376693,
15.42549358779817,0.6951976801260777,
18.474608892321545,0.4909735739163228,
22.164968059664634,0.2761231471833049,
23.25086933017637,0.22647275706279835,
19.282581422688086,0.43884768395184715,
28.99125476841137,0.06612280903626178,
25.684997220295674,0.1392080923597545,
16.30531660958449,0.6368197923182628,
24.720908076361688,0.16993541168681126,
19.12418912309443,0.44889560614215895,
23.346290202211925,0.22243329209791352,
20.2238384155986,0.38122360456006976,
35.095125515398166,0.013602901584296556,
20.769720309833723,0.3496634163296126,
19.746289236584644,0.40998771467435113,
26.36530184745885,0.1203279564168529,
12.239595887630747,0.8751300664533253,
16.503888138654986,0.6234387146209935,
18.97049991325919,0.4587300780439818,
15.811934834507259,0.6697867353748121,
16.07925555144482,0.6519835757911396,
17.237732488566905,0.5737656731406431,
29.778511208493935,0.05468578321180573,
19.466146745958145,0.4273204570731025,
22.687302350760937,0.25139573357273537,
15.3355784059054,0.7010435178879291,
19.006714025127298,0.4564054837505076,
26.337622416173815,0.1210531471898908,
28.244322396633326,0.07883812255764688,
14.362446462322154,0.7621673696670666,
21.401154329600306,0.3150641071447453,
17.529998240069006,0.5540086162451296,
17.458330828445803,0.5588470398971221,
23.932244366137706,0.1987642281034242,
15.654814879262283,0.6801702862600276,
15.589251374365467,0.6844829884012367,
7.855031264385645,0.9880710391684775,
11.380910047241393,0.9103596043431049,
23.766484287310707,0.2052627413972513,
32.42704252103883,0.02796255409486703,
21.997224674319785,0.2843944045546526,
20.02133710014548,0.39329526251934765,
23.079291270968017,0.233867428741796,
24.895673748020762,0.16400499115455336,
19.563559190568686,0.42125697926828887,
14.818497946875864,0.7340613081907361,
35.553137132403485,0.011970684146383359,
12.39508494408828,0.8680504341286771,
20.177416321868165,0.38397413835948746,
20.160750445827205,0.384964061954189,
18.85045210438223,0.46646692437930837,
18.788686878671683,0.47046553673660096,
14.503390095360507,0.7535954599089739,
22.705148561254315,0.2505785281829309,
18.48086908804756,0.4905621259377747,
20.099567530741044,0.3886092836903048,
17.72191199350393,0.5410797572006094,
21.865705140801587,0.2909908288135038,
8.846091826490088,0.9759491425925845,
12.243077681911355,0.8749738316340931,
17.837228705696173,0.5333345326141978,
13.39685703895804,0.8176495530520815,
18.332831108554284,0.5003186393749117,
12.645399156276966,0.8562190786332124,
32.485878553374285,0.02753452090842301,
21.306989831230755,0.3200886443332285,
11.189929277756358,0.9172841735448705,
15.681881080557476,0.678386315844499,
24.307895099574633,0.18460577683639445,
15.510476510406214,0.6896477703363346,
17.547422906243423,0.5528330046359755,
19.855869586381857,0.4032975517698094,
15.887579643076768,0.6647651717252885,
12.494290130434813,0.8634248453896479,
12.449510801763292,0.8655231448219483,
13.18986717235537,0.8287109020482148,
19.744357263281042,0.41010612969672144,
20.38074478495691,0.3720025033968992,
14.650724823826167,0.7445231011351814,
32.128054633300565,0.030232455691528326,
13.94738040857958,0.786750062536079,
21.882880067879167,0.2901238793700204,
10.663666745287847,0.934634213213268,
23.12746210398517,0.2317743134145146,
27.847752126981703,0.08640279248392169,
11.909380074007997,0.8894621509122114,
32.825087366019424,0.02518082087173268,
26.36423105923438,0.12035594447230102,
10.779093761698237,0.9310456123681263,
28.569559093688824,0.0730641100196362,
12.60457226286432,0.8581848339853124,
24.54210877963515,0.17617251735970818,
19.077039386898957,0.45190401697109095,
23.21414803305392,0.22804117523697343,
30.16250534722732,0.04976637293228081,
23.969035808020802,0.19734278609781364,
21.69205606859797,0.2998491142683257,
16.240282331442337,0.6411907616074182,
12.886525289901682,0.8443290712322762,
24.409883004936965,0.18089661897822862,
11.062384911972943,0.921722133670091,
16.434796401403936,0.628099953960017,
26.90663882781746,0.10684656764414968,
18.768307684988848,0.47178746260357507,
18.198103651446747,0.5092438000335087,
28.540929156765465,0.07355735237685934,
13.565250511389545,0.8084197793982935,
27.265881965910395,0.0986107899005666,
35.828269512454284,0.011079824754931078,
24.448697383612842,0.17949997996852995,
17.777881327592404,0.53731814401425,
14.347505802263381,0.763069666152609,
8.52094179381875,0.9806181016842244,
19.664377872147142,0.41502211238073994,
15.768384219282659,0.6726713715068878,
22.714567354742652,0.25014796502360204,
29.666576406699082,0.05619808264839399,
20.850249296136322,0.34513410521037047,
33.020765977888736,0.02390792028791766,
14.461555172760868,0.7561509492915292,
27.280220450476133,0.09829341378005507,
16.94760240245127,0.5934177562691272,
24.51379756245078,0.17717598756284925,
19.005087290448746,0.4565098095545612,
12.573620620411686,0.859665822014086,
12.403854045180244,0.8676449509100566,
16.606403948070227,0.616513816756796,
15.206045329957352,0.7094146855056613,
15.073624252970607,0.7179065858548948,
18.928505048869877,0.4614312160455164,
7.98815868726498,0.9867896344719191,
22.60453511581825,0.2552096933984076,
13.998810286287778,0.7837606613798782,
32.2445207710236,0.029329113396060036,
31.416497108249843,0.036319108923879906,
14.363819451540628,0.7620843898433328,
14.260284995982826,0.768312039979902,
17.279109842727316,0.5709650519499576,
9.09474046962379,0.971872525383553,
32.44495607828151,0.027831597220232762,
35.10694569866719,0.0135582997450715,
14.809208251739767,0.7346440744606044,
22.011575516659093,0.28368054023485967,
24.271653500054704,0.18593761572331235,
21.707409000988868,0.29905912982687577,
18.867657098935304,0.4653552333725781,
25.770429256996707,0.13671388220996072,
20.01816824485476,0.3934856635973236,
18.866188756226876,0.46545007267499106,
22.658587814725763,0.25271445729142106,
18.64263042624755,0.4799672971364567,
13.451715448332122,0.814665049075128,
16.174784568462396,0.645586165069552,
11.78616308939947,0.894560972025611,
24.575700170616745,0.17498754481125478,
21.408827337892312,0.3146568104470022,
15.630999956600837,0.6817382471600063,
24.872127607181653,0.16479450257751627,
15.598547318507915,0.6838722735920875,
19.73057959344377,0.41095105487585126,
25.649164859701923,0.1402650122871798,
17.723233871688098,0.5409908650889679,
24.518417835833137,0.1770119276428458,
20.296675217543434,0.3769284903627461,
15.387784707858092,0.6976526879316987,
34.466405963140254,0.016181070164043687,
10.080183911113663,0.950940007207925,
9.856131455123842,0.9564058325831761,
20.80008467387615,0.34795166869358796,
28.366833882528688,0.07661879782288916,
26.707357303071923,0.11165638414668277,
28.132480007585425,0.08091198618882,
12.401351787428679,0.8677607225571381,
20.41472347753872,0.3700212359167714,
20.853518992712075,0.3449509094338825,
20.653956674915992,0.35623259819374464,
19.829055826048588,0.40492979879720625,
12.836001889197432,0.8468596302216104,
16.87068127390748,0.5986285553520883,
21.21820144078089,0.32487033388226294,
13.275249544542621,0.8241868724213226,
15.121803671000968,0.714824956524196,
22.769822862693736,0.2476323284167461,
12.51417668543572,0.8624875278096535,
24.050268559207527,0.19423118338632828,
12.446143498755848,0.8656802418897587,
14.245885895778002,0.7691733205414404,
27.18359987904644,0.10044870225891556,
23.423079656051016,0.21922035606212864,
18.306583910385182,0.5020541141314778,
24.093968411307873,0.19257251415848398,
13.613825836899696,0.8057200161669273,
26.61985925051533,0.11382401423776534,
15.032629781819734,0.7205212053026109,
11.128980807747796,0.9194235409675782,
17.007168603590006,0.5893821432348545,
20.118356203063573,0.38748802847133124,
22.44229835283639,0.2627997323788511,
17.841844924029132,0.5330249029569085,
29.97485273011451,0.052119373559645354,
22.07377827215909,0.2805998237761109,
18.148768136000772,0.5125222157825682,
16.51971759546808,0.6223700813709442,
16.778213147775716,0.6048904245896314,
9.106997861051285,0.97165972318956,
15.007561945387883,0.7221165852361922,
32.017697489838554,0.031111576363197724,
21.377565401906345,0.316318261149489,
22.493807259511073,0.26037359827623785,
12.8394780694349,0.8466861789885465,
9.495328237063918,0.9643171655083874,
18.670899231571646,0.47812333062897694,
19.239586127490583,0.44156610826247544,
21.14991035881518,0.32857699970507204,
19.57844972192475,0.420333485376304,
17.261747647214023,0.572140103955705,
15.442288493887144,0.6941027314877277,
8.127112739305439,0.9853455035364109,
10.950799934253864,0.925482299573,
17.50954987120717,0.5553886260187378,
31.163130208278,0.03873919601901832,
20.015341482228987,0.3936555483829116,
12.632202202468168,0.8568560131969618,
16.16782659896407,0.6460526776450375,
9.036222855685438,0.9728729221700617,
27.499438768100767,0.09354680226860235,
28.263247394774737,0.078491738393354,
14.93268431083333,0.7268660591349132,
18.06487384347467,0.518108767458351,
28.443430764766298,0.07525862804124028,
18.966978251686573,0.4589563690175279,
18.243499586850692,0.5062318700352397,
17.441925697772728,0.5599552514962274,
14.902041611638635,0.7288026896259293,
21.691228791746877,0.2998917190475243,
13.960487564643783,0.7859897821434039,
25.524280213096247,0.14399883569202432,
14.821605215012173,0.7338662922857173,
17.558663125557256,0.5520748156935216,
19.865565861193424,0.40270807886014126,
15.667049570598056,0.6793641351987341,
18.526639906883993,0.48755702269599155,
14.865194619614641,0.7311259027800872,
21.525715747642106,0.3084920523052358,
27.81577565579298,0.08703876529520338,
17.01763789640954,0.588672841402839,
6.178264540208455,0.9974698074047288,
15.085737508312207,0.7171326855659549,
34.69112924661449,0.015211677973862803,
16.334845580398564,0.6348331077096669,
19.62679555037948,0.4173413902131691,
14.480936034374224,0.7549682233786986,
15.309270510106597,0.7027486153043163,
29.147383916587792,0.06370192244451978,
21.652374723882712,0.3018969946183425,
24.471403756046296,0.17868676593249422,
12.576765050438244,0.85951573258824,
21.361572969383843,0.3171702571525725,
25.564239110932494,0.1427956194486124,
12.777590880338177,0.8497595033100193,
27.092409244940114,0.10251896381438053,
14.92142276024188,0.7275782746542527,
12.823304766792003,0.8474923483553434,
18.947216655095872,0.460226952411229,
17.615890262802694,0.5482168185075819,
15.197749521439055,0.7099486863152138,
14.861677557917698,0.731347335223077,
15.474013921271562,0.6920318596698836,
17.07399946331523,0.584854429562756,
16.685426436270326,0.6111700192985077,
18.696622535550258,0.4764474312115977,
23.61312840877634,0.21141311162153675,
9.009321678099681,0.9733242523602048,
13.525763251855018,0.810602250285967,
15.131409650055444,0.7142094316798544,
23.27095067199033,0.22561832150212002,
12.444970976846792,0.8657349216415168,
20.719240920796647,0.3525195640964611,
17.258128221804405,0.5723850820289107,
28.359556979901882,0.07674910785049016,
11.395936159833937,0.909800587942894,
15.393401599476595,0.6972873087772589,
14.138675335923905,0.7755480520006578,
20.154495952746352,0.3853359019720888,
15.751331675009398,0.6737995450750904,
8.991947187771858,0.9736129034684022,
15.987633807716344,0.6581029294430071,
12.241407519877985,0.8750487882178146,
21.846161671661957,0.2919793536167128,
8.506678036698135,0.9808065271927157,
20.29893094769297,0.3767958749374387,
13.679658695202365,0.8020350259868059,
12.337145321653272,0.8707129462981201,
25.98606472590059,0.13057777927728842,
14.41739292689905,0.7588384387071471,
17.31730980027055,0.5683803200612636,
20.943213348791797,0.33994713323599735,
19.357051037293743,0.4341556639333626,
32.77208536243558,0.02553607808661451,
18.525251093993674,0.48764812326171203,
20.2799988223349,0.3779096565418445,
15.892141664896895,0.6644618938428721,
10.811277944871478,0.9300233651452772,
22.549580025334627,0.25776378531353183,
22.914637994149228,0.241122552910089,
10.741589549479592,0.9322249152891551,
8.44271779513435,0.9816350810760955,
14.888238543649608,0.7296736893359763,
32.15427831849385,0.030026888113081296,
13.957139755186851,0.7861840751749787,
11.70662093162001,0.8977797397073399,
17.626099030610447,0.5475289847160275,
19.53387470477321,0.42310066345015007,
18.49101973475163,0.489895199634123,
28.26792518081192,0.07840632198391739,
21.046707082776816,0.33422583741191036,
14.445321643724608,0.7571400614690423,
19.04390490396133,0.4540228120446441,
20.366684909282068,0.3728239595807108,
12.241101350219912,0.8750625264206298,
20.969113575554516,0.3385100480584763,
15.92339617144426,0.6623828444423321,
13.688932485056192,0.8015135395625437,
15.196308453283518,0.7100414210693793,
22.18246797212443,0.2752694504317119,
30.03614578619069,0.05134024024161954,
20.32445722043361,0.37529686952847363,
16.681009206479573,0.6114688435030151,
25.659243261784745,0.13996709085304493,
12.642822139395223,0.8563435690737755,
6.591060268699238,0.9960955031871495,
12.6191120475547,0.8574863592924185,
17.700411410839926,0.542525936221928,
18.79888198408375,0.4698046967222157,
18.438523863111268,0.49334723554313664,
19.088486891835974,0.45117288769735187,
16.083450397597147,0.6517030074878407,
14.87844240229659,0.7302913276772668,
15.744647924181358,0.6742415257587043,
20.5312862621205,0.3632674743037272,
10.368762337085132,0.9432550643327109,
23.88748059847101,0.20050392418850527,
12.005183836883747,0.885403634302435,
18.24934376245512,0.505844455716072,
29.53913965127748,0.05796438165689699,
15.425894503288,0.6951715532168458,
20.065847916710382,0.3906256481065895,
12.433187043208383,0.8662838055653593,
15.466454931242138,0.6925255682339958,
9.27691371969897,0.9685918516309254,
17.75677842383767,0.5387359140434458,
28.627716760378018,0.07207092298100459,
15.399551892425567,0.6968871089915514,
11.549818744409425,0.9039567248452255,
15.560348916434446,0.6863801422040317,
13.744840693148953,0.79835734369244,
20.643267612712364,0.3568425911629025,
8.55903670003248,0.9801082727488292,
18.36393510703475,0.49826417615455065,
13.827099247111203,0.7936755610835216,
23.860483869434756,0.20155856665549732,
13.838119182100717,0.7930449624959692,
21.59465115234355,0.30489161503866735,
19.798029858307736,0.4068223563728339,
14.530052427602293,0.7519619703856786,
19.790638753837456,0.40727382121927813,
14.486539369120564,0.7546259048210413,
20.309856669194485,0.37615389082686534,
20.244401245209556,0.3800084872379894,
25.887320188839364,0.133359483527427,
16.51003976850697,0.6230234530336416,
18.927128135637332,0.46151987852534615,
15.215603688323263,0.7087990904213396,
37.42287382492764,0.007022080281931964,
29.376376167258247,0.060290877357948025,
24.37761819807366,0.1820638681044905,
17.640910613628815,0.5465312503376933,
22.32913590294616,0.2681831824631209,
26.259848869283346,0.12310991149447414,
36.20725190539712,0.009953613588750243,
26.51274300500252,0.11652471764903816,
25.653449667816,0.140138289826379,
20.1460411758604,0.3858388418575158,
27.263672182540095,0.0986597787466662,
17.604859598504547,0.5489601669554811,
4.57515978309183,0.9997046707592057,
26.738595044964523,0.11089081837584236,
13.482033600157804,0.8130063120512334,
14.387789201659213,0.760634041717581,
4.254498317744806,0.9998293253665897,
31.075760526356675,0.039606632529709196,
15.892259714850539,0.6644540453788026,
15.560344873022986,0.6863804074369448,
18.766878291701996,0.4718802300578837,
19.195448068263456,0.4443638692491988,
24.19996305362186,0.18859352949841268,
13.301997980816967,0.8227583333349827,
16.013291274843166,0.6563910005966274,
18.99957114922077,0.45686363752931747,
21.370054346066418,0.3167182387633416,
23.080391943070563,0.2338194537315692,
18.332022297002183,0.5003720937359949,
13.354632109783047,0.819931821448473,
16.94940168105519,0.5932958583711148,
8.271163942974942,0.983728208864147,
25.548010771182774,0.1432833070389502,
19.683977549128226,0.41381491456998354,
32.97086834845421,0.02422680532375121,
14.369860917129797,0.7617191355471142,
21.114185862893986,0.33052597129593053,
19.53218752418294,0.42320556013208266,
16.092822012787618,0.6510760749797448,
9.627598801939353,0.9615419580311981,
13.735196409200096,0.7989032989706559,
26.144170138772616,0.12622169983431675,
13.656842331273849,0.8033155425593244,
19.861902109350353,0.40293076368623715,
24.89726365389611,0.16395178708489988,
14.277913821619972,0.7672559511204793,
25.414752443372908,0.14733824898649528,
16.937330696989076,0.5941136390458112,
25.31063319320175,0.15056940268675378,
15.78623066129463,0.6714898700340326,
22.62358803493879,0.2543282380330314,
23.085962397077196,0.23357676094405821,
26.013664012079836,0.1298087276126072,
10.365533573775462,0.9433451269781812,
15.88193094610528,0.6651406233673818,
29.659212302478835,0.05629885033672344,
14.938602991754312,0.7264915204745187,
12.15155364530248,0.8790454514188909,
20.254300966248366,0.37942419692187435,
25.05115064314613,0.15886541204937998,
23.213817634357902,0.22805532209976187,
21.11202532914653,0.3306440586748969,
16.404233950646685,0.6301601097844048,
29.712821995852188,0.05556888547402017,
20.84964699569592,0.3451678571573018,
13.5368164725314,0.8099924442314862,
7.121255785338511,0.9935381656044725,
39.2796618469436,0.004063530002251903,
19.882795149204355,0.40166166309421425,
22.953876291352696,0.2393794569133273,
10.514967131186623,0.9390790396138805,
16.296501987693414,0.6374125930983483,
14.690188485476117,0.7420744880067345,
31.95107770980355,0.031653403547466374,
21.972539040684538,0.28562508410935217,
11.417314344097443,0.9090016894783148,
22.13461822792371,0.2776078311885922,
20.582743383925674,0.3603073612991481,
14.967355894925975,0.7246698460095313,
10.688800253606619,0.9338631425191448,
15.195425643464278,0.7100982272008423,
15.87696949195232,0.665470334516338,
25.411432354002756,0.14744042708110017,
22.299832773998727,0.26958915084132107,
15.61057043144218,0.683082014154959,
27.566432528411756,0.09213529258634157,
12.279292141443573,0.873342557779737,
25.582632073851705,0.14224448190926275,
19.0147190274108,0.4558922372883125,
19.15583007228676,0.4468811436365101,
16.042725447041963,0.6544254155909537,
32.21862700995101,0.029527811293690642,
13.266800947652534,0.8246369714910073,
15.036833575522046,0.7202534079888004,
16.841113283994815,0.6006311946116345,
15.561390728322198,0.6863118015249554,
19.30273429807348,0.43757586871611576,
14.531804777705121,0.7518544810207591,
17.74027696910083,0.5398449870828153,
13.329108391087988,0.8213050328244155,
17.44038175336034,0.5600595611664669,
10.964799657732941,0.9250168055649944,
11.723560242202764,0.8970990704295575,
7.861421869792777,0.9880117451868011,
28.5420963376731,0.07353718804367049,
17.875496457188234,0.5307687793486615,
13.776183019729347,0.7965787795145826,
17.786771075813416,0.5367210932501382,
18.29543632159813,0.502791690665338,
23.307855994962598,0.22405406663721783,
34.571999232572196,0.015718671424371333,
16.22194706288387,0.6424219040257919,
21.30098849720048,0.3204105030623633,
19.72402986567286,0.41135300427582155,
55.20180125288061,2.1646172191025492e-05,
17.000442460888692,0.589837845025841,
15.663430999270716,0.6796026088928743,
23.035302639533207,0.23579045607037086,
13.792034927430208,0.7956767492020745,
9.740654753053478,0.9590557351674984,
12.247488791477414,0.8747757448482097,
16.277012775301603,0.6387228788246981,
11.85683984697529,0.8916530114679208,
16.803855170654895,0.6031542815327963,
21.957791496520766,0.2863619521668094,
9.058822479171667,0.9724896019201251,
15.572125044432958,0.685607461647848,
19.973824329951658,0.39615483211778857,
21.525034837760682,0.30852774645515924,
19.650334285137614,0.4158880822459481,
23.411043176911082,0.21972174713249093,
37.69325558219599,0.0064911742491901014,
31.25527412980073,0.03784282898918523,
23.469830119095555,0.21728076046917633,
24.24822002162891,0.1868026288384167,
13.748395176298683,0.7981559697999883,
17.05703391342496,0.5860037872884467,
17.548844551119267,0.5527371027186347,
16.444074006688545,0.6274743514628839,
14.978658667851159,0.7239527677606667,
20.83871975634717,0.34578052782100066,
15.430431244889778,0.6948758650820341,
16.483142605847906,0.6248388417991775,
24.984809216763118,0.16104285372012783,
23.325676107409787,0.22330154020543358,
16.96769251399047,0.5920566706921765,
20.60297392458011,0.3591471998653324,
8.453040526021894,0.9815031586442475,
16.515476985498708,0.6226563858257672,
25.945210694345164,0.13172292916031858,
24.801959782481028,0.1671647555079564,
20.301149654976847,0.3766654598143502,
18.53212291248147,0.48719741043176334,
14.533621139661342,0.7517430482766345,
16.975840263278695,0.5915046602416105,
12.573475958976513,0.8596727249723612,
18.308396012230858,0.5019342446721269,
24.145143151746975,0.19064364784136745,
27.943472964024526,0.08452255411792098,
19.494965578459375,0.4255226602327933,
13.779892788019486,0.7963678299716068,
21.718251040433508,0.2985020447137645,
9.047997387652586,0.9726736852207122,
27.86020786084729,0.0861561327636492,
15.526361910397885,0.6886077981974916,
14.301051866308221,0.765867127957322,
10.668747470990596,0.9344788044681811,
21.267154234589857,0.32222872213005793,
24.29123681540961,0.18521705098668195,
21.83000105451467,0.2927983913625254,
22.050452800283725,0.2817524957430144,
15.079874919665114,0.7175073133396508,
12.859883900784029,0.8456660189521985,
16.349533472101403,0.6338444702178778,
24.56961599880644,0.1752017163614329,
21.03003224806857,0.3351438365963295,
16.78787188394589,0.604236493748572,
29.846923360907994,0.053779211078431866,
34.668288236201676,0.015307696730836429,
9.362416180012024,0.9669634813048902,
26.482020228710116,0.11730896794930479,
10.55364067262805,0.9379422735574064,
23.41173630930877,0.21969285159974905,
24.01078473531241,0.1957389941137253,
18.052491924897183,0.5189344790081828,
16.597898365454977,0.617088716136281,
21.502777754599983,0.3096958965424703,
26.260628951562115,0.12308914119563175,
16.12024531017066,0.649240595006846,
18.814514345997083,0.4687920437551265,
30.531808292179527,0.04540841464167267,
20.79359452604762,0.34831714370572975,
12.931360775183682,0.8420662386414159,
12.197091107222747,0.8770288018011704,
13.58568697818624,0.807285948903969,
21.695656153157035,0.299663754209184,
18.930229289283055,0.4613201971725924,
15.619226669848095,0.6825127917508613,
31.622011890860154,0.03445678414423026,
7.012975537689068,0.9941437490145869,
27.512665332823186,0.09326669390097797,
32.048819265579674,0.030861344249151434,
36.776592293407646,0.008461139027612696,
19.092045102222976,0.45094572506355246,
17.674609058333814,0.544262272980663,
12.748276035589102,0.8512043865726543,
15.625012256883336,0.6821322179170625,
21.59225778527403,0.3050161784100853,
11.629837928865472,0.900832441433214,
13.295927494248186,0.8230830043320829,
31.74077317442308,0.03342021634003289,
16.727098154720935,0.6083503527978775,
17.956475100070925,0.5253474147581396,
17.371549657369133,0.5647118563326239,
23.621609519435502,0.21106949343727432,
20.010615706961218,0.39393964216304267,
17.10262940250419,0.582914950354705,
8.323011632747637,0.9831151284728956,
14.96100747115403,0.7250723659726681,
11.592130739613337,0.9023119571498932,
20.215904224317278,0.3816929922684328,
15.977972389206656,0.6587472045509892,
20.291341483880537,0.3772421596751723,
19.237514069277722,0.4416972892193912,
35.21119260603486,0.013170774720406175,
17.665467438493845,0.5448776535283231,
21.47924075685721,0.3109341870968392,
20.742991183488268,0.3511741422074802,
9.919497501289317,0.9549037191642678,
25.456731041024504,0.1460511654340817,
20.140082845549347,0.3861934779458218,
22.02379245156146,0.28307374264481977,
8.4403692921544,0.9816649982889583,
17.51604612423367,0.5549501647263161,
12.669263566920593,0.8550636152160155,
13.480183415307206,0.81310772636989,
19.446999566533176,0.4285167279525708,
23.16993980309155,0.22993962276969016,
29.267582331594827,0.061891060425512734,
19.169467948054194,0.4460139731817605,
15.418713847568512,0.695639421990579,
20.091230930881682,0.3891073095648747,
13.36290960867637,0.8194854502601165,
15.019673986088009,0.721346073744636,
13.83045821552556,0.7934834336677139,
23.669406296761604,0.20914060308732307,
20.091181431533478,0.3891102675951832,
32.234645481122705,0.029404748864496733,
15.421253891291792,0.6954739404367339,
13.916165229471982,0.788556302913844,
15.563761817423877,0.6861562507780931,
12.009881557492687,0.8852025196402982,
22.45753489337922,0.2620804885020178,
14.358678896411735,0.7623950175987391,
24.84199399295851,0.16580919486878076,
20.91535986837612,0.3414965103392982,
24.005468746753078,0.19594266686804696,
14.403561625389127,0.7596779676920263,
26.16882497367147,0.1255531718730184,
23.94984176283161,0.1980834036781226,
15.747729727181063,0.6740377479832681,
20.329719770627793,0.37498821964848217,
15.705521966874777,0.6768264498906915,
17.96603557478953,0.524708112479984,
16.237744268007106,0.6413612145461165,
18.22168349418484,0.5076787525664477,
19.86230743859666,0.4029061246616148,
16.78144989908917,0.6046712895565036,
14.019073580668934,0.7825782894373927,
13.486712535096064,0.8127497360206525,
26.572925663411915,0.11500093329029393,
18.745123049686693,0.47329291075121005,
10.750854000659675,0.931934791302399,
26.113745288747968,0.12705066721736213,
16.958384136175745,0.5926873084843419,
17.187851107934506,0.5771429382242326,
13.254975413772355,0.8252660786878728,
31.95774586142012,0.03159878914064729,
28.474878315070033,0.0747062333983054,
30.418887086367675,0.04670354276117683,
15.82806682899718,0.6687170016555011,
24.406382058096217,0.18102299731060567,
22.519461302740787,0.2591709351058976,
12.878626467836417,0.8447260539133414,
17.575096164030363,0.5509665990945247,
10.07981705861351,0.9509493110842578,
11.44024667626123,0.9081400588322264,
19.733521446922012,0.41077057590510124,
14.216097891732018,0.7709512775347784,
33.82911235397559,0.01924894960197765,
17.116766837321673,0.5819572960630133,
18.913928832214573,0.4623701256300329,
10.380148319604569,0.9429367227673022,
14.441207190908665,0.7573905308686502,
17.4713785020476,0.5579658036958116,
23.914681480588968,0.19944544961090616,
16.133015540112513,0.6483853939224224,
15.89290327570797,0.664411258142262,
16.269830571892154,0.6392056057861283,
22.305787927194032,0.2693030245473944,
12.335852187379066,0.8707720398789776,
16.4165763531496,0.6293282664604576,
13.418402256083775,0.8164800134660666,
20.867388477395764,0.3441744402356677,
14.179416147901977,0.7731335815097811,
12.86872078162992,0.8452231897329776,
13.173559017224527,0.8295687194958065,
19.586328967815767,0.4198451894001529,
18.30084132357069,0.5024340339961344,
14.771569938615707,0.7370011079135776,
20.701008021075324,0.35355438299238673,
10.363472699839646,0.9434025640577924,
14.353644878965016,0.7626990653151237,
14.170597097466084,0.7736570710886672,
11.510155763902556,0.9054836835015824,
17.49703384062532,0.5562335055438581,
15.5281344151271,0.6884917085367235,
20.004643752930455,0.39429879544945323,
19.398475611948808,0.4315548297119114,
11.15635324447235,0.9184669552210352,
29.644280069951463,0.05650366421598019,
20.670999102797147,0.35526123019502354,
24.073868478003817,0.19333410378895022,
15.79050650866162,0.6712066720050867,
18.69009895287907,0.4768722652178701,
8.783943023322424,0.9768981781928552,
18.85395673881801,0.46624039800422523,
17.798652707012078,0.5359232859811558,
21.92958122051269,0.2877749120967903,
20.713228129893675,0.3528606367689213,
25.044986911363466,0.15906674175290725,
23.544137809223912,0.21422349457915035,
12.860848814391073,0.8456176962965976,
15.93168623811357,0.6618310178038382,
22.63909268434256,0.25361247673146037,
19.286915931160568,0.438574011690712,
19.75348662491298,0.40954671051239755,
16.90128690151175,0.5965553984978555,
17.296438352196013,0.5697924440479845,
22.370903900409697,0.26618763196602413,
17.816540468984428,0.5347225913999252,
33.754696995905,0.019640113617321875,
25.067875453666247,0.1583201233157605,
26.50651962074879,0.11668323131783442,
16.849814649167897,0.6000418780101924,
24.03360034613196,0.19486664797997688,
16.40894429446708,0.6298426675984667,
24.95813519146786,0.16192487631280084,
21.60299095194949,0.30445781594493937,
18.22635847417173,0.5073686097918306,
19.46351466078734,0.4274848178003253,
14.24183348128644,0.7694154994940267,
11.4332060294008,0.9084051075616525,
22.660008441039025,0.252649103215554,
13.08347747744262,0.8342703211355156,
13.814613701342006,0.7943890640210656,
9.305371848733433,0.9680562386632189,
18.356790479020834,0.49873588086457177,
12.624150573071525,0.8572439022854715,
13.902159018805104,0.7893647370456982,
12.97350273638504,0.8399247425919504,
15.176812807189597,0.7112952111899589,
10.693868446208871,0.9337069599196071,
13.352671187459292,0.8200374920499844,
19.340609132397677,0.43518979134803026,
13.118792658031655,0.8324345718230085,
11.672279532746392,0.8991516877430366,
12.443329597403945,0.86581144653441,
16.54950427809882,0.620358547410221,
13.940690464300587,0.7871376928676691,
20.667531753789046,0.3554587399247535,
13.688447588647461,0.8015408209085902,
33.9534587108535,0.018611274259200283,
14.965378102242838,0.7247952660169612,
16.48035017457337,0.6250272701318083,
11.008036781032036,0.923567814659287,
22.063896863927845,0.2810877555264313,
14.501240897525996,0.753726969703552,
14.448530630716034,0.7569446494895435,
23.70946350357999,0.20753402303222157,
17.176073480086146,0.5779404967503683,
16.79889353145765,0.6034902403108824,
20.324092526402993,0.3753182638485897,
15.754105902683948,0.6736160575114729,
15.20554304466956,0.7094470250324086,
30.099971703110896,0.05053985014126705,
29.849724598376117,0.05374237356163536,
15.31470523698841,0.7023965751315766,
30.285677194291967,0.0482734111498051,
15.946797036331683,0.660824776752357,
23.149729735539136,0.23081124235168338,
17.201040048968757,0.5762498693318429,
11.613332193419991,0.901481669589299,
29.84425606790191,0.05381430781268415,
12.350952260588887,0.8700810976092463,
17.549419015154406,0.5526983508869019,
30.816506174581132,0.042283740649345924,
19.62138687688719,0.4176756520068814,
17.648650795407022,0.5460099644388383,
12.697037039897792,0.8537129382796218,
20.261017930458607,0.37902802018998916,
20.816816023758,0.3470104876758676,
21.253245889387898,0.32297793656084495,
11.579784651889987,0.9027935656050867,
13.368705935004229,0.819172578863786,
19.002910728150514,0.45664941092455513,
13.318007167302916,0.821900792086733,
14.09164654092966,0.7783228152818598,
19.845295561303857,0.4039408550843362,
11.609300860422783,0.9016398591456065,
17.59207333238879,0.549822000258473,
8.251463487431337,0.9839568084242186,
24.443587283181742,0.17968338319683697,
20.19166252509645,0.3831289680161254,
24.26893571962843,0.18603778321634656,
19.813424574221646,0.4058827707354855,
20.484918494395192,0.3659460654578861,
23.932271853563186,0.1987631632899215,
28.209308322894874,0.07948243459686644,
21.66392452979998,0.30130002703692815,
9.633467495272006,0.9614155054798427,
35.09261276606931,0.013612400630465538,
14.743139677338391,0.7387770791823431,
26.361677075977962,0.12042272148220023,
21.567219181596027,0.3063212186447457,
28.5387647780582,0.07359475699360118,
12.92622884742705,0.8423260593747105,
14.436116182892231,0.7577003221928856,
14.320662045752357,0.7646876815209519,
34.70875566905133,0.015137961561975333,
17.844598728875802,0.5328402094443002,
22.083926433073135,0.28009929654020516,
25.90118039333367,0.13296617339791594,
10.774021888920096,0.9312058450631784,
28.81691993659961,0.0689199530693656,
16.639667585052795,0.6142649553589128,
7.4967875329422204,0.9910571292791752,
16.58842729909412,0.617728803611401,
24.886102965058704,0.16432554808297017,
16.212778752765942,0.6430373184562076,
18.023467290781273,0.5208712041126762,
18.99928591736629,0.456881936268019,
22.771823175795095,0.2475415886177681,
17.607311554481512,0.5487949191616739,
21.73751124125099,0.29751403532655885,
13.542318341241419,0.8096885844341626,
10.657675133148132,0.9348171828536525,
22.57564960926406,0.2565500144342816,
17.63074768306899,0.5472158147367048,
17.33993868341656,0.5668495968343554,
27.81614308678073,0.08703143505246813,
15.479850647951984,0.6916505131980455,
22.6425237090585,0.25345427245448215,
17.15099925241126,0.5796386320625311,
17.17420416174692,0.5780670879374545,
20.836419806570245,0.3459095604886654,
16.680234103760885,0.6115212776613237,
16.324073437506666,0.6355579898290016,
17.577963178661292,0.5507732827208214,
29.260160600464232,0.06200155945841079,
17.5570094564541,0.5521863525507154,
19.379966556334903,0.43271610023754303,
20.813088323647136,0.347220055505461,
24.259506045945486,0.18638564288553738,
17.405772125668264,0.5623983259174151,
12.02055420452417,0.8847448819646717,
27.4599517403691,0.09438726495893757,
22.965840224601692,0.23884973935133613,
26.66920902448703,0.11259722441440378,
14.812053322368063,0.7344656383710857,
14.028054400325809,0.7820534382982954,
23.157382192191577,0.23048093170264083,
9.769071984488384,0.9584140485688163,
12.475786950275335,0.8642939471940505,
16.514661259287415,0.6227114574805401,
23.5327917904726,0.21468827411727465,
30.811261939314367,0.04233952072459091,
12.900317029665823,0.8436347193617755,
22.938706280672232,0.24005231016508544,
18.63590538782176,0.480406309167246,
25.49819213070687,0.14478872749780258,
17.48087293518623,0.55732464960944,
25.11436548793875,0.15681207490014226,
8.22806123539811,0.9842252775970872,
17.677518530339842,0.5440664403775126,
18.847247556698132,0.46667408838525415,
18.909974816980018,0.4626249384133322,
23.69733117264099,0.20801965698074454,
13.188827336390244,0.8287656584094443,
22.71779879591583,0.25000036297857053,
36.73121392246023,0.008571935058982127,
14.815936584155953,0.7342220288807964,
18.848958024979034,0.46656350789814793,
19.51704994828184,0.42414721766724095,
12.972957249817131,0.8399525521443807,
15.009454690755268,0.7219962183393344,
10.977147640102077,0.9246047409173642,
21.054498157153485,0.3337974194903508,
13.892084494642226,0.7899454562776489,
26.985640963767743,0.1049879749477094,
12.919415963056808,0.842670659555398,
14.946211314328707,0.7260098353372775,
10.596538341501109,0.9366655431384923,
23.375054427709422,0.22122582696889048,
27.31119574000287,0.09761071011566269,
17.685960990623368,0.543498251826104,
17.41502534034191,0.5617729391559831,
14.776906549717923,0.7366673159787367,
20.31040170913435,0.37612187979449474,
18.583913780167006,0.4838046731562945,
6.3553641255274105,0.9969374669926538,
17.313699614303818,0.5686245598125519,
21.91595855605537,0.28845883351067036,
25.393721630657893,0.14798643634456432,
18.518840019504857,0.4880687315381408,
22.509685940128016,0.2596287596240545,
20.951820510064675,0.33946917149381317,
7.987857733464632,0.98679264231517,
8.241064693194824,0.9840765150993537,
16.364526336651558,0.6328350071825142,
10.517256243546788,0.9390121292136875,
14.10378206873382,0.77760808060654,
22.401762666115857,0.26471970231143827,
17.058914224313998,0.5858764009022817,
15.7525654991426,0.6737179423707291,
14.230653604100745,0.770083134297306,
18.560548985601848,0.4853343500475894,
10.285455611232345,0.9455491067418405,
23.990365396918385,0.1965221876670984,
22.85565244646279,0.24375953845280518,
18.95962466501672,0.4594290207022682,
21.707534526100485,0.2990526763518351,
18.431857708368025,0.4937861011081679,
11.69434980755675,0.8982712031326887,
24.424674907605766,0.1803633969173547,
22.12533109437955,0.27806319506495236,
22.840035941795865,0.24446103249871565,
27.2693112117712,0.0985348070447275,
18.384936068473422,0.49687837123081213,
13.835686610281424,0.7931842310325635,
18.538390761988378,0.48678642268748196,
12.208759889230196,0.8765091175266433,
16.105426107628126,0.6502326385822832,
15.014546378850712,0.7216723435274461,
19.210703492279276,0.4433960749049741,
13.630035626016946,0.8048154439204688,
11.17020474202352,0.9179802638394035,
17.792128505476423,0.5363613356730372,
22.246634736314096,0.27215413136942934,
17.855246829071614,0.5321261710968448,
23.855220301314663,0.20176466852883257,
20.517377222343516,0.3640698612449087,
17.861703687455226,0.5316932768134498,
27.17095614055705,0.10073364481149394,
13.233009571278222,0.8264318519714441,
10.601095965377505,0.9365289199161624,
12.757352269071957,0.8507577847245552,
22.436121618727505,0.2630916852092281,
19.282971501102047,0.4388230522982933,
25.331677740964697,0.14991184688002868,
9.038670210262413,0.9728315954286644,
20.09028972738607,0.38916355685001824,
21.764094133539427,0.29615378964538186,
15.23098763273391,0.7078075812260294,
25.975152737752097,0.13088285503526986,
29.31822107924649,0.061141694146910286,
14.999385434544209,0.7226363867961165,
9.197524024878136,0.9700528133801922,
9.483234600446968,0.964563809826656,
25.39783991204631,0.1478593298696813,
26.951922292379592,0.1057779215043666,
21.54296722095939,0.30758856112931576,
18.412561136595368,0.4950571277950645,
9.126063250759374,0.9713264730365544,
9.15061975267112,0.9708931851310902,
24.877890259554665,0.16460100635305053,
29.556658521007964,0.057718718676156744,
19.568583293167475,0.42094528917157037,
16.26690333316139,0.6394023277438196,
13.349661491963213,0.8201996241157126,
17.584905691942197,0.5503052024337426,
31.301694121630977,0.03739834032457767,
14.093666059629339,0.7782039355560799,
18.018643948868217,0.5211932068034527,
26.138633016908358,0.12637223857817204,
18.69347513112827,0.47665238334610793,
27.054691016402707,0.10338560929217078,
15.213967691017531,0.7089044794793549,
14.738632728978997,0.7390582643356305,
36.622008961465724,0.008844168721767076,
17.717791434278165,0.5413568670674812,
24.50808433597197,0.17737901753090068,
19.209387359189726,0.4434795361414905,
23.185669453558972,0.22926285553425663,
11.67365170649369,0.8990970743547617,
29.799470228247458,0.05440662503142524,
15.23086759738542,0.7078153210538327,
20.490604754971322,0.3656170083810748,
13.011290548299794,0.8379925571137782,
20.152058006153585,0.38548089127428187,
14.481342522215497,0.7549433958570848,
14.660611529309499,0.7439103791434869,
23.808329767260883,0.2036076143366654,
14.146249628064632,0.7750999156744762,
13.65965744057598,0.8031577436569263,
19.308035939801048,0.43724154415456673,
18.761349983375723,0.4722390753319057,
29.08230327834908,0.0647015111867193,
20.450218520989225,0.36795755608469083,
22.878840666266456,0.24272050893830532,
10.85646685391986,0.9285720881876757,
14.839059279033618,0.7327700282246388,
15.969311566606034,0.6593245854310744,
18.23132069269843,0.5070394646954,
15.496571622463751,0.690557433434027,
16.484422720874523,0.624752459136576,
19.04356602590789,0.4540445012709554,
19.53509393603368,0.423024867615751,
4.584895900734991,0.9996999411102787,
18.92269900886289,0.461805121900449,
22.543715690462786,0.25803735959770147,
15.935579281003045,0.6615718251701688,
19.69305220900461,0.41325652688670056,
16.006012436747344,0.6568768015760145,
20.928280392794218,0.34077728980913913,
25.607940185448246,0.14148890948770265,
19.938370115359973,0.39829526093720746,
15.3009051476173,0.7032902839405565,
12.231840656137477,0.8754776784895246,
16.100066303219702,0.6505913404292506,
20.313378201816324,0.3759470908976963,
21.44571325784557,0.31270333458801813,
22.34466038805872,0.26744030399342145,
17.380879788181147,0.5640810273659553,
12.749868492134956,0.8511260775659085,
14.670073578617465,0.7433235221033703,
31.680206904859958,0.03394528434805222,
25.08153809342882,0.15787576005890136,
18.386365219222633,0.4967841045316961,
17.79903849877355,0.5358973850499946,
26.13306073456976,0.12652388041232854,
13.12936775082335,0.8318829850943669,
18.49805254244987,0.4894332841363912,
33.47813039500638,0.02115874070480428,
15.260192365853682,0.7059228780186779,
13.495146423011235,0.812286856864256,
17.1648711262098,0.5786991435438662,
15.655475467987188,0.68012677046137,
12.780076886191758,0.8496366488089554,
18.539970258982244,0.48668287069118066,
20.462652632978664,0.3672360949953293,
12.97491357042946,0.8398528056807175,
15.472784285299761,0.6921121847851355,
15.464457007699643,0.6926560299248838,
15.576072324505631,0.6853483706928718,
11.326034923314284,0.9123835374505271,
12.3017374216871,0.872325791480747,
22.371122980938285,0.2661771912550662,
28.781313602429073,0.06950367258892054,
10.281717310943911,0.9456506036787238,
24.492005418236452,0.1779513656061087,
27.076944721402434,0.10287355416925414,
15.600081811714249,0.6837714375538748,
24.45557170251387,0.179253483459338,
13.278779949112007,0.823998631903432,
13.365112040036564,0.8193665974923366,
18.807666404463788,0.4692355547951803,
19.990929450194223,0.39512418303935637,
21.292578725395146,0.3208618573709189,
11.568415092530719,0.9032358516292808,
11.734901053900948,0.8966419116610214,
9.362878985892127,0.966954510806602,
21.667587927332736,0.30111083421998974,
21.141922242506194,0.3290122051812674,
24.51813369402871,0.17702201379705884,
15.848108040564378,0.6673871535322502,
20.319653087123474,0.37557874915998846,
25.279887319138176,0.1515341774512844,
17.916445153560616,0.5280259399383154,
19.652356399508122,0.41576334194780074,
11.852865066251377,0.8918177457584748,
17.97323547414362,0.5242267686072016,
24.09417564112351,0.1925646739113458,
22.44469325178664,0.26268659260068894,
12.612374189611922,0.8578102579716745,
19.202242436177844,0.4439327343036732,
18.306808530960318,0.5020392551929418,
16.53466970204969,0.6213604512916355,
15.037674002612933,0.7201998608325535,
26.26256147938066,0.12303769843973122,
13.822749264415233,0.7939242628467643,
12.728042652979822,0.8521975505361928,
19.654954990606786,0.41560306491452415,
16.05299445674968,0.6537392521123468,
13.88184401036964,0.790535071518655,
21.33918654909374,0.31836523043543974,
22.6498858788979,0.253115031606708,
13.104010734917615,0.833204137541806,
17.501407811958234,0.5559382286321854,
23.413263232476044,0.21962920639658634,
31.653929213397905,0.03417539680317094,
17.95748039839184,0.5252801834749465,
43.210360569119935,0.00121312838273413,
14.814393484582876,0.734318840832172,
21.077438515949854,0.33253783478140475,
13.012186220402786,0.8379466226934995,
14.420081437445615,0.7586751311803537,
11.991300162931784,0.8859968614142353,
33.06215375913318,0.02364633256606974,
15.500688788484254,0.6902881505132779,
26.500250848837123,0.11684307998181309,
6.630710138108908,0.9959375504762144,
33.96789963784142,0.018538491476572938,
13.240945022886724,0.826011119956611,
20.663922558657728,0.3556643941518476,
15.513275925508413,0.6894645578694413,
12.853246626360303,0.8459982087328101,
28.45394367774732,0.07507357331167486,
17.913555854561135,0.5282193791892287,
27.89158081156361,0.08553750525560955,
15.520908727068885,0.6889648915049134,
23.387408363800578,0.22070868445720226,
14.92513085998398,0.7273438243997049,
16.452710752854575,0.6268918748136902,
10.723861655764592,0.9327778994775785,
16.588638598239463,0.617714524096754,
15.799406486163104,0.6706170599329739,
18.194381645165972,0.509490949606406,
11.492925007827795,0.9061425609578941,
29.988452989480514,0.05194559807248045,
18.491215513095135,0.48988233911838996,
18.07540332792375,0.5174068258811688,
15.59827986447829,0.6838898480677975,
24.797828721167555,0.1673051204391881,
13.7550500165569,0.7977787222694064,
11.71838986701107,0.8973071064333702,
11.027659804031625,0.9229045370764943,
14.86422386178829,0.7311870267986378,
19.098603705367445,0.4505271279644101,
14.208215038599247,0.7714209171294669,
15.594936979259456,0.6841094921182733,
7.413791005952803,0.9916593375531875,
15.685721528059263,0.6781330212034056,
17.336558231002613,0.5670782453744936,
27.721388766162427,0.08893920235288866,
10.26914669342995,0.9459909944530567,
13.782070907340554,0.7962439323743966,
16.247095646790907,0.6407331385331609,
17.291562918659785,0.5701223439941225,
22.728931288424604,0.24949232531428256,
21.211773819203565,0.3252181421940795,
30.632735131731703,0.04427796033017095,
18.263685816103237,0.5048940404606173,
19.81920497111316,0.4055302406444683,
18.282927302542532,0.5036196923337097,
12.244049818822889,0.874930191097376,
17.814246741891278,0.534876527790649,
12.444361445984866,0.8657633420590011,
18.978017612136345,0.45824715273524586,
33.160195723413054,0.02303706682477613,
13.365527367125049,0.8193441806473647,
15.640289015559905,0.6811268536313444,
19.964949056024093,0.3966901191686074,
15.708149359320466,0.676652995657832,
12.80587791907805,0.8483586278866772,
19.56375114591709,0.42124506867190614,
22.583520425159058,0.25618432464963115,
10.11825320096154,0.949968141413185,
33.839580956643275,0.019194499701187917,
8.028289787722725,0.9863839554525363,
35.7764757224666,0.011242659355280016,
16.950561609174887,0.5932172751473088,
10.761193801859184,0.9316100681283044,
13.397392379489112,0.8176205340750908,
18.83037955242926,0.4677650875102921,
13.801676488817103,0.7951272953194016,
26.976035893695723,0.10521249712322589,
15.301075663205726,0.7032792453305223,
16.06974729006229,0.6526194018344613,
9.348770523344326,0.9672272126755169,
22.957219334057577,0.23923135686078456,
26.781330679001353,0.10985049681704584,
17.463458024919063,0.5585007322578126,
10.77678321817819,0.9311186371121739,
17.05383489606551,0.5862205136713352,
23.263154386391882,0.2259497693231255,
18.67066227246727,0.4781387777655023,
15.695445808558347,0.6774914795628038,
22.737954496698904,0.2490810686685646,
20.899199633325132,0.34239729411753617,
23.515269793426484,0.2154074863481713,
18.52815716775557,0.48745750241521824,
18.117188037574465,0.5146234601876329,
17.812195262744982,0.5350142132974733,
25.717947627709496,0.13824181378117784,
10.32303052661059,0.9445220378968764,
13.016152680127002,0.8377431275838183,
15.950490689219368,0.6605787365577435,
12.082467177680838,0.8820701335674894,
9.016655480537768,0.9732017425946177,
27.687321556171153,0.08963370397494641,
18.580144896414783,0.4840513168841477,
23.178260612992442,0.22958144369911482,
19.377407996404553,0.4328767300557783,
17.477798646158703,0.5575322456453624,
12.17533407422099,0.8779945935456449,
9.137927490266103,0.9711177055506253,
14.323483500942732,0.7645178076623411,
20.174168130247594,0.3841669734807347,
10.87453346722795,0.9279866405009842,
15.02462804770205,0.7210307418992331,
28.822876444793973,0.06882271906170923,
14.564920476429942,0.7498201646180795,
23.278952665992147,0.22527849016668244,
15.997284129479748,0.6574591975570052,
17.709159257125695,0.5419374605483338,
33.07637202431237,0.023557072333471485,
20.46566377448394,0.3670614943964403,
17.489523396304627,0.5567405613589544,
21.223001091188305,0.3246107624172323,
19.50471618312388,0.42491513966714844,
27.75699169455446,0.08821826610475414,
26.206874256678734,0.12452709869881295,
8.069391096356872,0.985958932054212,
25.04519482927895,0.15905994715485972,
21.489277042770606,0.3104058018129283,
14.301304632215935,0.7658519392922687,
15.688140304684888,0.6779734711715597,
24.229700738819368,0.18748838826573944,
10.894807451998608,0.9273261068123617,
20.439173042579007,0.3685990799355292,
31.393311052726613,0.03653479373937296,
29.267154044315326,0.06189743234335554,
25.073464234725837,0.15813823582660136,
22.537221257945784,0.2583405585394124,
38.58096684701347,0.005001907374559966,
14.343533672389066,0.7633093417846516,
19.64038915229389,0.4165018255315607,
14.648399665206599,0.7446671308502792,
22.30275256377,0.269448838857532,
16.384166762419028,0.6315121823069014,
16.681762194795283,0.611417904967979,
26.2525214806937,0.12330514841064655,
23.607356224117822,0.2116472092736681,
16.991192570915313,0.5904645327455225,
14.544416793035413,0.7510803872589429,
28.804904640520537,0.06911645239953246,
11.772448962051143,0.8951200132875676,
18.381395994683757,0.4971118961319372,
14.328430097247574,0.7642198754807074,
26.3928717638657,0.11960917014922967,
16.88866841788654,0.5974101721424858,
11.17300794037504,0.9178815551973223,
7.3983121971231185,0.9917681363988237,
12.519477625144585,0.8622371120951129,
17.22501313574351,0.5746267479334748,
24.545521478051292,0.1760518511090411,
23.52850990008025,0.21486386831669801,
21.896160809449782,0.2894546369218305,
21.020315962544707,0.33567942399455875,
9.205718399542636,0.9699042682970697,
18.118560086126575,0.5145321253072186,
15.34560401427486,0.7003930835134322,
24.041293850193824,0.1945731454701074,
34.16022687341004,0.017593816537226026,
18.0713126871381,0.5176794999175884,
16.093997247392732,0.6509974436411899,
24.447055565803932,0.17955888980136914,
21.31743274091403,0.3195290439204581,
26.159788595483686,0.1257978628266183,
15.094774922037672,0.7165549090732324,
14.701582202824422,0.7413661176737083,
18.352459714018398,0.4990218685654211,
15.46571159107407,0.692574108846812,
28.070980387031817,0.08207208301763658,
20.198098896100966,0.3827474355901641,
22.396436820202915,0.26497265990301044,
17.26426550472581,0.5719696886324569,
21.52238945796356,0.30866644482378414,
16.50358028037097,0.6234594953802534,
7.515659549373412,0.99091569687733,
38.99947524729404,0.004417806311407313,
18.18090817756897,0.5103858699796116,
18.906425992912553,0.46285368236883506,
24.830522261603086,0.16619675447653237,
17.104196073615775,0.5828088236732156,
15.641046556270211,0.6810769823946841,
14.057927361123834,0.7803040356308855,
12.584565371706113,0.8591430505948768,
14.724015482766617,0.7399695536063401,
14.588763754897785,0.7483519621601924,
19.98659170832624,0.39538542407135746,
19.114190183842982,0.449532940366864,
22.775900881704413,0.24735668370124886,
14.869167313971445,0.7308757166716051,
13.204792640027641,0.8279240415916744,
25.65464833968735,0.14010285570134262,
25.326367487724404,0.1500775560615213,
9.89709903787661,0.9554385951739544,
17.890859268947413,0.5297394133444189,
25.397764533074486,0.1478616555859662,
19.582690450032207,0.4200706456449492,
18.893918031626836,0.4636602248258662,
14.111425847886505,0.7771574345617134,
17.142534811235496,0.5802119245393054,
12.525010970451524,0.8619754640680404,
10.444117794243319,0.9411266418406218,
17.732119477095303,0.540393398759568,
21.839071226497634,0.2923385246033723,
18.824230902557524,0.4681629965378966,
15.213670818228946,0.7089236025971857,
20.356310943545736,0.37343067688702325,
34.2083741817634,0.017364372494529934,
10.855078385973139,0.9286169578808775,
11.785859926407728,0.894573348491799,
15.19902540159427,0.7098665750263382,
14.006867974733296,0.7832907981753587,
18.123875764153272,0.514178306449202,
20.656895189731078,0.3560650068870518,
15.277755923215436,0.7047879128408601,
16.23536072043705,0.6415212811614365,
18.196920743332647,0.5093223445094803,
25.8879247000421,0.13334230982174067,
24.385607351766765,0.1817743114615209,
15.37968078478676,0.698179659110985,
24.709528007122117,0.17032724680230094,
10.412008732779396,0.9420397788925796,
21.7009181526492,0.29939295587149806,
8.383354227712324,0.9823804336924837,
18.922663071481438,0.4618074365922634,
15.437714405413212,0.694401032848873,
14.274941393568499,0.767434144954914,
14.801502928554386,0.7351271453945729,
19.80132414160233,0.40662121025983733,
24.919645640738565,0.1632042267631323,
21.748535201277274,0.2969494604403933,
17.374789365043803,0.5644928059488832,
14.34871390911205,0.7629967523398246,
22.091212520414782,0.27974029275280277,
20.346511423667668,0.3740042747461898,
12.249997712072746,0.8746630027356018,
5.998700488318492,0.997931535025714,
19.31446411133846,0.43683632206880363,
20.397899006733994,0.37100155510419275,
11.592866403745058,0.9022832157792898,
16.796566955718664,0.603647772234789,
17.510225139990695,0.555343047156829,
20.959273860869054,0.3390555949646652,
13.780735440511256,0.7963199012489295,
15.791455901239932,0.6711437855141209,
21.016131852497413,0.3359102166185064,
16.84469012842936,0.600388948831942,
13.232311200220353,0.8264688563823153,
30.166108875634396,0.04972212148885724,
22.518696014654886,0.2592067572390857,
9.366171807223317,0.9668906376429995,
15.421573567613335,0.6954531122880423,
12.115706756555936,0.8806201237421776,
18.241664698605625,0.5063535219405515,
20.613631978389463,0.3585368164127859,
25.89528139797917,0.1331334543751561,
16.929654056492446,0.5946337040399707,
26.91029120422567,0.10676004406152895,
22.79564704777839,0.24646263938859092,
23.479528955496093,0.21687993344025092,
15.14616271508762,0.7132633851811996,
19.518884308554053,0.4240330592569257,
18.9648010949262,0.4590962869864864,
25.32651430670937,0.1500729725547355,
11.346366286016256,0.9116368862683999,
12.614695039319997,0.8576987341500778,
18.947374734975337,0.4602167834373668,
9.863998977446366,0.9562211898125879,
23.629443910079306,0.21075244028790263,
31.7926912007435,0.032975962906067746,
17.613180542043853,0.5483994114342725,
30.43219602396215,0.046549213297424785,
18.73205486014549,0.474142185136045,
18.4383339568635,0.49335973642322284,
17.67828814482166,0.5440146404978241,
11.537835115728866,0.904419589005134,
22.774014367862957,0.24744221641156194,
27.27042060565185,0.09851023636429734,
15.250134373482057,0.7065723194323063,
12.798471594232023,0.8487260452957035,
22.944819703901786,0.23978099524856877,
13.799748966895788,0.7952371902237984,
11.860113588364253,0.8915172249662924,
13.980118469581704,0.7848490625422926,
10.97847446058348,0.9245603803887719,
15.169181438255753,0.7117855956321175,
26.42486444796951,0.11877948478756017,
9.46208573378188,0.9649922984209315,
13.214239135479717,0.8274251554411947,
16.94474492585216,0.5936113444816986,
9.707227255173995,0.9598019083589256,
11.808981615261304,0.8936270368332425,
18.69312310314636,0.47667530846084094,
24.543770621430095,0.17611375002298613,
6.034519345906153,0.9978452911656767,
25.459833967019506,0.1459563836199793,
19.259806915462388,0.44028677255465787,
15.381323362728702,0.698072865863912,
23.38486748825902,0.22081497568225017,
27.12712824770279,0.10172659438446907,
23.738279420568567,0.20638391508165155,
17.76073865173831,0.5384698023791791,
17.466844039184156,0.5582720426680989,
11.581903322032943,0.9027110171672735,
25.496845251865356,0.14482960148885005,
19.272114087954296,0.43950886003000866,
27.0205314577327,0.10417574702838173,
8.949731363442432,0.9743050029312497,
12.096254048791087,0.8814698938630917,
27.016070416658142,0.10427930464832125,
20.64521573083967,0.35673137493817575,
25.388884975084668,0.14813582519763957,
15.602758146196475,0.6835955511746774,
10.004793907616035,0.9528274434220562,
11.424501427027693,0.9087321692297498,
20.541339695790235,0.3626881072921757,
15.405183460510454,0.6965205504458363,
21.307365442953984,0.3200685063155574,
18.96576415593259,0.4590343926012058,
12.676662119731786,0.8547044334752115,
21.510021207895353,0.3093154287406964,
19.052836300870766,0.45345131781326087,
11.293812096119968,0.9135591226574814,
19.505536156611768,0.4248640677676321,
29.616787602127438,0.05688246697118704,
18.936901247875348,0.4608907009834966,
15.800782140196649,0.6705259067891931,
16.652517544893236,0.613395984444041,
8.99588121814631,0.9735477405671171,
22.35295953870026,0.26704373780415613,
15.519952587209414,0.6890274933008982,
19.24486539530353,0.4412319520124759,
20.457574260416166,0.36753066446016613,
33.733569704965376,0.019752492886224715,
18.546391078550837,0.4862619910483842,
21.533408130273386,0.3080889854567457,
18.835152256977253,0.4674563045376946,
31.263611580284813,0.03776264750808378,
10.292560159717478,0.9453558727072353,
17.072318332807793,0.584968318651381,
21.150869993440693,0.32852474019461153,
10.257472184940061,0.9463058667700697,
25.10263377733959,0.15719156326927242,
19.371967455379796,0.4332183782912147,
19.52459978705601,0.42367745246759225,
17.271253862691196,0.5714967151965242,
18.1778369795629,0.5105899167960393,
24.207980947180772,0.18829507848998317,
13.730420245362025,0.7991734423643712,
16.365423045785104,0.632774622762007,
17.14529199454698,0.5800251795839084,
24.249396363139965,0.1867591335662877,
20.805663291960744,0.3476376971056768,
23.478630065337896,0.2169170596312573,
7.65144596275134,0.9898473602102982,
11.567644879681865,0.9032657709653817,
22.6021400117325,0.2553206468700777,
9.4007353531067,0.9662150000870418,
20.559619072181345,0.36163597566457106,
10.781669458489729,0.9309641500436899,
17.428098253472434,0.5608895125385274,
16.742509406226137,0.6073073183381799,
13.644438838653812,0.8040101633514914,
23.147011016294297,0.2309286740204921,
24.79912782698927,0.16726096967739268,
24.11288426130278,0.19185784494856228,
12.964137294157538,0.8404018770016133,
22.38943823575171,0.26530531311871497,
14.137271034316498,0.7756311004192774,
14.172253458255767,0.7735587863483112,
23.302999994611007,0.22425944588891367,
20.43744759629063,0.36869934812962035,
15.564595529742856,0.6861015526370053,
14.542548262482319,0.7511951250939592,
19.1640149712912,0.4463606230740216,
23.805918757616066,0.20370270954159708,
24.683032895460506,0.17124221694881414,
19.907934798151594,0.40013715866295874,
11.163214808030062,0.9182260850434398,
24.400649343365135,0.18123008374554017,
34.378073445520656,0.016577502304262914,
20.78189404915526,0.34897657092071654,
19.99738463130377,0.3947355759107205,
22.70078679331725,0.25077809124745687,
9.298226696488841,0.9681913129662164,
22.08767674388254,0.279914471702155,
30.024252371572352,0.05149061627178497,
17.36862829243648,0.5649093887218644,
18.26720937375859,0.5046606142723802,
11.881700329653789,0.8906194500300784,
12.881983439259054,0.8445573989091699,
17.09572324354244,0.5833827810836036,
14.5087729328653,0.7532659764024604,
16.49674135934831,0.6239211048501703,
18.755221168428726,0.472637008640617,
16.01851630276176,0.6560422068779375,
12.627372625007245,0.8570887440810404,
9.227973315132171,0.9694982311187844,
10.439508937666682,0.9412582793488824,
12.874826317342436,0.8449168650402364,
20.2190565936195,0.3815064622213984,
16.95190651700068,0.5931261596862158,
28.61594157805315,0.07227106869621813,
24.942690465143386,0.16243730065881257,
18.718067219618778,0.4750517813417263,
22.80280899819524,0.2461389226946702,
32.33159841537446,0.028669774390746583,
22.877350106027816,0.2427872057608237,
15.775736501669117,0.6721847218134184,
18.039254062676996,0.5198176004003573,
22.48574020587307,0.26075256222550713,
11.221267580832436,0.9161708774540426,
19.352467281426144,0.43444385931608387,
13.640455292318897,0.8042330256067112,
13.5539842319062,0.8090435891865075,
7.337928293880195,0.9921822372159556,
22.301772663414535,0.26949592303923986,
22.680308068938423,0.25171651164952635,
12.277777070011787,0.8734110325861576,
21.433147076095892,0.31336800258754494,
15.649708377289697,0.6805066316180726,
14.921149537547173,0.7275955471817455,
25.328681081323726,0.15000534139832666,
21.088928425563903,0.33190800802540776,
16.612739270805545,0.616085569313286,
19.083655191147177,0.4514814230564288,
22.29449180612675,0.26984593976533167,
9.486213980770035,0.964503156262356,
17.12517108994026,0.5813880227597017,
10.2302723971689,0.9470347947881482,
18.11364750972387,0.5148591647941315,
17.037943956963055,0.5872971047569584,
15.202523616490494,0.7096414100370005,
18.657595168232685,0.47899086272123026,
17.69430652664754,0.5429366778213807,
17.416996575078063,0.5616397203576282,
25.945962134484315,0.13170179312151786,
17.637945614440397,0.5467309566185741,
12.90679946338711,0.8433078315944381,
15.157326787322628,0.7125469159888802,
10.23048702983337,0.9470290684230818,
9.828514760600243,0.9570498102347436,
18.852070571438567,0.4663623079158775,
28.92726443114949,0.06713786242230924,
25.86331560663249,0.13404287707691753,
20.057181271702387,0.39114473741834876,
12.27670802752042,0.8734593367718432,
20.50829799060087,0.3645941419045182,
13.449661043066882,0.8147772087195857,
34.52245493308552,0.015934086151520255,
20.082001459396636,0.3896590479548353,
9.775425497468422,0.9582696534530085,
18.84086794585628,0.46708660713005345,
12.492033139217073,0.8635310128373899,
25.225901403320844,0.15323999177971537,
7.517525228660602,0.9909016231139355,
20.2589062267076,0.379152548616809,
30.73327010217629,0.04317685450854547,
27.663519658889,0.09012165205234046,
21.71840714009493,0.298494028796211,
14.97954720108367,0.7238963735938408,
5.502086477102364,0.9988679731282113,
24.243603037992774,0.18697341590213312,
37.472535061089005,0.006921602248774805,
11.063919273064245,0.9216696327192865,
13.250574693152856,0.8254999248868975,
30.78796217985981,0.04258814165905178,
12.86021189175157,0.8456495940804967,
7.980859605657592,0.9868624403089328,
23.703471692552373,0.20777375961644529,
26.384442831110306,0.11982855039579987,
24.743087744128726,0.16917372692032373,
25.461978749326725,0.14589089776560482,
20.406735294230582,0.37048651543381084,
13.961464730071096,0.7859330581427009,
18.340351478424427,0.49982169343036775,
14.742479907245105,0.7388182478133021,
10.37871587171801,0.9429768363415805,
26.952468819258463,0.1057650784319879,
8.816058899912463,0.9764111758952747,
17.52210615472511,0.5545411838663727,
19.449021077688126,0.42839036045199874,
22.789530974624356,0.2467393163507149,
15.514051618320796,0.689413786987638,
11.45650440102979,0.907526294727305,
13.749682861230324,0.7980829970536303,
15.130290245602732,0.714281178888079,
15.9360695561538,0.6615391810346067,
19.90998009510037,0.400013251722109,
15.175425918023224,0.7113843481015014,
39.229195035303476,0.004125285285850211,
23.96156137707335,0.19763094755340904,
7.909324399238516,0.9875602316507927,
31.81766049016788,0.03276420781265743,
20.422800130476976,0.3695511193239205,
16.246934997297817,0.6407439295498303,
19.482671021878055,0.4262892244485088,
13.601739506681628,0.806393297465232,
27.067697095014996,0.10308608366857297,
25.385082404688358,0.14825335830697772,
24.370094133460665,0.1823368884553882,
25.70338979255072,0.13866806122679598,
15.404263942184137,0.6965804091679735,
12.557729672577802,0.8604230551088123,
21.126003221122243,0.32988051483826575,
19.59813338086258,0.4191141166964607,
8.341344602834399,0.9828943412606349,
18.15400470386679,0.5121739918595741,
18.795111090043854,0.47004908611299245,
20.8411125253963,0.345646316778788,
14.759913066614251,0.7377297490347852,
28.21522579637142,0.07937322889664411,
16.121679187096706,0.6491445854182327,
21.857814388651963,0.29138969123356817,
10.780552529625082,0.9309994829159919,
19.041539627484777,0.45417420516255524,
14.725539704392647,0.7398745763430141,
13.534602666045771,0.8101146490799774,
15.798041559428562,0.670707497559274,
8.897395822668829,0.9751449504398132,
13.424926652092623,0.8161251844471602,
20.524269150136995,0.3636721588316243,
22.561223189054267,0.25722121052637226,
12.560907669191222,0.8602717875674477,
15.386836754005339,0.6977143417982454,
14.924580600140935,0.7273786192378526,
8.427259713259208,0.9818313456982188,
22.473914323004998,0.2613087781046257,
28.14342363675531,0.080707025317036,
20.19718111157133,0.38280182774979865,
18.457246245659302,0.49211526130004624,
13.200584377559224,0.8281460695532284,
11.063958371915154,0.9216682945986995,
16.745564944661073,0.6071005043847979,
22.43654284351455,0.26307176842825997,
22.977750866041024,0.23832319836900573,
22.32319763574524,0.2684677049892541,
14.651936329996675,0.7444480449078518,
18.777051733060258,0.47122011106017003,
12.516266300702824,0.8623888430371869,
15.12446256647628,0.7146546184408833,
19.305052859418073,0.4374296458901795,
14.420441189121112,0.7586532758932912,
24.81699377778274,0.1666547008625895,
12.131103226187916,0.8799451787442294,
25.59957745849452,0.1417382231479074,
20.424115350576802,0.36947459459824206,
31.868556991916016,0.03233636885376412,
17.174703653979392,0.5780332619518254,
18.38927145418448,0.49659242511556045,
25.297015692453797,0.15099610622001358,
11.17406811493207,0.9178442046036318,
19.05148071197233,0.4535380403493037,
13.62341056330836,0.8051853690608785,
18.78277972394393,0.47084858148473563,
20.237591345304384,0.3804106828073506,
19.7893481748743,0.4073526767525393,
14.987866191011992,0.7233682132799741,
11.544422105223676,0.9041653306959367,
11.19060764137934,0.9172601701336036,
18.95776141672706,0.45954880950959165,
12.73838835510646,0.8516901474471034,
10.87832539287747,0.9278633841925319,
10.757021510136314,0.9317412169272908,
22.471086774425036,0.261441887135174,
7.9450629656414895,0.987215174635169,
49.01591445403048,0.0001826650464407109,
14.989271631291052,0.7232789548002542,
13.17949323600099,0.829256811028259,
15.569361533580977,0.6857888246490949,
26.59861747532585,0.11435544427121225,
12.842411500034332,0.8465397333507683,
15.947202966135336,0.6607977385771766,
14.160430763396942,0.7742599622831285,
19.124980630484124,0.44884517041143135,
17.838752435114046,0.5332323257981707,
14.590788751832775,0.7482271347049948,
20.065628592502666,0.390638780310665,
10.72172353095965,0.9328444003685072,
33.068931059544376,0.023603747183817636,
23.66425297941809,0.20934794776407895,
18.589992238671826,0.4834069694620827,
23.221127655669235,0.22774247108400747,
13.766692900389474,0.7971180018466073,
11.949481559289481,0.8877733178191247,
19.9903360008475,0.3951599185955723,
19.3946075819996,0.4317974029796816,
11.894194567331757,0.8900979129089375,
17.48946517691071,0.5567444921588038,
29.383356038951455,0.060189459122760636,
17.93054930898266,0.5270818693648013,
23.591923468693068,0.2122740317216142,
15.8976860319385,0.6640932458928692,
16.28309552481829,0.6383139875971611,
21.82086647487889,0.2932619902494613,
22.35750492687947,0.2668267081412883,
13.360999723711416,0.8195884871180521,
16.058689773980614,0.653358607770129,
13.573709203881904,0.807950839342352,
25.552794865445964,0.14313939962001332,
19.13536420646817,0.4481837230286201,
24.636880523938334,0.1728450545598399,
19.74304601029419,0.41018650842262794,
29.913340225079,0.05291175698621631,
14.159063922573887,0.7743409728547992,
19.226771084217916,0.4423776753729167,
21.117512913472858,0.3303441747075555,
11.44489343528966,0.9079648806152187,
14.45670609614447,0.7564465525998304,
13.742385074927844,0.7984964135574045,
16.27847368310088,0.6386246795094734,
24.928290469634263,0.1629161994714481,
18.640272355876725,0.48012121772135485,
20.1998822483711,0.382641757180298,
10.34453368426426,0.943928625985591,
12.335638135707422,0.8707818202074774,
22.266835393391105,0.27117824044907035,
15.955147540921544,0.6602684935330467,
13.99465831098361,0.7840026147426445,
10.599442094973904,0.9365785194833808,
14.34726828913513,0.7630840000096573,
19.251451509038855,0.4408152219579622,
19.99092668259581,0.39512434969129484,
21.55409890765668,0.30700644580031355,
10.474442432984267,0.9402557595879425,
7.900069149517636,0.9876484444726266,
10.597546719200158,0.9366353313467866,
29.58845896157733,0.05727511824123743,
15.680449741808868,0.6784807085683076,
19.507639503108933,0.42473307351338585,
14.114620780256324,0.7769689698128865,
16.605074011866748,0.6166037121018904,
22.423248566688486,0.2637008521443267,
40.53410809726036,0.0027827310988546294,
27.252865917137893,0.09889963725601647,
16.691486294209547,0.6107600516084433,
15.32278518857001,0.7018729932130433,
15.994207751481316,0.6576644308732094,
23.564588767075485,0.21338758873749364,
15.875259492252795,0.6655839583665452,
10.489611198182114,0.9398170330445985,
8.502852266984911,0.9808568383583374,
26.958174113410404,0.10563108460537485,
12.889845238723074,0.8441620661837654,
14.753878921047347,0.7381066751162877,
18.5491173463701,0.4860833203957263,
13.60560303007287,0.8061781862823838,
24.33656178347733,0.18355743381752943,
12.296007633519608,0.8725857651776375,
15.097854001128043,0.716357983199398,
24.179146856386595,0.18937003643406625,
17.09624411043114,0.5833474966698498,
23.882653125331583,0.20069221124249326,
15.73268709092934,0.6750321731284573,
9.686813385574156,0.9602530076593593,
14.720526245536036,0.7401869327446693,
23.256981180458517,0.2262124611485744,
28.445234286216873,0.07522685353030556,
25.493556628540876,0.14492944052198475,
13.426844364776203,0.8160208310559572,
15.910945034579719,0.6632113609770283,
16.923062797924423,0.5950802316983059,
17.048327200425337,0.5865936504521352,
26.187725299017675,0.12504263165890717,
12.177799182284247,0.8778853762615351,
16.624273107468138,0.6153058382221843,
14.52493200695868,0.7522759658306495,
15.138487008806612,0.7137557001491164,
14.647334104901123,0.7447331269790853,
20.608482259047065,0.3588316681399075,
21.21078459039787,0.325271690576036,
25.33293463837621,0.14987264592303906,
21.149032006890625,0.3286248370580679,
12.483236232289563,0.8639444011208526,
16.5299831155748,0.6216769328085514,
16.228195420183766,0.6420024111169871,
20.661545680187487,0.3557998661396272,
22.85114713732717,0.24396177324346802,
14.186789874187726,0.7726955321813033,
6.572572259514818,0.9961674829678722,
22.136494259448238,0.27751590570053275,
24.14087352279268,0.1908040208567765,
34.69931815794867,0.015177389468115865,
23.047137252647634,0.23527199606538485,
18.903016615231273,0.4630734766816397,
19.97374046897979,0.396159888301696,
12.943577546842512,0.8414468803204044,
18.569747458144427,0.4847319519601264,
9.28816621908805,0.968380823038938,
9.44296717039639,0.9653765581234646,
20.610549923166307,0.35871326622441435,
24.93349931901471,0.16274284275196294,
8.130572697082334,0.9853081130399125,
20.361192481889585,0.37314511731975275,
33.251864422209195,0.02248042311108167,
19.43780981410425,0.42909139474969016,
23.224818513241622,0.22758462774680965,
21.212568040468984,0.32517515365741534,
18.56065553277702,0.48532737105151247,
16.65714775314916,0.6130828405727502,
29.658632210163084,0.05630679483769363,
14.506556309412636,0.7534016743963245,
20.38753657637362,0.3716060319393747,
14.923412257088806,0.7274524932063942,
19.64116551566691,0.41645389909028663,
24.738712471893606,0.16932377161389733,
15.141129157246468,0.71358626057965,
24.561805658193553,0.17547694590242713,
14.619053777327187,0.746482614694682,
17.603402893306594,0.5490583438430177,
26.87159111294101,0.1076797986606628,
10.78596754039173,0.9308280785543767,
12.051802583766875,0.8833991469361852,
15.678158772586468,0.6786317796458586,
18.084447421456396,0.5168040824013732,
31.591864263001654,0.03472448338686429,
12.255878136541835,0.874398542108902,
22.980545841656117,0.23819975726578413,
13.742277764138134,0.7985024900032531,
17.173502901053297,0.5781145779779453,
31.18136586442291,0.03856030642254127,
19.78713760469866,0.4074877612381328,
16.361410536878452,0.6330448170517178,
21.429347808125936,0.3135691289697675,
18.62243989904738,0.48128572842249584,
23.231113653580763,0.22731558965944765,
14.365367592847013,0.7619908117513997,
19.31391149819659,0.43687115182867453,
9.5681023209437,0.9628079443900692,
24.762049125952583,0.1685246555633737,
26.979329690797666,0.10513545841816319,
12.457330090946392,0.8651579732743504,
10.362093078488847,0.9434409932829955,
27.199833881858986,0.10008383673880239,
8.836505606034883,0.9760973167775314,
14.693566635121684,0.7418645276543538,
16.25889100602278,0.6399407211236148,
17.9359289643235,0.5267218694759989,
21.91422255930585,0.28854606379508474,
14.05785043668392,0.7803085474897016,
8.739966021653611,0.9775532753578231,
7.572782228712108,0.9904772261620014,
19.204947585462723,0.4437611264428918,
7.1546895925993335,0.9933417438555918,
22.78439055596516,0.24697202327687684,
18.15233225179533,0.5122852011308949,
19.80331387820236,0.40649974134925415,
13.400366569861202,0.8174592753680644,
19.039449418747907,0.45430800813039696,
25.292274010852022,0.15114491038070765,
23.457108301932355,0.2178073321681505,
22.4008916072748,0.26476106321441784,
25.38873722276403,0.1481403906747073,
25.614699907390495,0.14128764132307892,
19.35523431927904,0.4342698771881769,
27.27336370706439,0.09844507788569667,
11.99091033055055,0.8860134935436604,
16.0164027819424,0.6561833004809345,
24.663875245477968,0.17190615330523829,
16.868167625041124,0.5987988142933921,
9.046239397706284,0.9727034977593898,
12.46678728497461,0.864715613246744,
18.613680038992705,0.48185810444584554,
13.887247461976678,0.7902240419116902,
28.775647135208608,0.0695969601237445,
20.61798274581108,0.3582878130756093,
18.149969439311104,0.5124423258009235,
23.777654132936117,0.2048199701993323,
18.69432078007033,0.47659731365245295,
7.710653423817655,0.9893528801099942,
12.884577825111467,0.8444269943638034,
19.26186922323441,0.4401563788268459,
17.15375698141908,0.5794518569763,
11.272488723391968,0.9143318230712109,
30.368089407488604,0.04729676889678369,
15.390345144045604,0.6974861447052649,
10.265844174040948,0.9460801888394341,
19.747185353793654,0.40993279501972757,
14.66233464734273,0.7438035405160617,
17.62673622663188,0.5474860566213666,
26.175518151092604,0.12537218065849687,
14.134876880249426,0.7757726600908263,
23.593077108624655,0.2122271282799285,
16.6027711558319,0.6167593673597473,
29.951894806274417,0.05241387818025367,
20.636641450525737,0.3572210155965292,
18.157269707437113,0.5119569033268827,
38.69055644074977,0.004842264816758424,
8.520605900026688,0.9806225542804541,
18.46515887762423,0.49159486563264043,
26.239562310601087,0.1236510608290129,
22.74979535527345,0.24854210009876287,
8.151752573255777,0.9850776875739053,
19.599637958791018,0.4190209759955603,
21.66509239298891,0.3012397057068208,
20.430320398973517,0.36911367407316265,
18.740875213265742,0.4735689122820643,
8.804526327446965,0.9765868936248951,
25.455278005995954,0.14609556656292144,
14.994086447739765,0.7229731055896129,
13.223429190706971,0.8269391640671107,
29.554780339868863,0.057745012251051664,
16.389721716741505,0.631137954908707,
10.556611672110558,0.937854386031442,
16.562572594342054,0.6194757660938082,
30.47520464542809,0.04605357771386176,
14.043595579504647,0.7811440115495518,
20.141163520295315,0.38612914462465786,
16.6011248117801,0.6168706448578569,
23.891540016190085,0.20034569516872058,
20.893006523460304,0.3427428630987486,
21.901429532267723,0.2891894107853169,
19.067256695688197,0.45252917915676205,
20.841203847117722,0.3456411951056946,
20.706632817521122,0.35323496414064093,
26.11124912398072,0.12711887438620573,
14.807200179622857,0.7347699933868149,
26.58636627506038,0.1146628743051038,
11.270659122608233,0.9143979283268815,
32.79871063455753,0.02535704968716279,
14.153441722959883,0.7746740751895538,
23.97546242522647,0.19709527118518733,
19.15374758735064,0.4470136180463088,
15.927917425717052,0.6620819071421451,
11.95824610920784,0.8874022923904745,
11.722839603500024,0.8971280806854752,
11.79242700631917,0.8943050652763256,
12.889440996913482,0.844182405690631,
24.72048003276501,0.16995013735952413,
12.473741408403429,0.8643898485432717,
11.856449928021464,0.8916691778958264,
17.00733685279597,0.5893707442162532,
19.03339960849241,0.4546953660660442,
7.41582729661652,0.9916449433944886,
17.01563666308877,0.5888084261174991,
11.015041814575481,0.923331443129639,
11.746714769852757,0.8961644512764253,
22.040493638352974,0.2822455858149491,
16.228670012877952,0.6419705460656812,
19.843246348776223,0.4040655816930895,
25.14153603667321,0.15593594085812001,
28.059767591339366,0.0822851173364928,
13.152874336049425,0.830653824405264,
14.614513970040475,0.7467630842146984,
14.783492681957615,0.7362551848311897,
12.647937096197563,0.8560964219209558,
15.47583466698777,0.6919129117776119,
21.437309006052573,0.31314776821822676,
24.10956537409769,0.191983093411506,
22.186398708579052,0.2750779373862089,
17.50742018297239,0.5555323772884548,
9.445946912701569,0.9653168618212975,
16.651631330043156,0.6134559179884731,
17.00934293064214,0.5892348308682884,
22.037606720633804,0.28238862562733946,
20.73382376562034,0.3516931238704587,
23.925460691216497,0.19902714511598996,
11.271484974022506,0.9143680933174901,
15.714090499680974,0.6762607065873371,
12.19533051843664,0.8771071083860085,
9.112646662288823,0.9715612722661414,
20.915027383066498,0.3415150296139091,
19.952593931434784,0.3974358709735205,
13.46769292867277,0.8137917269848856,
15.95986631444839,0.6599540769723125,
14.514275935714167,0.752928980140035,
22.489477608116278,0.26057694483163707,
22.98535695422477,0.23798737787931645,
8.306181860196052,0.9833159634886127,
14.924695875343554,0.7273713300972391,
25.858695495056033,0.1341747314292887,
10.851486079116132,0.928732964961708,
20.916246029342155,0.3414471544073755,
19.265889956553576,0.4399022049476782,
11.303025780230556,0.9132239527007046,
19.846319944351336,0.4038785122340811,
17.005114629987034,0.5895213016230052,
16.820856211191547,0.602003047619908,
12.83487755617565,0.8469157102301128,
25.093760905207535,0.1574790537555033,
18.523299289867136,0.48777616260155443,
16.557308589574816,0.619831374870174,
16.31904661940152,0.6358962007552552,
20.099837183847775,0.38859318003817567,
30.108924194112664,0.0504284697216536,
11.69216335331633,0.8983586281246867,
10.174227808469002,0.9485161617026986,
11.187525178572132,0.9173692068394836,
22.86650034037868,0.24327307575724877,
16.890947957616657,0.5972557590742167,
13.581504973585277,0.8075182073792628,
12.642316664366213,0.8563679810605105,
20.208744288691786,0.38211682928199653,
18.603546582874895,0.48252050341206587,
28.367826296564687,0.07660104103507415,
27.581150826178597,0.09182760703302173,
20.928372206852245,0.3407721821002041,
29.88979885948417,0.05321780503180007,
24.770099063381473,0.16824967890814235,
15.251403336452363,0.7064904034981228,
28.158570601045536,0.08042407280449049,
28.540510974256204,0.07356457809733419,
17.032170626871206,0.5876882457264343,
34.729727742641096,0.01505068386132824,
20.940422575631306,0.34010219003558606,
24.739606679566947,0.16929309748818866,
16.723332145095668,0.6086052169152867,
12.470850551629326,0.8645253201942972,
22.82193125737211,0.24527605047801804,
10.527255146604398,0.938719309122544,
21.48596340828817,0.3105801951584224,
10.756240449788532,0.9317657505783761,
14.621842183757266,0.7463102953838516,
15.019576787946928,0.7213522594914848,
21.899439077491934,0.2892895913906014,
18.586404854133022,0.4836416737425593,
19.495357168559554,0.42549825452922796,
22.156357476486082,0.2765438361814151,
15.1696228183048,0.7117572391164688,
19.3242325165917,0.4362208356017834,
17.507123192025272,0.5555524241556928,
23.46540170348506,0.21746395336403657,
12.75192795567266,0.8510247726781565,
16.054332090391867,0.6536498576114265,
20.022566360685115,0.3932214144938164,
22.96172944272712,0.23903165641620094,
15.690636739356405,0.6778087816521301,
17.554693725448992,0.5523425491481349,
16.25170971699537,0.6404231888646865,
32.98228925231301,0.024153476096461124,
11.30699731664099,0.91307923818082,
19.852715093455586,0.40348941391495907,
17.27784006384856,0.5710509835581548,
8.250917261950807,0.9839631127977135,
16.839073052290836,0.6007693697552177,
13.753539419756645,0.7978643805237121,
18.424719751205796,0.4942561537201069,
10.795489967648805,0.9305260108208385,
22.025695350880113,0.2829793044122858,
12.526907992917003,0.8618857024873533,
9.8664049275298,0.9561646195619335,
10.385793282200021,0.9427784655458045,
15.96023662224639,0.6599294009474463,
8.474674542071499,0.9812244387597293,
14.32094577541631,0.7646706007837862,
18.627770577011145,0.48093752461951544,
22.797464263087946,0.24638047421957743,
19.370412655245218,0.43331603558868637,
18.86144797169082,0.46575632386713073,
14.010773510777055,0.7830629112960409,
16.30351473351133,0.6369409811525673,
13.492783911092623,0.8124165703736662,
23.753751954326976,0.20576830873508722,
24.282847410985628,0.18552547864361024,
11.625408462007345,0.9010069112352912,
12.684362394038496,0.8543301223424047,
22.418343728085016,0.263933204185284,
27.224312156524253,0.09953577389655333,
17.67009021737271,0.5445664515624665,
17.42297129091452,0.5612359599748176,
15.308523918357166,0.7027969683287616,
14.868377353934806,0.7309254712122852,
17.527815575781506,0.5541558987975028,
22.0786283303421,0.2803605364923183,
8.886437772857239,0.9753183073453434,
14.956339510004081,0.7253682256544113,
16.256911257980473,0.6400737364392736,
24.169255361657175,0.1897398612203265,
23.193841374952076,0.22891181905952684,
16.870465740705736,0.5986431542954771,
16.598269849764723,0.6170636084314849,
30.35439631106634,0.04745781857402698,
13.470631444390182,0.8136309093774272,
23.443694804329652,0.2183635328310548,
12.396756483886444,0.8679731930214567,
6.431715859053254,0.9966822357743579,
12.032457452676631,0.8842332821378253,
20.994897435044752,0.3370829142071372,
22.279733313181495,0.2705563617508919,
13.941327175804544,0.7871008126181074,
12.354211718778071,0.8699316946545976,
12.95863772196281,0.840681735889165,
14.297229394274225,0.7660967755407173,
21.851210195569305,0.2917237895317242,
21.598663256666534,0.3046828752325388,
14.310347597965034,0.7653083107966505,
15.941802996451106,0.6611573900927354,
16.016797464931265,0.6561569530817407,
39.01307567495985,0.004399954065319345,
16.707247428872368,0.6096936568767948,
19.34169910208232,0.43512120487318007,
20.547538761448273,0.3623311128549689,
20.560007887597045,0.3616136141254902,
19.7067698283404,0.4124131034756753,
19.40884207153313,0.4309050108150777,
22.314142977434162,0.2689019322805549,
22.228663889681425,0.27302425671642183,
6.816398702979375,0.9951298994428003,
8.113577858358026,0.9854910929143486,
20.456647059023567,0.36758446014981394,
12.508199079728996,0.862769623857219,
19.54150914321931,0.4226261528605961,
13.656323244737974,0.8033446336420702,
19.078887096386868,0.45178597656051767,
9.157788789925329,0.9707658266572677,
10.338220132244082,0.9441032847872391,
17.25502916466902,0.5725948446418408,
29.90641819699579,0.05300158510064035,
23.108964766839605,0.23257648317222546,
13.945080469990337,0.7868833581714064,
15.794723254048238,0.6709273429969425,
17.748726968314273,0.5392770091625327,
17.26157061243027,0.5721520862656149,
11.142755391886764,0.9189430201914712,
15.098228233362256,0.71633404616238,
21.808805261599307,0.2938748388152058,
31.639293695889915,0.03430416756412191,
15.05360645535665,0.7191841829863961,
16.531143081326164,0.6215986031844778,
15.206609841606847,0.7093783384048287,
8.709852826760738,0.9779940723310852,
11.391699729777496,0.9099584053095247,
17.71747707793141,0.5413780086553412,
14.86857145291885,0.7309132464171819,
15.11122817694596,0.7155021806352613,
25.745439092207544,0.13743973867464065,
30.07348753834377,0.05087061992736863,
17.044991203745713,0.5868196598508226,
25.62892368599711,0.1408648802881709,
9.242585927349424,0.9692295481572373,
18.915327576317672,0.462279997085964,
21.01632572715483,0.3358995205868114,
19.026669859749752,0.4551264062635677,
19.467566138131296,0.42723183440904,
15.019743355761136,0.7213416589936117,
21.07521382732411,0.33265986346848386,
16.560895351991995,0.6195890745591175,
16.399145967133997,0.630502971570359,
15.37778734298002,0.698302750966191,
26.526183961902916,0.11618297104923658,
23.22541130032828,0.22755928386949997,
17.811953048712084,0.535030469974781,
14.752037092804187,0.7382216914292756,
17.29554870344238,0.5698526417911061,
19.029824152359275,0.4549243546561865,
16.190458672575748,0.6445349575330497,
15.10690421972574,0.7157789456444962,
17.585706049285626,0.5502512439548302,
16.28473554923943,0.6382037333898198,
14.127385699850741,0.776215370779722,
16.001103647977555,0.657204359842838,
33.33220053341024,0.02200274144313208,
15.014141796433785,0.7216980824135787,
38.943562595568444,0.004491922115943958,
14.124348886423395,0.7763947431605123,
9.832254680781634,0.9569629796272964,
15.877820346309601,0.6654137954845893,
8.61687488375117,0.9793157045824481,
20.47727312118405,0.36638874492401663,
22.010977098021034,0.28371028452767044,
19.18573492928085,0.44498050497133235,
19.518088608705774,0.4240825766762786,
16.497929806951294,0.6238408911505795,
20.852465680319995,0.3450099187718385,
11.620014262077053,0.9012191392525647,
20.040870724805277,0.392122588411142,
9.805232382859318,0.9575877021163421,
12.6667128688218,0.855187340208684,
21.20229833623572,0.3257312797440133,
13.813415166764537,0.7944575019221958,
28.64595829067226,0.07176181073704446,
14.296134530108064,0.7661625378287761,
19.393036399825654,0.43189595206275455,
11.594873820453946,0.902204763723819,
22.110993338522242,0.27876716179711303,
15.890040726606848,0.6646015677700019,
33.34173546954872,0.021946667496284045,
21.54453682292414,0.30750643966886093,
26.23536772937012,0.12376319382681822,
14.145132639165306,0.7751660243642388,
12.869203379003382,0.8451989879527044,
16.499798593629674,0.6237147553597013,
20.226934888657144,0.381040497321504,
23.24675798516265,0.2266479743665375,
15.310832087181083,0.702647473300402,
29.107784086557054,0.06430853269423464,
23.4684132096337,0.21733936244137764,
19.91661992549684,0.3996111292256703,
8.7779985404107,0.9769875219344836,
14.74428869984993,0.7387053769961969,
19.6085214316744,0.4184712353065414,
12.259996532028442,0.8742131459706443,
15.713106843809998,0.6763256632516408,
22.601808280523173,0.2553360169534349,
14.412465660370323,0.7591376323389041,
15.73230727907713,0.6750572736258948,
16.64499347048327,0.6139048099332536,
27.63527687940972,0.09070355106086114,
24.827623409624202,0.16629479998215868,
17.467138828983913,0.5582521332115511,
14.38003650246588,0.7611034846596993,
34.04936828426279,0.018132771650403168,
18.221365390521512,0.5076998576447993,
15.777573941525326,0.6720630794185125,
17.217602855342104,0.5751284423581317,
16.01379509704708,0.6563573706775443,
24.11658222635366,0.1917183630078072,
14.492983514333087,0.7542320137698718,
26.206610943477546,0.12453417593499294,
18.32160146185332,0.5010609469980962,
19.661383306112903,0.4152066973642319,
14.673344167192065,0.7431205703520214,
17.698188158708625,0.5426755127209558,
21.699311460248087,0.2994756247390131,
14.099377189104084,0.7778676138288096,
14.674703052683071,0.74303623115261,
27.606475979661145,0.0913002149299793,
24.71464582037282,0.17015094567854905,
9.44266049222375,0.9653826980909274,
27.39947037806816,0.09568689473013925,
17.29294008090293,0.5700291558718125,
12.338945033254232,0.8706306791366916,
20.539258034631608,0.36280802968806336,
19.981956985914394,0.39566464436598414,
17.250478070953363,0.5729028984153133,
12.936610042625578,0.8418002601018719,
12.533580835164615,0.8615697214746544,
12.856339671431678,0.8458434487382668,
12.296562178979585,0.8725606166161178,
16.61699204317266,0.6157980778058934,
34.7339196223328,0.015033294818515008,
28.10186228714642,0.08148778139250157,
17.839848810675154,0.5331587867541712,
16.00570159978213,0.6568975448803576,
10.881822476949436,0.9277495950633283,
16.580394102471622,0.6182716559958068,
12.59010355904544,0.8588781385023602,
7.245875886093597,0.9927825965225618,
18.147064821231456,0.512635496116028,
24.327954264155466,0.1838717363444734,
21.0950121066289,0.33157481101180575,
13.501389693987047,0.8119438791130781,
22.810694826654913,0.24578282813509533,
17.310368146646294,0.568849950535369,
19.117751350776604,0.4493059104462467,
34.65323058535355,0.015371302257241704,
12.815946788927977,0.8478584102976463,
18.39363023984624,0.49630498282957136,
32.51899590474726,0.027296217954477675,
20.530113761639043,0.36333507670820864,
12.393308435645515,0.8681324995044101,
11.12594944223545,0.9195290549584452,
18.236186541597995,0.5067167653716209,
12.123111655839201,0.8802957712587067,
25.376861424113056,0.1485077118358037,
18.068508084230814,0.5178664683215473,
14.764438747854504,0.7374469366544592,
22.628879978614147,0.25408378394932574,
13.607809284518467,0.8060553011091574,
14.976182781193048,0.7241098915554705,
22.647918681710852,0.2532056474499672,
18.4044431946969,0.49559212232873195,
21.42242388970964,0.3139358718278822,
17.944950706718526,0.526118259172373,
22.889955657455033,0.24222355864432932,
27.123772500565643,0.1018029566323756,
25.40234122731223,0.1477205004069202,
17.735558068252768,0.5401622179188839,
21.72251872546128,0.2982829425642196,
19.84411672583515,0.4040126034085184,
10.306699250821621,0.9449699759346608,
36.73650054069661,0.008558957595604766,
15.485435703260164,0.6912855075019695,
17.11459077115851,0.5821046975247004,
18.391324115958906,0.4964570554107848,
21.220073366466263,0.3247690829191945,
23.229823709061776,0.22737070007071747,
16.941723337668712,0.5938160499373686,
29.99584399966723,0.051851374841677234,
9.742636586205478,0.9590112031419795,
19.915051489682206,0.39970609947136304,
11.30806619934805,0.9130402655965829,
16.400360970231958,0.6304210995661995,
26.799673023577107,0.10940646849234348,
14.894459850706177,0.7292812182500399,
11.602311253332163,0.9019137806672974,
19.710435602776077,0.412187848875353,
20.616527902327928,0.3583710661770001,
22.078036987405298,0.2803897044317273,
17.38811213028429,0.5635920784137285,
6.491093835140825,0.9964723612446461,
16.618113352469415,0.6157222738636985,
8.142899648051106,0.9851743255966903,
16.756646532943027,0.6063504078325999,
21.428437793714654,0.31361731521485514,
22.874188304233524,0.24292872647672537,
20.329199062985744,0.37501875335500356,
17.067344349235842,0.5853052861773648,
20.44925858278981,0.3680132858184544,
19.676168525522918,0.4142957009918291,
18.55851759605972,0.48546741501623814,
27.882143499483554,0.08572319685160357,
20.082102767600656,0.38965298962087913,
15.152035291298237,0.7128865656012036,
12.800545181485807,0.8486232225068272,
17.394787053941197,0.5631408492361125,
27.592938869785556,0.09158180402083527,
17.524185721408216,0.5544008460362668,
16.712880736349867,0.6093124724513317,
20.1527220953724,0.385441393890122,
29.523814709266734,0.058180030033431196,
7.608721874183062,0.9901932438167245,
29.292367469167704,0.061523288191436154,
18.21074602855075,0.5084045444094816,
33.95960595963304,0.018580259822960077,
30.324739493238074,0.0478082907742885,
16.817756854760653,0.6022129301436998,
37.4335098291735,0.007000446009764016,
21.907931553810712,0.28886231620504077,
12.328273425566287,0.871118083262804,
20.144343896693673,0.38593984605737186,
12.881137718658808,0.8445998966351216,
28.74328431733926,0.07013182890385505,
23.69758551044923,0.20800946777575724,
9.635172137640387,0.9613787223775861,
34.23642161833902,0.01723198851277785,
28.409892472360504,0.07585161106871996,
17.285514410729373,0.5705316397402871,
14.899123322286647,0.7289869099744105,
14.122718349225082,0.7764910295760361,
24.11519853908297,0.19177054479932054,
25.176146029397557,0.15482548506503802,
15.576810664399574,0.6852999024596083,
13.11194650606063,0.8327912009127074,
21.60704015682205,0.30424733333126164,
10.724189869030168,0.9327676875605693,
10.137746929240468,0.9494655890608257,
10.273773157182584,0.9458658805631565,
12.158606802331878,0.8787342905372831,
22.85887201667249,0.24361508953178523,
15.217443604140069,0.7086805530893615,
27.01449624998245,0.10431586745217769,
20.602488145569907,0.35917503384621485,
23.65254598222411,0.20981954033920314,
19.281920665384117,0.43888940902697005,
12.41230307601538,0.867253644082296,
18.288753473507644,0.5032339988339525,
23.87634593748277,0.20093840937017604,
19.62406173822495,0.41751032761416407,
17.9045881326761,0.5288198608677048,
21.90377197495387,0.28907154302618365,
18.21124944457591,0.5083711327570142,
24.488235691105412,0.17808575738215038,
34.98808119952929,0.014013062438341661,
16.272431057853645,0.6390308320591951,
16.287382699034705,0.6380257646158547,
18.274571210920485,0.5041730045684056,
16.179883819791687,0.6452442217738391,
15.767851871602812,0.6727066023395827,
27.001266533061354,0.10462357286438462,
9.87008801174882,0.9560779251503936,
17.939949770042833,0.5264528351045287,
17.34848653187176,0.5662714676353525,
17.803826431332336,0.5355759559504585,
18.102273009790913,0.5156165759748084,
18.765256823543222,0.47198547070521535,
14.00118478051032,0.7836222410217448,
16.596463622678332,0.6171856857867444,
25.404594488838047,0.14765104417107566,
17.88581185548702,0.5300775658640049,
23.655487021041097,0.20970099349773585,
26.947051880158607,0.10589243067972032,
15.168512791478724,0.7118285514878961,
10.418858086247006,0.9418457678476159,
9.98339886915747,0.953354121210732,
22.399346640903218,0.264834434274295,
13.391353970271222,0.8179477344067974,
26.128884715772802,0.12663762173144888,
18.392301102296567,0.49639262844201115,
11.226132407770242,0.9159972452136921,
23.200594992009307,0.2286219967862635,
15.885902897157717,0.6648766276743769,
13.050763497946765,0.8359622217285965,
16.763104090905436,0.6059132771359967,
25.044404291028403,0.15908578254745576,
20.518259633627604,0.3640189281016004,
10.1427442908753,0.9493362205714566,
25.764769024517875,0.1368780174677594,
28.82026278354367,0.06886536983057212,
16.108931645048383,0.6499980035896458,
18.500355211011343,0.489282073195376,
11.395081326525288,0.9098324458177087,
23.765798744448222,0.2052899391714994,
20.018810883358537,0.39344704690197085,
13.349546582671392,0.8202058129487926,
22.279115059244564,0.27058614946089765,
45.22275260993395,0.0006378489711231783,
21.097791654101155,0.3314226434832779,
22.93061711910158,0.24041163887342143,
24.064725975844933,0.1936812597457731,
19.422486783801688,0.43005033270081405,
17.060873894778883,0.5857436385425896,
17.87113962195511,0.5310607744232523,
19.62738207749679,0.417305149478192,
12.915063364535774,0.8428906228851929,
14.519265704526598,0.7526232763011268,
22.254750176464746,0.27176179582772564,
18.77430928270437,0.4713980278474633,
20.334226243152774,0.3747240196089644,
19.54608799339084,0.42234167213935603,
16.61550895502026,0.6158983376014648,
13.789087413272474,0.7958445994961596,
22.567647345197337,0.25692217605951284,
23.728939075928643,0.20675619480198437,
20.07338405188673,0.39017455000589596,
15.194946549575812,0.710129054191543,
25.7521411012564,0.13724477156038217,
14.707107081745988,0.7410223974077843,
17.012236282385707,0.5890388041537136,
24.890321919689303,0.1641841815105225,
24.984139788150067,0.16106494360592483,
19.800787050786084,0.406654001367865,
14.130063239442897,0.7760571733130535,
14.983438212893008,0.723649375834384,
19.869485073207063,0.4024699321594374,
18.761339910743775,0.47223972923658486,
16.896265641473132,0.5968955416827957,
9.220059758602948,0.9696430498421471,
13.898519810981142,0.7895745848737417,
14.472552687600585,0.7554800666856755,
13.435178178102525,0.8155670328285447,
22.05098237073019,0.2817262918103165,
12.479911688119989,0.8641004584994486,
12.50469790339398,0.862934711369997,
25.59997777292679,0.14172628079649974,
24.610470931041732,0.17376741386356742,
35.45290882464885,0.012311465171401359,
12.722171494656315,0.852485109036263,
16.80294654835333,0.6032158062170587,
18.150452001114736,0.5124102349665313,
15.96327638868966,0.659726830234519,
23.969361347219127,0.1973302427098763,
10.032549097177794,0.9521383056756351,
13.527617572659121,0.8105000077567608,
20.81727104775267,0.34698491155364664,
23.32638328235866,0.223271714349076,
16.105201683128644,0.6502476591370872,
27.242116756336394,0.09913871245696415,
18.039615630599474,0.519793475067627,
10.976549593637507,0.9246247305499332,
13.327462801974528,0.8213934027452716,
28.332650796559214,0.07723257832260033,
21.846964384157168,0.2919387094976911,
16.501319300560247,0.6236121109528676,
11.949358205688366,0.8877785347886352,
18.95509639711081,0.4597201644720751,
28.834668231947187,0.06863058001123556,
9.346444489975768,0.9672720216279725,
20.799672014485793,0.34797490003745146,
15.535814058289885,0.6879886201227068,
20.670095885928095,0.3553126740553416,
17.00625493211924,0.5894440452163688,
15.793332169022314,0.6710194973354736,
20.83380887680771,0.34605607298977237,
16.072319616374266,0.6524474052330369,
25.630774042857766,0.14080995808472851,
16.444062667317816,0.6274751161534708,
16.346776038049928,0.6340300944889786,
13.266980809017069,0.8246273949426092,
21.073484110190492,0.3327547601037998,
17.351894382283067,0.5660409932507278,
24.965133618471413,0.1616930978382951,
30.45289872056438,0.046310045604646466,
17.21621517155615,0.5752223946393071,
17.646996232060346,0.546121389798424,
29.499479484531246,0.058523911959395325,
26.178699647726763,0.12528622374456866,
19.0273002831986,0.45508602109554697,
14.257906068465044,0.7684544176269875,
14.495382850173453,0.7540853009621288,
18.736913712587796,0.47382635833716225,
23.49586762086659,0.21620591207716133,
18.509501253775387,0.4886816132176709,
21.479999618269463,0.31089421560761843,
14.686762090161997,0.7422873899920119,
17.86355145363109,0.5315694073727033,
31.411775204651143,0.03636294076519131,
19.133376364747765,0.4483103215415427,
21.25541575654657,0.32286098147943987,
19.85544655191883,0.4033232789890009,
27.914267936143922,0.08509250388976075,
18.759708422629835,0.4723456478097704,
10.744277926398976,0.9321408070767381,
10.327610735400535,0.9443959850716107,
16.856433512642766,0.5995935874450581,
16.316375704174405,0.6360758890281295,
9.283323777208114,0.9684717588578489,
6.178601273283892,0.9974688704383549,
19.35967916467451,0.433990461428986,
31.940828120471934,0.03173751744534237,
26.051802147634472,0.12875204684439856,
13.678143925778393,0.8021201492428821,
26.00713136922049,0.12999042735441513,
13.677161012997942,0.8021753761630301,
17.361329053523324,0.5654029641653762,
20.304579662203846,0.37646389104520406,
16.349233391060597,0.6338646714945373,
18.3186001516519,0.5012593920971429,
18.559896618229835,0.485377081747831,
5.666857611377687,0.9986064213677442,
16.5559463167872,0.6199233988688515,
15.058643604108322,0.7188628516371365,
14.437937481711979,0.7575895109846154,
28.0310631798644,0.08283262787630707,
20.03721949511968,0.3923416531747429,
18.49149212263677,0.4898641690418729,
27.988455588599376,0.08365105059943423,
14.741546377859263,0.7388764950466065,
29.925314342569333,0.05275668377218512,
9.729486373207772,0.959306075598939,
14.811869733970076,0.7344771537327706,
16.946707991665743,0.5934783508700905,
15.397592558929787,0.6970146168022677,
18.826613936599067,0.4680087647296123,
21.967228025569792,0.28589030998722265,
29.464231566218075,0.05902515531720265,
31.560328825757654,0.0350065074775433,
21.380750160030612,0.3161487597056949,
11.778298702205767,0.8948817628821245,
18.471643080400725,0.4911685362144732,
24.271874184801145,0.18592948387673547,
18.763066876493337,0.47212762095421823,
15.395662293133922,0.697140220259172,
17.663728300972306,0.5449947379709508,
18.847981579591227,0.46662663322179654,
20.50129565335986,0.364998770426349,
18.833107987010894,0.46758855530792853,
17.931165977376175,0.5270406001224237,
11.618853553834803,0.9012647712351418,
24.119743943262915,0.1915991679123945,
31.612351933313843,0.03454235785346027,
28.021406769512424,0.08301751158768655,
13.468062377983575,0.8137715113536361,
16.841038223301027,0.6006362781373975,
8.277634489833911,0.9836526056634544,
17.916171486619685,0.52804426139253,
9.873323056057318,0.9560016817435008,
26.087066945045358,0.12778118654268433,
29.567888732316312,0.057561720188080034,
16.46642618435344,0.6259667116983387,
6.709721426082295,0.995607859253746,
10.789401358954914,0.9307192473428734,
7.436447322867155,0.99149811389279,
22.60266947540878,0.25529611656858586,
14.964109148558016,0.7248757267357313,
17.66868903239737,0.5446607753989793,
21.83788143229673,0.29239882203970957,
22.035783680161682,0.28247897720442094,
27.18024917794831,0.10052414883521865,
27.149005407912796,0.10122993623399934,
21.144615865210387,0.3288654141838768,
16.61006412115067,0.6162664047149748,
23.104059686322604,0.23278953004988856,
14.002231192954087,0.783561229576588,
9.404944513904498,0.9661320725636664,
12.300575244183698,0.8723785451676271,
25.05062368504491,0.15888261660801162,
7.116119938044161,0.9935679377712142,
13.256180979833871,0.8252019917434216,
22.511645764885134,0.2595369282254789,
15.690914487591513,0.6777904575706255,
19.301346342291232,0.4376634114743896,
24.997689732256084,0.1606182808964216,
28.165093846998474,0.08030247678584101,
21.283845969589215,0.3213309514089,
31.364844807943847,0.03680116917742149,
23.942000618941787,0.1983865546161625,
11.863432161460718,0.8913794806122647,
22.163229174442478,0.2762080702601468,
15.906261828020535,0.6635228971442954,
15.678296781505734,0.6786226794753027,
11.048567201087836,0.9221939580069306,
15.307782193749562,0.7028450041578193,
19.651896109646316,0.4157917348372313,
12.448042300414173,0.8655916677032471,
25.80855365570526,0.13561246420768291,
14.61633357319909,0.7466506815063905,
11.299841474404396,0.9133398776084745,
18.981769458153845,0.45800621069300296,
20.463830820970298,0.3671677726380198,
21.14568744062326,0.3288070286474575,
20.93458501359167,0.34042665965314023,
16.811739308081055,0.602620416843194,
30.739947560675063,0.04310459100027619,
17.53566684219134,0.5536261311579103,
22.825043113843336,0.2451358300359353,
17.574305282922964,0.5510199280334402,
16.413725436029107,0.6295204266304588,
16.061436335426805,0.653175019654477,
15.691022703079291,0.6777833181359454,
12.495808879122894,0.8633533800818911,
16.572922639363235,0.618776499097393,
25.677865792099517,0.13941793319716256,
6.8188180446708255,0.9951186080668462,
10.988228724912313,0.9242337635240799,
15.360575660279105,0.699421109662146,
20.153166228158483,0.38541497978419026,
8.50660777995741,0.9808074519775967,
14.630492357734724,0.745775479221493,
16.734315770581127,0.6078618799746557,
13.039677554951558,0.836533671534233,
17.39832981150314,0.5629013703704738,
15.828190537413217,0.6687087959074483,
22.32607520922788,0.26832980551433583,
18.05056356315898,0.5190631023491041,
9.405469350971321,0.9661217225047141,
21.530177042538554,0.30825824884528075,
12.831800942362877,0.8470691147118745,
8.350014744580042,0.9827891906814122,
14.23660591997488,0.7697277667953224,
27.7933570529751,0.08748700779128749,
16.36798239139335,0.6326022705814742,
19.24558326643261,0.44118652162164707,
15.60148001405823,0.6836795515414756,
17.57953746643587,0.5506671358954348,
20.178438343158547,0.383913474304053,
20.153943309581614,0.38536876628410666,
17.196543543391755,0.5765543357942757,
16.134669854176348,0.6482745856898751,
13.218995738445475,0.8271736950234069,
11.5160174139768,0.9052589245544418,
20.842922844813526,0.3455447951509456,
26.880288017456166,0.10747253568859083,
17.632883405713194,0.5470719442944875,
23.83408435372403,0.20259384467012254,
13.90254680737879,0.7893423709542746,
19.92920848797106,0.3988492754365458,
8.792894346937409,0.9767631731893646,
12.502121606097537,0.8630561226468969,
14.244536018453775,0.7692540019752182,
18.344187143387707,0.49956828527746777,
30.8768508040554,0.04164658765661888,
13.806804470755926,0.7948348112831628,
18.351400977806467,0.4990917905360247,
16.788566280560875,0.6041894790649242,
22.848277635866943,0.2440906405526646,
13.350375774495937,0.8201611518054008,
15.636096098807595,0.6814028565222825,
15.37955362787032,0.6981879259133711,
26.460409089085314,0.11786321902178054,
6.487438288160879,0.9964855769617599,
11.626728321259622,0.9009549427079754,
10.090941924775453,0.9506666482836802,
17.217022769090775,0.5751677166427265,
21.968538350385142,0.28582485909498634,
21.15291144349676,0.3284135838550267,
12.36129326395882,0.8696067840540377,
29.05039703450291,0.06519652788157915,
13.24967268989987,0.8255478377106676,
13.018051646946333,0.8376456593137932,
10.834004078250961,0.9292958304832106,
15.907938337648519,0.6634113781587396,
18.341337534307375,0.49975654498117117,
17.66384685134495,0.5449867566493856,
17.460186080197335,0.5587217274143481,
21.457915052297793,0.3120587681536868,
19.435293838436927,0.4292487851525776,
21.04244504196044,0.3344603356336988,
19.299114002962938,0.4378042273654954,
23.885641095373312,0.20057565530543542,
18.110892900968402,0.5150425659250952,
21.34391591735058,0.3181125526516849,
20.782569008918813,0.3489385117600581,
17.73329029769084,0.5403146811610635,
15.37987494967508,0.6981670358389578,
7.293706806368826,0.99247523884375,
13.918376542336024,0.7884285517285639,
13.742687242649982,0.7984793029727071,
16.97228045863049,0.5917458376545347,
15.277476740508737,0.7048059625792849,
13.458558031280978,0.8142912611661991,
25.62787080821561,0.1408961393938325,
27.274419850870355,0.0984217043072968,
19.39751371777236,0.4316151469455727,
8.215973174531959,0.9843626460439006,
15.506860064483893,0.6898844183083912,
14.059461235531876,0.7802140615218921,
12.454406197185621,0.8652945841396757,
19.646734023254073,0.41611021749264254,
12.06418280518436,0.8828635868532021,
7.2791743409838015,0.9925696651687134,
17.514826714492,0.5550324649830622,
12.850676939019689,0.8461267239029977,
17.187948550551628,0.5771363398055005,
24.569084732716203,0.17522042722004494,
13.63919328593157,0.8043036066337274,
24.95811459526915,0.16192555881296278,
23.412991136545294,0.21964054692321489,
15.31805949979617,0.7021792466502121,
16.831632339245747,0.6012732821490077,
30.70512962141796,0.043482577984838344,
13.868182371413262,0.7913206106861349,
14.792432613885499,0.7356954377380015,
17.67928397480286,0.5439476160319237,
9.92998257154185,0.9546518608813109,
27.745668080806517,0.08844702328275544,
27.058229129841877,0.10330405601235526,
12.73547302550099,0.8518332182512486,
11.014375470181086,0.923353947030913,
26.074892599888233,0.12811568033957488,
20.80367744710555,0.3477494445805278,
23.46610874068983,0.21743469743726107,
12.14054207131803,0.879530369099101,
20.72942924693792,0.3519420563421862,
14.1126528668378,0.777085061654282,
18.470723904045713,0.49122896439148445,
45.55241618420417,0.0005732785589468437,
14.212226432273408,0.7711819742492949,
12.778785212115446,0.8497004876069554,
13.759445056477153,0.7975294151410153,
16.710725975341212,0.6094582791065453,
14.96643159488144,0.7247284617926997,
20.52149122647035,0.36383243212793825,
20.674461818010453,0.3550640450983177,
17.551759486406905,0.5525404724623686,
25.67196261112775,0.1395918245052742,
13.810271044421324,0.7946369904754613,
33.571794893697195,0.020632768341020347,
20.254413048636838,0.3794175843776293,
33.159415463276,0.02304185845127893,
26.00120245937411,0.13015551281698157,
17.767992820077243,0.5379824095477624,
28.927056715305202,0.06714117921182161,
19.048484766554903,0.45372972561278613,
17.631161152252687,0.5471879614421981,
18.409046333940267,0.49528874248776633,
15.663515244849041,0.6795970572982601,
31.900147338376282,0.03207336159421226,
15.269093354072494,0.70534783326875,
10.715404090116913,0.9330407071141017,
14.5471622755572,0.750911767020855,
19.4662310845645,0.4273151909963795,
6.448622612655206,0.9966235102939516,
23.606613404290695,0.2116773489325532,
19.432177197272495,0.42944378543348616,
23.523748499117584,0.21505924908413354,
24.10941993549116,0.19198858338870683,
18.420454329789095,0.4945371045214406,
19.5616325925756,0.4213765306306716,
17.217291024063567,0.5751495546323571,
9.568979741406453,0.9627894850502904,
22.29241397062008,0.26994588424144994,
19.05654039182674,0.45321438435149797,
19.970499143862217,0.39635533993370986,
21.540876887473253,0.3076979483288529,
13.757747473197194,0.7976257252748771,
13.316997856349275,0.8219549125856087,
17.924488039484814,0.5274875422300352,
19.48234185183783,0.4263097564298878,
5.755221832071406,0.9984472290174495,
18.18746279481221,0.5099504569738391,
23.715642837990277,0.20728699630461633,
21.877399676795658,0.29040033623664874,
17.397676629804888,0.562945522596874,
7.052991323987636,0.9939253068018009,
27.148866959031803,0.10123307294021089,
14.112167381318077,0.777113697994011,
15.0138269277431,0.7217181133794395,
19.2921307746282,0.4382448500261209,
19.991455672093156,0.39509249702464455,
23.406524670861565,0.21991018332264534,
13.46160162409124,0.8141248914450481,
14.324015501257016,0.7644857720270377,
12.789752204790663,0.8491580298432362,
17.65565935962274,0.5455380154708851,
10.662995845872619,0.9346547170980539,
21.49008889365309,0.3103630840979974,
19.716267528445282,0.41182960557503845,
22.65020128674264,0.2531005049084438,
16.971090460121815,0.5918264601182242,
12.266446243973109,0.8739225052326318,
20.96164899211714,0.33892386322847545,
20.021158178552326,0.39330601183406766,
18.823161357851458,0.46823222409099496,
11.41235948877372,0.9091872242086088,
23.514083123421393,0.21545625788653155,
24.080938347348138,0.19306596864944625,
23.450620988717816,0.21807620531756866,
18.98259057499977,0.4579534851903372,
18.23727500317537,0.5066445867211703,
18.02618884669501,0.520689534526974,
27.54225455859203,0.09264261967079068,
16.451264429115984,0.6269894231825539,
16.04079138239112,0.6545546241264578,
11.694052634238094,0.8982830881030768,
21.115374685117672,0.33046100494272923,
17.837151086782924,0.5333397391364627,
16.862024886912796,0.5992148780690493,
18.649229103709356,0.47953666038257203,
18.44457411386956,0.4929490167168822,
15.943218037909194,0.6610631510029008,
25.500106678022384,0.14473064214925235,
12.591781347661113,0.8587978328899682,
22.5456776292244,0.25794581216347257,
12.223697041906664,0.8758421338260282,
25.876064724651812,0.1336795683597365,
17.323523490334402,0.5679599645303645,
13.3774663749702,0.8186992444111786,
23.890116132327726,0.20040118513138527,
11.626195399876183,0.9009759280198015,
9.61606333129222,0.9617896854663874,
19.49750825522406,0.42536419978352336,
11.881692916917277,0.8906197590381808,
29.196942430930534,0.06294977938426549,
8.373934566817603,0.9824966360592153,
25.171321558175404,0.15497990374213755,
17.13817495835935,0.5805072231971011,
21.284172989694856,0.3213133775623357,
13.05482561616945,0.8357525904723195,
21.699190336404996,0.29948185748632206,
23.30709501839843,0.22408624239855346,
13.632100099294894,0.8047001074903937,
9.865060395336247,0.9561962391373228,
15.716513275590078,0.6761007050976706,
23.829724868852153,0.20276518289952206,
12.520018929936324,0.8622115275505913,
9.871679087501246,0.9560404378633568,
13.744860654152626,0.7983562130683527,
25.88330649842093,0.1334735546374446,
16.441417925686622,0.6276534649881427,
19.627765524214887,0.41728145758159507,
14.05764397674777,0.7803206568306605,
15.247339082258879,0.706752744073722,
16.82773633847107,0.6015371261920404,
13.469587269477332,0.813688061550043,
11.726358274039804,0.8969863873919011,
23.828117529243247,0.20282838222347066,
20.78387097779734,0.34886510385036074,
26.42520542732561,0.11877066741800224,
24.12494216431275,0.19140331852952897,
21.345102843064655,0.31804915739594275,
22.80359743303909,0.24610330383801093,
10.844004538401835,0.9289741890683652,
18.492023070275387,0.4898292924354525,
20.374276491583643,0.37238029832087916,
21.474683836601876,0.3111742801661541,
24.841278013320213,0.1658333629204385,
32.75483969575528,0.025652651642361968,
8.95651530888238,0.9741946656554288,
21.061648727473113,0.33340450452508996,
12.913517402303297,0.8429687133569087,
13.934166787906275,0.7875154153471076,
16.777130888337236,0.6049636948415191,
22.26697826163195,0.2711713467958057,
16.011288549854324,0.6565246764784607,
22.683799447060778,0.2515563517735617,
23.358456658946153,0.22192199134564228,
16.888430469891485,0.5974262903649581,
18.89817397312038,0.46338573490850243,
18.288264597025066,0.5032663595011735,
17.243622823228172,0.5733669345873271,
18.764019979739064,0.47206575288196784,
27.010194667544596,0.10441583372935381,
19.222072116710052,0.4426754085711768,
27.11738940632319,0.10194834022185084,
14.840617279390257,0.7326721045772536,
16.434701013528663,0.6281063855885731,
23.40306923139318,0.22005436487844354,
21.05483406953136,0.33377895546277025,
18.698189620967803,0.4763453969260857,
24.39125515284533,0.181569825386512,
23.12478441883893,0.23189031443122898,
15.401493144275737,0.6967607650787746,
27.487569795316663,0.09379876277407184,
21.651454465284687,0.3019445913358869,
14.488999962982078,0.7544755297693371,
20.98557010518488,0.33759877776575653,
12.691968157455769,0.8539599237400688,
16.947886103278723,0.5933985360691633,
35.21549633223305,0.013154999409180301,
20.48561613492861,0.36590568526688316,
12.22288760520154,0.8758783273120212,
12.381198909691708,0.868691174115866,
14.035637953898643,0.7816098561998889,
29.091182262851994,0.06456433847921417,
19.362452191451794,0.4338161793222979,
10.179706155024448,0.948372577267867,
14.723840041040251,0.739980485009345,
21.76188957516497,0.2962664466245377,
23.571350892238122,0.213111718975885,
27.834390890278307,0.08666804985449683,
29.499808521359416,0.05851925049004736,
18.872229179362584,0.46505996982669795,
12.92997402408543,0.8421364681785434,
32.50811572355731,0.027374301102452092,
13.707653144124803,0.8004590524549845,
12.775845122857513,0.8498457457465506,
21.253386040141027,0.322970381717004,
19.511795372936827,0.42447430228827865,
11.957395597066377,0.8874383267754508,
16.106489867981782,0.6501614406673722,
19.684969696839342,0.4137538482727128,
22.487630431683446,0.26066373209230953,
10.17332759858705,0.9485397304843123,
18.947993725629466,0.46017696575710243,
15.337110245563233,0.7009441591148065,
10.15946797601304,0.9489016972175267,
16.641290582306567,0.6141552077115187,
17.803756519291795,0.5355806491180387,
25.502651208332527,0.14465347246159954,
18.70361301938196,0.47599233085059844,
18.269677147386673,0.504497147909118,
25.846986631721464,0.13450936080108744,
16.268992187377776,0.6392619498463205,
12.424876513304628,0.8666701883851652,
16.843355077486112,0.6004793671186661,
8.52140414357234,0.9806119715750501,
12.604169587090546,0.8582041529193839,
16.51072305029023,0.62297732621386,
25.70037570416787,0.13875644388760977,
17.845301136053536,0.5327931019857624,
18.295878194012595,0.5027624487666089,
25.442723498421078,0.14647964746153608,
12.446329370798592,0.8656715727978562,
19.275651608806662,0.43928536447644406,
11.35610656571052,0.9112778397428135,
18.100184269991445,0.5157556906614987,
16.352233562196144,0.633662696346162,
19.455127126315197,0.42800876047154324,
21.499130574992797,0.3098875766513769,
18.427854522538386,0.4940497050535406,
9.712539397867806,0.9596839533138124,
11.492851579310104,0.9061453629434633,
15.440697488118667,0.694206497504619,
27.198751012493812,0.10010814010622959,
17.63290593755018,0.5470704264931714,
24.91941544641822,0.16321190175845923,
37.70587927970698,0.006467335092592008,
27.293551656237206,0.09799910153250779,
12.689158821786712,0.8540967194645736,
18.52013745216634,0.4879836025594294,
26.282260465279023,0.1225143223453512,
11.696621759934946,0.8981803135627273,
18.009461663464396,0.5218063304845848,
15.947963914942948,0.6607470523176919,
16.57405210396206,0.618700184824481,
12.534000842460966,0.8615498201703392,
16.848186418584874,0.6001521548193846,
26.03208365828682,0.12929750759180691,
18.523218410660146,0.4877814685403363,
15.27216426501408,0.7051493709013099,
23.986760870350725,0.19666068326634933,
18.48988764102874,0.4899695679147572,
24.69687425283037,0.17076375458424664,
13.774625303401448,0.796667329068037,
20.683253653877586,0.3545636646555774,
10.22675996667864,0.9471284480972486,
16.091803723836954,0.6511442034605366,
16.30209169484218,0.6370366872122266,
12.786576414715988,0.8493152140800365,
12.878485686200857,0.8447331248362083,
15.467497439677231,0.692457488718706,
30.53930051329309,0.04532362346604213,
22.53807209284561,0.2583008227034558,
9.590866030861038,0.962326999717174,
21.642738350015865,0.30239563103843925,
22.33357782728515,0.2679704865643653,
13.521084902289358,0.8108600943519235,
25.442669675925647,0.14648129578022562,
23.954060426667947,0.19792044612909232,
8.466472204250262,0.9813304707938071,
12.362208509237945,0.8695647598659444,
20.21374491487482,0.38182078858686774,
25.075837221190568,0.15806105620178446,
14.190783209740463,0.7724581671965882,
16.11788961321104,0.6493983197000437,
17.329431478253873,0.5675603123315651,
20.762728964890712,0.3500582130438128,
23.36231773214972,0.22175990487632402,
17.804005530896955,0.535563933101445,
13.092394907166351,0.8338076872937806,
15.386370732552244,0.6977446501932231,
21.190326091682692,0.3263803168054118,
14.957243385946912,0.7253109445222097,
15.90234702333004,0.6637832792202192,
24.96653604738913,0.1616466823913596,
14.232153049501752,0.7699936331903301,
9.226471573714269,0.9695257502503603,
18.789462207360707,0.4704152691532808,
18.240827769556102,0.50640901231937,
37.298890486282026,0.007278952647030046,
19.68810723275312,0.41356076138244546,
17.579228909365124,0.5506879402316782,
14.345390398969126,0.7631973191212392,
24.27974805814032,0.1856395213075438,
33.17951098460918,0.022918740596117204,
21.882402282605966,0.29014797439740314,
15.698661427056722,0.6772792778562734,
9.386620113912848,0.9664920655584585,
11.938670861347841,0.8882300160776263,
29.45584349172529,0.05914498971802307,
15.69213482535222,0.6777099448461201,
17.453576902145677,0.559168156476457,
21.54256270799075,0.307609727421261,
16.594165468521226,0.6173410071088725,
26.253773529670298,0.12327176993268185,
27.13371061209771,0.10157694719296284,
11.475931675171912,0.9067897011657182,
19.216733411280646,0.4430137745989362,
14.678380392532505,0.7428079516106334,
32.102310342039765,0.030435503649089313,
18.299866695744257,0.5024985214362256,
18.48351116442946,0.4903885078384316,
13.736689297291283,0.7988188286311613,
17.42265020500023,0.5612576576334903,
15.27968885580278,0.7046629369697752,
22.981392499666846,0.23816237316812083,
16.97421066806067,0.5916150656955339,
19.276772869082347,0.4392145345784366,
18.493923518216786,0.48970446294468184,
24.87101326668454,0.16483193986078004,
19.50853720829842,0.4246771707494694,
11.926756202560917,0.8887321402344708,
23.032879522833714,0.2358967090755808,
15.853891827615954,0.667003185509145,
14.447425348842932,0.7570119621312599,
25.77195116844747,0.13666977682434922,
17.146418707245687,0.5799488675784862,
18.76640727420268,0.4719108004051774,
19.41863356217696,0.43029161744411193,
17.008784719275038,0.5892726501195273,
24.13748667546835,0.19093130745506715,
23.591658500279312,0.21228480558773577,
19.707236259822864,0.4123844390319442,
18.38313840479867,0.4969969522259984,
22.802632143196494,0.24614691290435053,
27.19285857438989,0.10024047348055964,
23.01089025352152,0.23686247421670437,
16.550243466596072,0.6203086184363562,
18.536315678964325,0.4869224756721936,
9.898434881358991,0.9554068153683852,
14.418631998901388,0.758763178947481,
26.384822523506298,0.1198186610469969,
15.333421744899391,0.7011833900624849,
14.410996786715225,0.7592267997415487,
18.528134816410024,0.48745896844105574,
10.40274233285264,0.9423015855275418,
10.080563864173337,0.9509303698485531,
11.445200888908117,0.9079532829459279,
18.64161217677041,0.48003376034905154,
24.871518801929415,0.16481495512597832,
20.809624794461502,0.3474148360368865,
14.463672727705609,0.7560218220851433,
15.059619729644842,0.7188005702567006,
19.95516204412654,0.3972808042116637,
12.300349835738933,0.8723887755762841,
25.73611712422792,0.1377112918764536,
10.382167282911265,0.9428801535811713,
16.382988506422272,0.6315915543091767,
32.55315166158196,0.027052407648731736,
24.957560505179742,0.16194392064299856,
18.134800666178016,0.5134513132516394,
13.90684585297806,0.7890943545201573,
7.401900898807249,0.9917430088856635,
31.368412547637192,0.0367676884413376,
45.774300196935975,0.0005334250439599231,
11.3669364886138,0.9108776052113476,
11.921073276082105,0.8889711904879009,
20.608448280151265,0.35883361407324543,
30.14749718355305,0.04995104827372987,
7.5479806946603665,0.9906695303816523,
19.00474331671532,0.45653187043667975,
22.55959612038608,0.257296985632226,
13.77926510570876,0.7964035284685886,
14.316345844989923,0.7649474640910661,
17.240611812747403,0.5735707589824863,
9.202433390551535,0.9699638798664858,
22.39839842459755,0.2648794722054906,
18.618221678505382,0.4815613230133732,
24.37817756339851,0.1820435832232392,
19.729387767272257,0.4110241823558831,
28.045775505952065,0.08255161703992009,
11.731556346696431,0.8967768610610403,
26.4199312064221,0.11890711326027259,
34.78727790997394,0.01481356933856215,
20.01124515016227,0.393901796845608,
20.590621880393254,0.35985530952697586,
29.062504422551683,0.065008298995052,
17.392155143657916,0.5633187640318347,
21.73930954271371,0.29742189179440426,
9.566272966076564,0.9628464104836998,
21.864862085931694,0.2910334269252399,
16.089806373671987,0.6512778302078523,
22.363821239252093,0.26652531795578294,
17.662830317929274,0.5450551946332294,
14.786970749544018,0.7360374605202922,
18.258486986416045,0.5052385008475988,
27.37060037454552,0.09631253900637493,
21.02864977450619,0.3352200118018588,
21.037002153859373,0.3347599438826028,
16.906922568656864,0.5961736290766324,
21.57214084798823,0.3060644221000859,
18.712925402305412,0.4753862933762183,
21.034751717056775,0.3348838667644851,
22.246320944564957,0.272169308965728,
19.66649142385685,0.4148918556385248,
17.07307079817464,0.5849173424305018,
21.201362616231954,0.32578197910698337,
17.90862998096823,0.5285492004290999,
14.272688330587082,0.7675691799579991,
17.677515157339727,0.54406666740325,
10.337576296275754,0.9441210759912995,
6.968387154140702,0.9943799298123407,
12.178051789130008,0.877874181434428,
32.58348309909768,0.026837557418806002,
14.151929322857102,0.7747636492794285,
17.42242225798219,0.5612730614018964,
12.274846545699413,0.873543423252241,
17.96389187549892,0.5248514459199735,
23.094506342724724,0.23320486560853115,
23.15611698140549,0.23053552008651357,
21.475060468141812,0.3111544320415751,
19.26644071319741,0.43986739310255496,
14.1505018831634,0.7748481789622321,
18.78030718581602,0.47100894315369346,
22.205578044605222,0.2741447451825725,
26.117316135634805,0.1269531462261304,
12.574617275081465,0.8596182588426503,
16.936392205366527,0.5941772189180872,
21.046250805564036,0.33425093727213584,
24.008565781922016,0.19582399019692176,
13.303214778483882,0.8226932217256919,
18.50096788304453,0.4892418428112234,
20.502849687201756,0.36490895001709167,
14.479523459721536,0.7550544939861284,
19.84968603234763,0.403673687992524,
20.17307618238304,0.3842318101283705,
30.47717231800083,0.0460310145414089,
17.665211067156978,0.5448949130468789,
14.986632484111436,0.7234465581593368,
12.467167078457248,0.8646978325101544,
10.321403277097358,0.9445667768282258,
11.211688532947576,0.9165121312277081,
21.16224148831941,0.32790584930999467,
24.513684970823025,0.17717998699596738,
18.784651694463097,0.47072718340759045,
23.508597722533246,0.2156818092842513,
19.07389631199141,0.45210483871772755,
18.847522502240235,0.4666563127374398,
15.603668613649377,0.6835357112367798,
13.83194352266184,0.793398452978109,
15.102870189882875,0.7160370855760183,
16.847037111152854,0.6002299946324556,
16.988857800954456,0.5906227151720596,
18.223441892740436,0.5075620929630985,
8.174200428784244,0.9848305588510439,
24.425395107953335,0.18033746554148034,
25.26455930177468,0.1520169736527066,
15.868673555967328,0.6660215077534968,
18.629749479535615,0.48080828187912406,
25.23567457568672,0.15293006896816463,
12.324535980466626,0.8712885507954394,
17.816486287502396,0.5347262275290856,
18.26462757803226,0.5048316484843163,
29.88583619304553,0.05326947440328966,
34.533502039916996,0.015885819157644754,
17.031012263569504,0.5877667246790336,
18.576050035862757,0.48431933802821103,
19.563004352711904,0.4212914071260827,
16.998033927237323,0.590001025235464,
16.26914662989003,0.6392515705379787,
11.583747483125755,0.9026391309469152,
10.235979409444697,0.9468823942483409,
13.06929683513253,0.8350047377591637,
14.609101455027545,0.7470973338691502,
19.81039361565154,0.4060676781877932,
19.555341973892478,0.42176698794553535,
17.576214493106242,0.5508911915891692,
22.5860682399657,0.2560660255852236,
15.337616820547558,0.7009112996373885,
19.315864336635794,0.43674807469676225,
10.45437492317339,0.9408329951515285,
18.00254918220146,0.5222679979685652,
12.61725482870504,0.857575676371808,
15.148741610335657,0.7130979245013143,
11.27856487119232,0.9141120654298758,
25.156345409207407,0.15546002181368346,
22.267037828877754,0.2711684726019299,
16.50723293684462,0.6232129310265208,
31.264698404488882,0.037752206720675696,
18.698390041831434,0.47633234787405454,
16.813463840764502,0.6025036390531475,
16.24797848767956,0.6406738363486741,
17.61977157943909,0.5479552933632478,
19.693404521564503,0.41323485514801006,
19.532234400273943,0.4232026455609319,
8.818129561532379,0.9763795261590311,
20.06935333049275,0.3904157886533375,
36.674580473444266,0.00871211922307047,
18.745501424556355,0.473268328635405,
18.061833378335596,0.5183114988152064,
25.188314440596983,0.15443654314657285,
18.53736440967494,0.4868537140959487,
19.177166233696486,0.44552476940790164,
8.510671883555023,0.9807539030991574,
11.758409702609324,0.8956905476487527,
12.52105032946937,0.8621627720245927,
22.95869682678895,0.23916592295638295,
11.189195187887973,0.9173101440274425,
19.10479354084224,0.4501322054608281,
31.53616649595135,0.03522398578026564,
19.14393940787721,0.4476377602473862,
23.326929056706042,0.2232486976903416,
10.952107491432535,0.9254388990630797,
18.631656957569106,0.4806837144825472,
30.612410233233806,0.044503580430495626,
23.89624902068752,0.20016226241539414,
14.200572277062733,0.7718759055773353,
21.185761187967127,0.3266279909886729,
16.34287323649104,0.6342928048388355,
13.340515809398815,0.8206918918545364,
15.064785574165459,0.7184709000196141,
27.358014697511443,0.09658635747862787,
10.620396240554248,0.9359482735062984,
16.720274940878316,0.6088121069030668,
14.952200779938295,0.7256304632860148,
25.578224037555138,0.14237641210181784,
14.36693764229754,0.7618958958427716,
13.987064529610034,0.7844448577824926,
20.783069231402802,0.34891030707152404,
14.66155213626754,0.7438520604335904,
12.888874738991834,0.8442108948658479,
20.59890168100045,0.359380566305203,
12.596429887447396,0.8585752121561454,
20.52905408470765,0.3633961799520282,
14.558443196390071,0.7502185136120343,
14.1053732869064,0.7775142979826346,
16.664658215644113,0.6125748716688941,
29.378333477764418,0.06026242239154356,
22.357641327378417,0.26682019722234473,
19.063789945826112,0.4527508012053204,
21.433297418923452,0.3133600453348545,
25.722775795837713,0.13810067903062528,
12.63478738085727,0.8567313570170674,
17.765864435168858,0.5381254035155341,
10.213700887575591,0.9474756928451326,
14.717816841856266,0.7403556878339959,
8.303481743943165,0.9833480206718259,
22.397531245847947,0.2649206655587568,
12.900700738455516,0.8436153795592825,
11.897445204302816,0.8899619945039132,
23.867231417841946,0.20129458561932367,
20.5759480250614,0.3606975139563422,
17.32856012666943,0.5676192544455217,
24.811186644101177,0.16685157500360326,
15.405175089757083,0.6965210953772465,
20.619369193099512,0.35820848382015225,
20.01602926656513,0.39361421010085773,
21.677951914265392,0.30057599990241446,
13.591445338816072,0.8069659436466365,
10.976011628720975,0.9246427091616981,
16.674009492716802,0.6119423460188402,
21.665638061342214,0.3012115239769728,
13.223908237605247,0.8269138134485949,
27.325648940818446,0.09729352057621832,
25.61779156024484,0.14119566474096612,
30.70140899093622,0.04352314356184128,
18.66990530824606,0.4781881246334462,
16.616542301551885,0.6158284814416051,
17.394951916368207,0.5631297048590765,
8.451529579734268,0.9815225113120195,
16.335312740771208,0.6348016678040092,
17.225933506520654,0.5745644382205435,
19.451581172904103,0.4282303483870362,
11.735326402112694,0.8966247428129994,
23.57528751764298,0.21295123888173417,
23.65444151827404,0.20974312980957366,
27.877256529239318,0.08581948894511526,
14.609180568346838,0.7470924492942763,
8.920145914920287,0.9747822715120555,
36.37922362214341,0.009478677094506782,
12.957840559863792,0.840722281488379,
15.831756490590694,0.668472245230462,
27.013790459519523,0.10433226414764385,
19.65351114703062,0.4156921154561273,
13.851417573440404,0.7922829252552352,
28.012047641799885,0.08319703882865404,
12.287647579268237,0.8729645691936692,
18.857581916152697,0.4660061212567762,
15.785201863333308,0.6715580024652175,
12.330409286283105,0.8710206109074119,
21.986428627086866,0.2849322077830263,
18.123674719511996,0.514191687198303,
15.856750074624092,0.6668134055218258,
19.80529999534853,0.40637851045690754,
22.90819559771521,0.24140959136406703,
22.21076877981072,0.27389254437711963,
15.401779837370182,0.6967421049435039,
23.983131583734835,0.19680020368738138,
19.32851606847709,0.43595105203472084,
10.138630905998983,0.9494427211567152,
20.965369963812478,0.3387175466783253,
8.048624380060598,0.9861748920561764,
23.381954124149537,0.22093689442375042,
8.637212211426279,0.9790316609574043,
11.882691862847167,0.8905781124281218,
17.99746129042715,0.5226078624544062,
23.99642718041578,0.19628944160583073,
10.589777700608948,0.9368678595974135,
17.519594150952077,0.5547107101510502,
13.9542231637141,0.7863532843157469,
20.340415680027558,0.37436131185050536,
26.329788028463533,0.12125905244513124,
13.398875325236936,0.817540137757816,
22.93203204481062,0.24034875931017763,
10.150229253996558,0.9491420454778051,
17.050753724424318,0.586429257301607,
19.619700521931257,0.4177798952520939,
15.212209832828849,0.7090177073959026,
36.16011219087568,0.01008763163287596,
30.08674498028492,0.0507048050555593,
17.189840695609874,0.5770082121171851,
17.072723297631946,0.5849408840545599,
12.990169586448353,0.8390739130086665,
15.689836898226686,0.6778615489524,
13.649710234031835,0.8037150836584476,
12.720770312207879,0.852553694442552,
18.778592813135557,0.47112014344020703,
27.70303055371358,0.0893128889739353,
15.701395412238401,0.6770988373384101,
17.736400143251746,0.5401056066595268,
23.02714180818912,0.23614844076636587,
19.943218946050205,0.3980021976372794,
19.199770073211162,0.4440895980715194,
16.59086079046618,0.6175643469423697,
19.79862250514252,0.40678616640968723,
15.077453184648178,0.7176620248824129,
24.451837847551552,0.17938733846393573,
20.474658012064424,0.3665402299633631,
11.241643135074149,0.9154421951610008,
14.966135287945711,0.7247472517334359,
19.540818801802214,0.42266905063624893,
17.402475983424136,0.5626211150007316,
15.42302197515376,0.6953587386666694,
9.300965115093323,0.9681395921996706,
27.350987113584313,0.09673953620808862,
17.32168131629925,0.5680845849025771,
14.801857085669893,0.7351049482234318,
15.798567186388379,0.6706726710041793,
16.061448402480206,0.6531742130251652,
9.721700516717956,0.9594799796299398,
18.02897804249211,0.5205033644386081,
15.508995139672912,0.6897447111947747,
39.48254846992269,0.0038239997728330977,
10.02818943379985,0.952246993734513,
20.688705281054318,0.3542535862145034,
12.223796246701106,0.8758376975482438,
17.175501981273065,0.5779791988120353,
36.317019776234474,0.009647965112090873,
23.6123506399866,0.21144464391149032,
20.204170473550455,0.38238770538650413,
11.968745441686162,0.886956925986657,
38.55922602423557,0.0050341640623741135,
11.641872493882138,0.9003575173653224,
19.939245996137434,0.398242314954421,
13.446243217995505,0.81496373648015,
14.027220603906965,0.7821021875357407,
19.648846738196262,0.4159798569809632,
23.655364206235596,0.20970594291276612,
11.43705343529574,0.9082603262558605,
16.40733054144401,0.6299514256094247,
24.68302205967649,0.17124259191982272,
20.857467756932074,0.344729740372431,
37.46308012589386,0.006940627265834776,
26.981718947303865,0.10507960539596828,
10.841160483503943,0.9290657544674958,
14.644851583759957,0.7448868615337015,
27.828667296874897,0.08678189018558902,
17.376667673455803,0.564365809047471,
23.085751579341004,0.23358594257946041,
20.430387510981575,0.36910977148833257,
13.971540301927218,0.7853478244217565,
19.87199347503929,0.402317547183749,
21.184000123066795,0.3267235694865611,
22.9984431141217,0.23741038169700734,
19.476175317981237,0.4266944735239937,
21.410835230320377,0.3145502810987082,
27.342811407962582,0.09691799681409474,
38.851640658361006,0.004616336213941974,
17.128336488911795,0.5811736146924109,
20.00201543398249,0.3944569136067977,
12.339074883216847,0.8706247424439119,
16.481822801930733,0.624927900868435,
13.327092190959132,0.8214133021951162,
25.367198313488213,0.1488071257991881,
18.90676386059832,0.46283190291480825,
25.81314781619294,0.13548022114518765,
21.24539340390686,0.32340139499686305,
40.287000347877914,0.0029998716116568236,
20.40644979867749,0.37050315014672774,
23.707431856197097,0.20761528790990103,
18.662822344300594,0.4786499473815178,
17.338906190450732,0.5669194322514182,
18.37410047046728,0.4975932513961474,
21.794536094374607,0.294600929891065,
22.483378526206103,0.2608635768612393,
19.8564702584404,0.40326102270606334,
16.916839861251162,0.5955018011007229,
9.64069246803022,0.9612594390791475,
14.14607214534425,0.7751104204397038,
19.71007142936608,0.4122102240734996,
9.84641553363202,0.9566331299741285,
26.620745688444536,0.11380188148081816,
26.55901619078564,0.11535164791452779,
18.696722973875065,0.47644089136783196,
11.085348517255543,0.9209341331340727,
18.75957159534595,0.47235453120383253,
24.366898749935572,0.1824529310685885,
12.488294683658433,0.863706772331848,
14.56721752471731,0.7496788456196489,
24.605537352941898,0.17394013805645203,
12.845700552936995,0.8463754512715626,
11.39098175890371,0.9099851351777173,
17.62432483337641,0.5476485154950312,
25.812102436756483,0.13551030331411806,
30.668462974037517,0.04388382264041135,
24.339353682047005,0.18345557551571645,
10.037281879716934,0.9520201292073819,
23.626581748135916,0.21086822990848164,
33.302163963966414,0.022180241815741075,
11.94347177569434,0.8880273302961189,
11.094433980580975,0.9206210268550121,
20.36138280808869,0.37313398597295666,
16.1207666749539,0.6492056858771023,
17.19959707690551,0.5763475746966619,
16.005983698446574,0.6568787193978858,
19.899290227591557,0.40066106315045835,
18.01068179421355,0.5217248502469788,
13.008618815966617,0.8381295390751132,
19.069106933330275,0.4524109143856613,
20.735665581047883,0.3515888214400701,
18.06912842891323,0.5178251118057678,
15.32235354303193,0.7019009697657925,
25.46998381151091,0.1456466881698374,
29.17755517428072,0.06324309145833984,
13.27563028708873,0.8241665757821343,
25.384408639756977,0.14827419131154906,
25.283665167676315,0.1514153701624793,
26.43422210290157,0.1185377001017821,
15.992735864267486,0.6577626173467234,
15.619817975117796,0.682473900360417,
8.060448476873837,0.9860522343671667,
16.955960163632692,0.5928515302562138,
14.304146086659662,0.7656811718092773,
25.218363549556848,0.15347936667612538,
15.70775605098646,0.6766789621371668,
15.73997107748891,0.67455072461719,
15.803712099110154,0.670331746942967,
26.89288840382816,0.10717283279937029,
13.151016531438875,0.8307511234095495,
11.557079271293476,0.9036756515177727,
15.872402356953726,0.6657737902382448,
16.68027488278183,0.6115185190513097,
22.69692332631022,0.25095494695817266,
12.265695211993236,0.8739563673025663,
18.131636684141498,0.5136618336968501,
14.372454675017586,0.7615622603991712,
17.008079276149484,0.5893204444438673,
9.07409274608579,0.9722284382969995,
19.373076662026442,0.43314871448782655,
17.43599918914287,0.5603556604896819,
17.565933166392014,0.5515845000895875,
21.666971322394105,0.3011426729948258,
17.904097696161593,0.5288527045968714,
22.684430000897088,0.25152743386475374,
16.532709791499702,0.6214928050687082,
12.11295470657696,0.8807405468916403,
14.430118359536381,0.7580651141782992,
21.13447804253031,0.32941808388921134,
17.018622998541563,0.5886061002144288,
19.802941953400143,0.4065224452160108,
24.49909296615933,0.1776989023550295,
19.5088908352683,0.42465515023528777,
29.70114631695823,0.0557271532222805,
20.136890876336793,0.3863835297416446,
23.00783375317529,0.23699693508673547,
17.023193115322172,0.5882964728956507,
21.966328199184304,0.2859352620463962,
18.78625541379157,0.4706231901181239,
31.224647232867227,0.03813868034850665,
11.740903470306298,0.8963994772755058,
15.502846754166503,0.6901469875083457,
12.517927531436888,0.8623103629165746,
23.27203815100243,0.22557211655901965,
21.85801171354529,0.291379712571772,
12.673846667328348,0.85484117031029,
15.993461115280157,0.6577142379585732,
18.67331800353009,0.47796566257915307,
15.877530743031153,0.6654330397315622,
18.762027729819092,0.47219507745552514,
18.8583448267378,0.4659568235564485,
20.129211422301935,0.3868409626796966,
18.221196632595326,0.5077110542411423,
15.25450031517642,0.7062904578351528,
22.18970603889694,0.27491686603366805,
13.868638948486982,0.7912943772052631,
13.682243859967599,0.8018897151652509,
20.998797505019404,0.33686734995963086,
22.740147108465234,0.24898120524338618,
17.866885812439758,0.5313458946327725,
25.31018157669111,0.15058353877899788,
21.43608090562563,0.3132127450145439,
17.779591771981856,0.5372032585693014,
15.234667809094791,0.7075702588656025,
6.937518155049409,0.9945390608461466,
18.25471936236966,0.5054881720077771,
15.239255001087024,0.7072743752355033,
28.254580273032023,0.07865021065594313,
16.7238027734358,0.6085733676471905,
25.316886585424303,0.15037377236056793,
20.478012542528816,0.36634591867155897,
15.59847075241634,0.6838773047919856,
19.891862890606358,0.4011114607769496,
6.148804884933654,0.9975507165210601,
8.823721500951091,0.9762939022130744,
17.18802528472639,0.5771311436809503,
24.80970077727279,0.16690197796389938,
10.301884162459869,0.9451015929468012,
27.92631135712206,0.08485707626020544,
12.210784581279237,0.8764188239318401,
17.01118201241612,0.589110231700632,
19.167065811169227,0.4461666656887524,
22.65384589251303,0.25293268722663154,
13.818265145361467,0.7941805034800451,
20.55492400296963,0.3619060577342421,
35.23440850007725,0.013085884611602983,
18.84798828695459,0.46662619959329676,
22.564885300214126,0.2570507159261466,
19.29559411122158,0.4380263000557635,
21.047343527866758,0.3341908283356474,
10.947224116904467,0.9256009082724488,
20.815539140331705,0.34708226481187643,
17.81090067484557,0.5351011031848979,
17.5881498425917,0.5500864927901625,
21.459912448151908,0.31195333237518885,
19.592131598385684,0.4194857486590772,
21.828408794350754,0.2928791681820513,
6.037673435930468,0.9978375611216387,
15.580386497870016,0.68506514418693,
6.862652556141167,0.9949104669168846,
21.118452604055516,0.33029283884228433,
15.962403717800697,0.6597849872659038,
19.028486481292457,0.45501003646771165,
27.959886902834462,0.08420365590839085,
35.276963452286864,0.012931598398348898,
16.018565252470847,0.6560389390039206,
13.096733901279128,0.8335823585812001,
18.634239905087068,0.4805150522972217,
8.229272178692051,0.9842114675839879,
18.303674113272024,0.5022466116936193,
40.892960964127404,0.0024938944561576637,
14.055278366146972,0.7804593865506648,
16.191498804751944,0.6444651848249123,
13.997200368757657,0.7838544909538734,
9.856342465930403,0.9564008872366124,
20.901415049833908,0.3422737246804739,
14.541353463442013,0.7512684826940417,
16.335716531525176,0.6347744924346188,
25.881557042144788,0.13352329966164878,
12.840733312858328,0.846623521994363,
30.587494857725513,0.044781552436322314,
10.972527466141074,0.9247590844834271,
31.2241648184158,0.0381433569386288,
26.388562997984764,0.1197212735123514,
16.176399026143898,0.6454779082927082,
18.633418544326087,0.4805686837213149,
18.865417149279104,0.46549991302788474,
12.298857269610204,0.8724565062049752,
26.532816561227147,0.1160146357789934,
13.47471790847228,0.8134071645118446,
14.035209903457345,0.7816349034730159,
15.005763575454795,0.7222309364294295,
28.29476519558737,0.07791776005207252,
23.4995242178017,0.21605527420648885,
15.329297140253061,0.7014508493059672,
17.7892606963057,0.5365539070457158,
28.831995764520144,0.0686740852995038,
12.806601522084764,0.8483227070362237,
13.867605485525946,0.7913537547986631,
15.94974143757441,0.6606286478429336,
33.96027565285703,0.018576883924662835,
13.67818603112186,0.8021177833227079,
32.34651503854438,0.028558186191875112,
13.792102792016427,0.7956728838808834,
14.899506219348403,0.728962741319025,
18.78912415614257,0.4704371861042831,
20.68624861900704,0.35439329795213637,
18.217277125906957,0.5079711198784745,
20.44587060148358,0.3682100129733611,
19.98844717636322,0.3952736679144623,
13.350300139663227,0.820165225786831,
19.004800229767028,0.45652822026950646,
13.107023940310453,0.8330474031586803,
18.66798153875787,0.47831354362392187,
32.69576308783052,0.026055668205918647,
19.926967972654182,0.3989848188741789,
26.61600997378101,0.11392016486611456,
17.53947965230993,0.5533688829853136,
41.59202745405642,0.0020113049662575655,
26.176188004847983,0.12535407872614324,
13.001313621613706,0.838503795872526,
33.413377164812566,0.021529517658913977,
20.575054138779823,0.3607488532151991,
27.029668489123807,0.10396390924504051,
26.87266017719269,0.1076543030694408,
16.6752384843074,0.6118592119997934,
37.23806052244013,0.00740818800394627,
22.33875133125231,0.26772290208225424,
23.981926035461953,0.19684656481269414,
24.555127149661693,0.17571255327519086,
22.69776469613618,0.25091642474910936,
19.66502174432575,0.4149824290039408,
34.75506037142618,0.014945880366227238,
15.086298886255362,0.7170968053963525,
13.135867679220564,0.8315435279470558,
17.237581271634017,0.5737759097894053,
30.10269184456786,0.050505985152981436,
17.386417283486427,0.5637066565323716,
25.188426908242008,0.1544329519011196,
23.731766272166873,0.20664345869806378,
19.84223074748204,0.4041274036917907,
23.842490104920223,0.2022637806480938,
21.278401210899684,0.3216236341458534,
12.59093057350101,0.8588385572612212,
25.37719881572631,0.1484972662931474,
11.041782139055236,0.9224250014560336,
20.833113698860483,0.3460950888819797,
21.93101527978516,0.2877029764824952,
12.894547695437018,0.8439253648406504,
22.46781855340753,0.2615957982559851,
18.13430559091591,0.5134842524770382,
21.677223995401583,0.30061354469705437,
14.68745434087972,0.7422443810328057,
13.139437382748008,0.8313569629189197,
20.01083115135561,0.39392668835171185,
29.293117218544346,0.06151219286097154,
18.66911513417928,0.47823963824956695,
26.741307035462803,0.1108245587803598,
23.786397546349203,0.20447387389532623,
17.063474539929196,0.585567452605383,
18.870674224081025,0.46516038085315514,
11.507811283636125,0.9055734922890208,
31.627604604763185,0.034407327804682364,
12.878589584755431,0.8447279064247688,
7.3189856711102586,0.9923087971821802,
15.651567250579195,0.6803842034492729,
19.845746142340936,0.4039134326430761,
25.076257819141528,0.15804737964180193,
14.243900116955354,0.7692920058126408,
11.954468054215805,0.887562311118004,
14.723841003696968,0.739980425028645,
17.944286261247086,0.526162709804429,
13.499056170515091,0.8120721050967747,
24.139693082851014,0.19084837764600204,
14.61368576254845,0.7468142397143195,
23.8652554152761,0.2013718652776415,
13.00102339204194,0.8385186561227029,
22.835512018294374,0.24466450922055394,
20.365983114167967,0.37286498740318574,
17.973643527574538,0.5241994913043617,
10.521556065662962,0.9388863184171602,
27.569491795089174,0.09207126721558634,
12.803742032526356,0.8484646320038728,
12.167176489901268,0.8783556372225609,
28.029448304651538,0.08286352217373105,
12.085434514342039,0.8819410864381165,
20.06581854774314,0.3906274065831251,
33.591757377969756,0.020522231230942656,
17.71662669051521,0.5414352009226794,
12.393457438650683,0.868125617387558,
16.339320396991898,0.6345319401772493,
9.884598637760668,0.9557352427720375,
22.52319426613441,0.25899624813781486,
10.735276558727884,0.9324221638574962,
19.803162430301334,0.40650898629908716,
21.62342000904615,0.3033968158508832,
14.276015512159022,0.767369758541772,
20.731776258807507,0.35180909495579404,
18.798770801184283,0.46981190178910115,
16.14030978781883,0.6478967782845989,
15.671621755313689,0.6790627633020098,
12.335096663962709,0.8708065590627107,
22.14734667217001,0.2769845304420656,
32.8680563051925,0.024896124899495664,
18.52819254328635,0.487455182135201,
29.405268319216205,0.05987203919105566,
14.682968977936804,0.7425230112490875,
12.422627089676741,0.8667746696400542,
26.521322643079888,0.11630647863495114,
17.57554800793842,0.5509361316689836,
24.755765811775355,0.16873952761440714,
13.883152506436389,0.7904597701099703,
29.61238422354682,0.05694334500291598,
41.996244308948974,0.0017744615289163601,
13.554580717226038,0.809010584373225,
19.6839950124745,0.41381383967224383,
9.148769466634361,0.9709259920968862,
14.88313445283542,0.7299955515867265,
20.708645649368837,0.3531206992458933,
14.557604782881878,0.750270059760914,
23.26562260182142,0.2258447990609458,
22.96873803239074,0.23872155915911597,
20.886569307834424,0.3431022643130277,
6.945287128532355,0.994499345245093,
9.941922229815537,0.9543639154714846,
20.124107892252926,0.38714510970100213,
19.11721365021513,0.44934018682330046,
13.102051559879245,0.833306008006774,
13.26078337548895,0.8249572316933537,
19.43135529019241,0.4294952164007716,
17.28949333645724,0.5702623879725031,
19.610645241251177,0.4183398545358423,
14.9966979078726,0.7228071778721991,
13.214801854028389,0.8273954159468971,
10.013851551157902,0.9526032822490604,
20.381415363022235,0.37196334839612843,
16.349651913552773,0.6338364967768313,
24.22992799416925,0.1874799616235161,
17.988016750783395,0.5232388721648367,
18.889953943519078,0.4639159441287287,
15.99524508098354,0.6575952300925636,
31.076004634773238,0.03960418492014861,
26.911088511843428,0.10674116384535126,
14.937982463164179,0.7265307951849533,
15.791194874628069,0.6711610757945747,
9.484370931777665,0.9645406850907504,
11.569421904193879,0.9031967333252762,
14.917295482051792,0.7278391569027347,
11.266573156190779,0.9145454473068607,
16.901710698166138,0.5965266900249486,
18.386636999681333,0.49676617848330396,
11.319164362366488,0.9126349953285424,
16.05610429920205,0.6535314148844109,
20.304026965403395,0.3764963671797298,
26.750867340162994,0.11059124147841759,
18.692921763543577,0.4766884204620718,
23.169905174126306,0.22994111424390784,
23.062628794857055,0.23459454597320417,
18.93134901398035,0.4612481065511279,
22.758972681790105,0.24812492370949457,
12.715329384805829,0.8528198649711893,
17.501558028928265,0.5559280881520009,
12.040600729919591,0.8838825601842044,
16.457533831843186,0.6265665617776859,
13.230859159701561,0.8265457835092406,
9.164072387858424,0.9706538761100201,
13.20613219382772,0.8278533385357935,
11.160290108397593,0.9183288073697095,
17.868499564903082,0.5312377261299648,
16.603706516282326,0.6166961447429928,
31.80407969562206,0.03287922873807536,
25.875564351965668,0.13369381239868827,
11.652132225685033,0.8999515940560681,
18.186436188945553,0.5100186466602317,
32.165978563454956,0.029935578808481966,
26.28345396456269,0.12248267107339783,
13.786971520719067,0.7959650564328751,
11.808745995471991,0.8936367044756021,
13.93826206613176,0.7872783293527806,
10.25567567973953,0.9463542130948602,
17.607254985035574,0.5487987315397904,
22.577016747852475,0.2564864696266689,
7.766821258872367,0.9888671975537056,
17.448529291481744,0.5595091324542002,
20.48848368977332,0.36573973325436326,
13.22075237555668,0.8270807861669048,
16.631442988496882,0.6148210756484059,
14.583709269285904,0.74866344606465,
20.449623741360234,0.36799208580747245,
9.593074169261973,0.9622801210850296,
14.027007288943766,0.7821146586434375,
13.456568267490761,0.8143999901871044,
17.329392796144006,0.5675629289519446,
28.327636885131238,0.07732296007678185,
18.755391776127915,0.47262592983313145,
12.410517134096292,0.8673364088461268,
11.30008627885325,0.9133309687853713,
12.877209769586807,0.8447972019814354,
13.846574944961738,0.7925605558879333,
10.833219966030699,0.9293210109726894,
25.982670585094112,0.13067261052178947,
18.958145058319218,0.45952414413078047,
23.326105105541632,0.2232834464112431,
20.109374929578024,0.3880238024815995,
19.010467670074775,0.4561647890592697,
24.05082224550287,0.19421010107916803,
25.680911178301198,0.13932829237784827,
30.50207879518134,0.045746260763117275,
11.727809603902301,0.8969279111390704,
20.827595678138465,0.34640486858835673,
14.788603688103374,0.735935220288034,
23.06725168455469,0.234392652503439,
12.718782834008877,0.8526509502686468,
14.502876101595403,0.7536269134923405,
11.062156847109975,0.9217299354783741,
35.235234279250214,0.013082874487875151,
20.6511511334232,0.35639264633399037,
20.455919162507545,0.36762669523845615,
18.06693475823181,0.5179713606387177,
13.764680392985898,0.7972322740556554,
17.74658717237937,0.5394208288600633,
12.113110165090163,0.8807337461784804,
21.23299268197628,0.3240708014867757,
13.691105496194767,0.8013912614949441,
13.425090311375465,0.8161162798768792,
11.321305061700834,0.9125566936365606,
24.77724144836754,0.1680059937051479,
21.736329013059247,0.2975746215942643,
27.454334701008715,0.09450733567291836,
41.8413404754977,0.0018618843538183993,
18.51344716032767,0.4884226239116166,
20.28336918105886,0.3777112524875872,
11.117821386960223,0.9198115549871196,
12.46632832794953,0.8647370985331911,
23.76818912604385,0.2051951162595511,
19.319664558915953,0.4365086079878858,
16.350758207362997,0.6337620205208325,
21.14440682385378,0.3288768046633235,
16.65906964491207,0.6129528574404081,
17.705461290431163,0.5421862136667892,
12.54896680286404,0.860839713208919,
6.830089101953337,0.9950657351462338,
18.15976849809346,0.5117907751808024,
12.91495991669211,0.8428958488941981,
20.76446417149602,0.349960203702288,
17.156643793253686,0.5792563418600527,
19.04045796731118,0.45424344486489887,
21.692419124543946,0.2998304180811817,
12.012162550104632,0.8851047969726541,
11.258039028045731,0.9148530674557239,
13.377802474708906,0.818681073443347,
16.93264403161096,0.5944311448336436,
18.138600150725416,0.5131985362054396,
20.43571983831523,0.36879976523888247,
16.888732988865097,0.5974057982039012,
27.311583328690244,0.09760219280440274,
17.811444007732607,0.5350646355666016,
19.44497138585886,0.4286435285265411,
20.269918366285527,0.3785033888342886,
14.708095735673524,0.7409608744784228,
21.67260558692372,0.3008518229043817,
10.907766466484471,0.926901926301895,
11.282950825291037,0.9139532268370365,
25.19860909532664,0.1541080927160967,
21.83117034268907,0.29273908136046645,
12.45416534531814,0.8653058340300575,
11.184004952367665,0.9174936219084263,
12.292170390613517,0.8727597105259358,
14.458953420328708,0.756309569709438,
18.591165485405874,0.4833302177196288,
12.705624572708922,0.8532940194240433,
16.067808933591404,0.6527490000764284,
14.488149848806188,0.7545274866931034,
11.941226126151623,0.8881221631516671,
11.20985579995003,0.9165773263298137,
10.196044942949724,0.9479427798344757,
10.390316624830248,0.9426514475991395,
19.259154641658746,0.44032801721655135,
12.846108112188546,0.8463550883578658,
13.105203663520927,0.8331420947602683,
9.36629931226911,0.9668881626136833,
15.469140584335138,0.6923501783806384,
20.94028381563878,0.3401099006752455,
19.221978695770563,0.4426813286738167,
16.433347742668467,0.6281976301725997,
10.357138858307556,0.9435788526907328,
20.317038254597385,0.375732219389342,
10.1841171656711,0.9482567754461465,
20.677974872748035,0.35486405540270616,
14.62456105926117,0.7461422353491721,
21.06473772060301,0.33323485193824687,
19.971780845658838,0.396278047788752,
18.83371745235007,0.4675491255470601,
15.699883409270443,0.6771986306737389,
23.944334325485578,0.1982962938209638,
12.059716245400042,0.8830569639040007,
10.96039322694582,0.9251635141583112,
20.638272065157793,0.3571278696249446,
22.38653461987791,0.26544340861491267,
14.09818771710501,0.7779376767483374,
24.34475798621351,0.1832585292424066,
30.83991164430991,0.04203558749718639,
27.266939588780076,0.09858735059317703,
8.474433975982326,0.9812275548047331,
30.492973547529292,0.04585017843428463,
14.647834331805832,0.7447021458231358,
12.685749529716947,0.8542626413639145,
24.759104532201974,0.16862532622584614,
27.936503805135505,0.08465826476464466,
24.838219845445693,0.165936622804442,
20.355118024103383,0.37350047760645944,
29.39174862871451,0.06006771130015176,
27.359800283854913,0.0965474698910298,
25.80183378867281,0.13580608262463922,
14.318716649638205,0.7648047836033259,
9.234057703408233,0.9693865576391744,
21.387235629454956,0.3158037564414824,
16.260514978278437,0.6398316051906539,
26.056196721170465,0.1286307367101155,
22.252794988598342,0.27185628372901216,
16.76010045968127,0.6061166040988012,
15.841518123995826,0.6678245396635891,
24.831775088272995,0.1661543950089992,
19.329075870558732,0.4359158001251192,
28.455610520019725,0.07504426847500822,
12.267743217882856,0.8738640165128686,
14.286473612204293,0.7667425190529579,
10.478202798256396,0.9401471913298668,
16.928795334823587,0.594691878869003,
24.664763309074416,0.1718753324374549,
9.553374858276637,0.9631168454976693,
16.009979618524703,0.656612039250575,
11.06333473627194,0.9216896362556876,
20.65875397989652,0.3559590176497096,
21.042376647385094,0.33446409949796185,
11.936583653516935,0.8883180698633948,
30.65880398732856,0.04399006825124452,
11.018777281301325,0.9232052128447426,
16.100251351234558,0.6505789570901801,
15.164700218528544,0.7120734493529584,
15.606045654880148,0.6833794701133971,
15.761016639493455,0.6731588935906747,
16.614172903677115,0.61598865593486,
19.545714693908213,0.42236486179763044,
14.530379979038202,0.7519418795575735,
17.453903580481224,0.5591460894835408,
14.142191271101286,0.7753400727953829,
12.732638715336478,0.851972246065561,
15.284454205805934,0.7043547699913522,
21.12836698595624,0.3297514968490616,
12.915052010049664,0.8428911964986844,
19.2959995562948,0.4380007178420027,
15.301965707624896,0.7032216251296749,
15.705307054520498,0.6768406370654663,
17.6758932626225,0.5441758335936258,
14.374303400964717,0.7614504234169973,
18.519092323393416,0.4880521766652681,
11.38576095947599,0.9101793620873645,
33.96990279355733,0.018528416215257026,
15.02690630409621,0.7208856937079515,
19.011161530526195,0.4561203019271213,
13.928694657954942,0.7878320440616857,
12.815925887545033,0.8478594495230343,
21.834715010467008,0.29255933146568547,
25.857125847912585,0.13421955167953104,
22.553181758011497,0.2575958604257135,
25.947062621680715,0.13167084424600128,
17.81293437163526,0.5349646070870306,
28.933746017433855,0.06703443632560713,
23.89695343407494,0.20013483368060814,
27.781430109772582,0.08772627424665669,
27.027199622177733,0.10402111337242159,
21.594970690171206,0.3048749870141241,
10.381541831384855,0.9428976819545917,
15.72696878789332,0.6754100359925375,
24.426504744574416,0.18029751776441616,
13.799248954090823,0.7952656937272495,
16.093347115470486,0.6510409422933872,
16.51904533078866,0.6224154704502086,
13.191312011733801,0.828634805100051,
12.281001323979659,0.8732652860328246,
14.231902144976864,0.7700086104587563,
25.846756073353777,0.13451595669963545,
20.934839190241107,0.3404125280264797,
19.93392856044401,0.39856380039686423,
26.82469246659179,0.10880319830113128,
8.675951675856979,0.978482814619463,
16.641402147847145,0.6141476635396514,
26.32673863832408,0.12133927455938487,
12.718794433660998,0.8526503827423108,
22.355242112368092,0.2669347364809598,
13.504390696784453,0.8117789184703139,
19.282211087394565,0.4388710694446145,
17.648880428875913,0.5459945002082128,
14.454567397173335,0.756576889229233,
30.46139802776991,0.046212173615926555,
20.53813351829186,0.362872820887021,
8.666669130179793,0.9786152604883,
10.777944739276075,0.9310819333174396,
27.029238460696874,0.10397387120305168,
18.226926712220042,0.5073309156415496,
22.79533647634879,0.246476683737353,
16.272114779955768,0.6390520890400568,
24.03972709160282,0.19463288955705893,
14.303043277917793,0.7657474545223144,
22.186284454137557,0.2750835028412446,
7.419733715704477,0.9916172765779622,
16.145180657253327,0.6475704432032976,
24.81741541852514,0.16664041335672142,
16.411572719571023,0.6296655195490461,
25.239833124503487,0.15279834458201447,
19.706361515178532,0.4124381970245812,
19.722079182015538,0.41147275068549605,
16.28366691466482,0.638275575123791,
23.048291367920132,0.23522147872457078,
21.765200700117724,0.2960972523071652,
18.072414478929453,0.5176060533943749,
17.780132568092217,0.5371669358044855,
21.506576591799305,0.309496323772005,
22.04860520426887,0.28184392998381647,
27.989954708679228,0.08362213850240463,
10.230545401492943,0.9470275110062311,
15.713794047188875,0.6762802833889405,
11.53124819583219,0.9046734485074748,
27.448117901133198,0.09464037675461667,
20.02266770805911,0.3932153263396523,
28.362169906109653,0.07670229541304385,
21.636728684446105,0.3027068636755068,
9.483760770958225,0.9645531033691109,
13.679200973609028,0.8020607495402233,
32.69493921082421,0.026061329167138547,
18.355221847396088,0.4988394622147482,
22.568349374017714,0.25688951206779365,
16.34296189429429,0.6342868372201772,
24.82346310456511,0.16643558889790655,
25.33672538278676,0.14975446671807402,
14.762463178126236,0.7375704030547447,
10.742651334491287,0.932191704288412,
21.2165605337455,0.32495910472856715,
17.956800783206944,0.5253256338668915,
17.857804145937543,0.5319547100465749,
21.26265267714352,0.3224710976471823,
15.914198721172648,0.6629948898951747,
17.59216184123052,0.549816033850949,
22.246491019149147,0.27216108266513506,
15.97616899937726,0.6588674422528638,
9.583720894369558,0.9624784166614299,
17.424886892249273,0.5611065133153639,
15.755126558831229,0.6735485461928499,
21.530733108294122,0.3082291147488656,
14.141426781270168,0.7753853011896363,
20.57107468971063,0.3609774563549758,
25.026928405088025,0.15965774596624482,
15.314697936782384,0.7023970480808265,
22.75368209419054,0.2483653603850845,
17.264221299055215,0.5719726805621135,
11.215140912299633,0.9163892372785691,
9.096369951072766,0.971844300960861,
9.409954856246406,0.9660331765211411,
24.675780236528553,0.17149333580028236,
22.898637170457665,0.2418359029018865,
18.952961924093493,0.45985742343001557,
19.581911628336123,0.42011891139743773,
17.003909808706954,0.5896029292692706,
18.21566150019934,0.5080783291876478,
17.48885472842049,0.5567857080130729,
13.586136944015145,0.8072609516075059,
15.763204142066048,0.6730141584702634,
27.037295417469586,0.10378735726179944,
15.919849133001618,0.6626189051879985,
4.563850007959303,0.9997100869221037,
17.436533011698256,0.5603195929487323,
20.636659817718023,0.35721996632868136,
23.76673938888936,0.2052526213434661,
17.996195853026837,0.5226923994604623,
7.5757078469437795,0.9904543450144342,
15.868783408766161,0.6660142103114003,
19.059034068713007,0.45305490211032384,
15.601034180345945,0.6837088511324347,
28.413174985466014,0.07579339711148647,
10.665635600767024,0.9345740178739544,
15.40599816281001,0.6964675126475437,
11.723652815029755,0.8970953434479988,
11.685580532526101,0.8986215791553401,
18.019221987836076,0.5211546150359718,
14.041243673380944,0.7812817343638983,
13.675463977188624,0.8022707119930818,
23.865714474562353,0.20135390992878155,
15.750873851067633,0.6738298236363103,
24.03402705596559,0.19485036060014527,
27.115653341857517,0.10198791139086016,
14.244703109415939,0.7692440156103663,
12.27043755101182,0.8737424652957777,
18.351927358063115,0.4990570265360147,
11.413390656551432,0.9091486306275066,
9.695948809559807,0.9600515645715616,
12.078543746079873,0.8822406409122707,
15.039947511551786,0.7200549912724559,
22.621807401460483,0.2544105281193947,
21.150568381114145,0.3285411647829817,
27.6122405288823,0.09118052707318247,
21.462527046173086,0.31181534964836666,
13.176292521309865,0.8294250771507511,
19.02046555836034,0.45552392847772993,
12.758576367688857,0.8506975005316223,
27.47358985064703,0.09409626866727372,
17.308887285162672,0.5689501405081849,
23.517640074468584,0.21531009299266635,
16.219073971414907,0.6426147722989888,
8.031706020942336,0.9863489980729299,
22.148772997811644,0.2769147419213992,
20.486257607440844,0.36586855825678044,
30.23606504914503,0.04886992319467698,
26.816797135057765,0.10899327277156523,
28.142731498250722,0.08071997508240047,
20.435854764648816,0.36879192280967477,
17.200268399359413,0.5763021185479997,
26.73692546512016,0.11093162597798079,
19.054181179163038,0.4533652867363851,
29.992338025846397,0.05189605144019149,
6.383480839776607,0.9968453538640412,
20.334469058205556,0.37470978691099355,
7.62934724888177,0.9900273986329616,
20.925148094343204,0.3409515691012279,
19.62870768892407,0.4172232469426548,
14.62358268590856,0.7462027151642622,
18.492704865978343,0.4897845080971013,
15.303895232287111,0.7030967006976534,
24.064235829528165,0.19369988457855059,
21.725340257654583,0.29813814142943806,
29.221719573352292,0.0625766480847254,
23.4087095397979,0.21981905272913227,
16.384294839232307,0.6315035544382515,
10.685785742205983,0.9339559276469315,
13.498511544497408,0.8121020264494023,
19.409610957208585,0.4308568300419492,
20.841081428167353,0.34564806084073485,
18.02449814529783,0.5208023907503955,
18.02676309780542,0.5206512038534366,
19.044466829158335,0.4539868479919047,
27.4051970856162,0.09556319747020359,
16.337398197207797,0.6346613128882437,
20.97644767294508,0.3381037512839221,
14.226967240484667,0.7703031158780114,
15.025097731823356,0.7210008406182467,
29.188618151941824,0.06307557294543664,
20.446768948046987,0.36815784394024575,
27.291922408986284,0.09803503066773023,
20.26347960572891,0.3788828804464822,
16.019978414360068,0.6559445944515614,
27.277838768447385,0.09834607193065481,
30.351191684667608,0.04749557950674954,
18.205647126513796,0.508742989314535,
26.912319739592512,0.10671201386075235,
16.758946876648416,0.6061946932637885,
13.074673350373907,0.8347264715105863,
17.90285529276692,0.5289359081345753,
23.21686427327967,0.227924896196266,
16.576992596198735,0.6185015000788523,
22.742730125372436,0.2488635961015373,
15.58868807879976,0.6845199869442764,
16.462951935909853,0.6262010839191878,
18.26469087663017,0.5048274550084426,
15.768983824728828,0.6726316886701336,
13.005397600080405,0.8382946188784565,
11.650024657482323,0.9000350574827406,
21.7244435374922,0.29818415632528494,
25.267924054302636,0.15191088816157627,
19.380769516028835,0.43266569455405224,
21.882643906228182,0.29013578899777703,
13.866652352992345,0.7914085108660416,
21.86041129724996,0.29125838383968317,
13.773533026166046,0.796729410756331,
18.618626865178175,0.4815348482203895,
12.742647050144143,0.8514810250981314,
15.224482614123051,0.7082269441752347,
14.821720254732552,0.7338590713984505,
16.188596627820385,0.6446598601112108,
22.640236058760898,0.2535597483158012,
14.50878296069888,0.7532653624565011,
21.19177329399148,0.3263018204837351,
6.754328537115275,0.9954126869069488,
18.31038883341207,0.5018024296975463,
14.548399651561942,0.7508357579129621,
18.403703470028024,0.49564088045559673,
22.71196237185698,0.2502669961164199,
19.082796299736188,0.45153627735629753,
23.689565590305087,0.2083309357144758,
19.331352330406965,0.43577245893044225,
16.647133613157536,0.6137600840689621,
18.91246672225403,0.46246434399292125,
17.649571112747964,0.5459479878057845,
14.991428201568889,0.7231419762463784,
14.728913513183118,0.7396643078932328,
14.783874641467724,0.7362312772374386,
26.50538727019046,0.11671209205642552,
18.461716709119983,0.49182122913747295,
15.14450517805817,0.7133697181780569,
30.770286135749956,0.042777621777553065,
21.213109177107555,0.3251458656855666,
27.561014772488157,0.09224876936217952,
9.19905980486816,0.9700250125070594,
36.726100039235334,0.008584506042588536,
17.903771077224828,0.5288745779571089,
22.02861769017067,0.28283431271530635,
15.742643273588268,0.6743740656503625,
24.810674781244852,0.1668689368728382,
13.234676780102804,0.8263434971266738,
31.69724983554723,0.03379678740248504,
19.06395233367836,0.4527404191615737,
20.319227692420306,0.37560371427175954,
10.747747606646728,0.9320321577684709,
9.09100222542498,0.9719372004224194,
12.168389094919194,0.8783020059316708,
23.397703353735142,0.22027839644443947,
22.499480670746976,0.2601073033547856,
28.36374960924023,0.07667400578563799,
13.732735715376446,0.7990424968187622,
21.694913632723914,0.29970197896598694,
24.30536912941712,0.18469836870579925,
28.251462941675403,0.07870727580890302,
8.73114562984438,0.9776830404407831,
16.97201736887408,0.591763662006705,
18.32084773801695,0.5011107808154247,
32.97736422515047,0.024185072921917405,
18.542994331232777,0.486484631139558,
24.063230203518764,0.19373810106969258,
16.209580159964766,0.6432519889283718,
21.172557482666175,0.32734500215247,
19.19243750124984,0.44455495763037334,
15.23940243039591,0.7072648644300337,
6.391073265118199,0.9968201081653133,
9.593557831623512,0.9622698476280317,
13.495178245941545,0.8122851093573477,
17.453550462217773,0.5591699424872727,
16.63742069425293,0.6144168877232095,
12.685052964061038,0.8542965296800944,
20.680139643096165,0.35474085137844313,
19.402813961528192,0.4312828306014638,
16.295584800278956,0.6374742693156841,
17.499338595625996,0.556077914450325,
17.30719780591215,0.5690644464548957,
16.426146563351615,0.6286831353333997,
9.867282441368607,0.9561439746402951,
16.307741195875952,0.6366567145049113,
10.203130167128572,0.94775567045698,
14.901793882456388,0.7288183292842626,
27.545844756921213,0.09256713785558446,
26.50649593045584,0.11668383506319024,
22.48489213836168,0.26079242335362607,
19.96041923839891,0.39696345836713687,
18.525225274897224,0.48764981694040543,
13.28097015426762,0.8238818037502695,
14.224790091281601,0.770432998868372,
29.553745785255376,0.05775949996705321,
26.625616770727948,0.11368032259044325,
21.590737120702464,0.3050953382405933,
26.863802744470004,0.10786569080667008,
15.902745401385568,0.6637567838448784,
19.8947488612788,0.400936425079766,
20.89195680692639,0.3428014559428588,
31.110215130761127,0.03926250090490224,
11.362123849190867,0.9110555956285231,
18.074592157470217,0.5174608942679779,
18.856648675508186,0.4660664278513099,
14.015205506869021,0.7828041906060272,
27.262051954598984,0.09869571064590732,
17.342532512783432,0.5666741593859586,
18.769423008955542,0.471715082549109,
10.984160469355606,0.9243700931880613,
17.473651866579353,0.5578122770442951,
19.712896912557998,0.41203663809980473,
18.69344594782649,0.47665428383608255,
31.580827989050423,0.034822948302542844,
20.504792216319995,0.3647966920343473,
12.765456087001049,0.8503584611778561,
33.1218576948827,0.02327358325970197,
21.774083429633826,0.29564365892492384,
10.418802443759958,0.941847345638751,
21.52128195942417,0.30872452288461893,
17.998222547041646,0.522557008458636,
19.041493364347502,0.4541771664964851,
13.242460827085303,0.8259306991302887,
13.481665309463837,0.8130265011482651,
10.269579188675783,0.9459793064767098,
26.033451725323168,0.12925960327663,
32.285160136741666,0.02901970632067552,
25.516020482724684,0.14424855098203948,
17.95827975897364,0.5252267259650465,
25.591349474959863,0.14198386178631894,
22.525304924443123,0.25889751359216584,
8.908484329265814,0.9749686470051112,
16.537496849363748,0.6211695261394092,
20.557812885454673,0.36173986288345117,
17.656722108338776,0.5454664564938014,
17.572272676868824,0.5511569893714333,
15.354740849569666,0.6998000040447034,
16.87799376204761,0.5981332436729021,
22.12816961153385,0.2779239657530007,
16.069761924426533,0.6526184233552437,
15.165194914660734,0.7120416760918444,
19.630024408251135,0.41714190099975523,
16.703445546655974,0.6099509051316125,
30.311322941769028,0.04796759404840123,
24.417995362226648,0.1806040344334653,
16.948751502943036,0.5933399068103619,
7.077385423446149,0.9937890820597082,
11.099718216495914,0.9204385710954264,
21.009138878429567,0.33629615023518344,
31.897273685304413,0.03209720624610335,
12.297885200601952,0.8725006069920631,
37.28023958368134,0.0073183501191167455,
19.97771733602787,0.3959201479759903,
16.03312228727104,0.6550668975928093,
7.006902236524765,0.994176363397219,
19.767531825089343,0.40868675897516116,
21.420761441642348,0.31402396663638044,
11.111323068443328,0.9200369751385185,
32.3870674924686,0.02825681051933382,
17.327350621059498,0.5677010716152092,
21.038663391076927,0.3346684831159683,
19.196185764142104,0.4443170508233376,
12.920448569608222,0.8426184534515064,
18.513334832089996,0.4884299959906562,
9.827738257161378,0.9570678236533842,
11.869396560036792,0.8911316668739463,
17.027613311366363,0.5879970036843736,
18.680941029416033,0.47746886625302754,
21.36953813484145,0.3167457392532338,
24.731158030115893,0.16958308390095067,
20.44156994621236,0.368459816531282,
16.211463543272586,0.6431255894954657,
23.681375610596927,0.20865959615474672,
21.32205073013002,0.31928176998559354,
16.348603971778118,0.6339070432331793,
13.306071991604762,0.822540287181287,
27.705861308410938,0.08925518167189916,
15.714918908051537,0.6762059998133921,
26.22882118879769,0.12393836684198134,
13.700349195648581,0.8008707482738143,
15.244956595452143,0.706906500996681,
17.486070310075743,0.5569737089685193,
22.81462327165273,0.24560556763203145,
29.810921313926773,0.05425463518287976,
15.867309928667531,0.666112090150428,
16.360927818025104,0.6330773209466387,
32.93775577702861,0.024440558283836622,
15.060126455651151,0.7187682372200047,
17.556271738610725,0.5522361111699572,
28.203118973266225,0.07959679517149665,
14.42580789400016,0.7583271595669707,
18.306513098100922,0.5020587984794072,
12.529404854383225,0.8617675119236811,
12.526492544862052,0.8619053628805359,
14.715387143324309,0.7405069913560397,
11.836456880857536,0.8924962764125549,
30.14859185947666,0.049937557847352654,
16.000435140924328,0.6572489647323527,
24.430298451828165,0.1801609922620937,
18.23479815029095,0.5068088369882047,
16.75714605725203,0.6063165943178539,
14.711830583183126,0.7407284159607554,
10.812960207873447,0.9299696723421668,
17.762642451108775,0.5383418826110231,
20.421414454783356,0.3696317525600309,
21.634026683850024,0.30284686205102873,
14.230093392579509,0.7701165696781069,
16.06644198597207,0.6528403896222735,
5.236615348667759,0.9992045879743219,
12.883032435914606,0.8445046785152681,
18.600365947583974,0.48272847341150127,
19.45120729533245,0.42825371501902076,
18.41176199439769,0.4951097860696253,
13.032594713468512,0.8368982693673229,
28.792706010772843,0.06931644552531713,
18.493166534936066,0.4897541836734297,
25.013310718951494,0.1601045480656086,
14.477713040603946,0.7551650467633463,
21.91183723805969,0.28866594900221765,
19.012379805989287,0.45604219567322857,
18.723822065659242,0.4746774810112332,
16.00323801821921,0.6570619417324646,
9.949297783556645,0.9541854303357377,
15.739378963339279,0.6745898667462376,
14.001228494824256,0.7836196923801353,
23.868933582304624,0.20122803312993032,
13.03404159055431,0.836823821532287,
20.287789131363816,0.3774511437910193,
12.061334488724397,0.8829869234455953,
9.470085005977266,0.9648306517330706,
15.756538979962185,0.673455117082812,
11.951326302331562,0.8876952822414513,
16.48049809419927,0.6250172889842596,
32.39059450172383,0.028230735587315925,
19.83151423859022,0.4047800162369989,
24.834453329238986,0.166063868758062,
20.054499819329358,0.39130541269797114,
14.534933786970345,0.7516625074397759,
19.604913010822454,0.41869449801808445,
8.50096254608187,0.9808816538640801,
17.44058003900471,0.5600461647734789,
15.996078049898525,0.6575396606787894,
16.2818912526625,0.638394944877059,
10.764108460358297,0.9315183567004824,
13.044488457240654,0.8362858007259807,
23.52787379873027,0.21488996282455697,
26.057368980642114,0.12859839268744733,
19.945265860415493,0.39787851360795656,
14.517952264324395,0.7527037583523148,
16.915920775728875,0.595564063506173,
13.172311171989483,0.8296342733067724,
25.582502962610274,0.14224834475388748,
19.60179752242718,0.41888730473284097,
21.099327181195342,0.33133859799882037,
30.10466156867021,0.05048147515909207,
21.05123433813704,0.3339768522565635,
19.14597620117137,0.4475081209275713,
16.426347231425254,0.6286696070693514,
16.109940961600408,0.6499304431119725,
21.57575522515056,0.3058759209277214,
19.471922477519144,0.42695988721010236,
17.540949420584266,0.5532697225617964,
8.873329168321597,0.9755245499509371,
15.841550637800735,0.6678223819145712,
17.657146998719963,0.5454378473784547,
14.98939840400771,0.7232709031443272,
14.744996979536214,0.7386611752426218,
20.53828240428285,0.3628642421702004,
16.221781044795566,0.6424330490461074,
8.716473757561214,0.9778976946302134,
11.83045438483497,0.892743893241864,
21.29789619404418,0.320576423140428,
24.640489988836315,0.17271928621566635,
28.36887609941331,0.07658226125941714,
22.545102445197504,0.25797264895017724,
23.067019578307168,0.2344027862537449,
15.761248285106817,0.6731435674519228,
18.279711986116713,0.5038325806079661,
11.995837528489462,0.8858031759203915,
20.949232898755714,0.3396128226240652,
20.102936320055054,0.38840812402819336,
8.57656940581927,0.9798703875453253,
23.097526449643563,0.23307350858664966,
16.365808283332967,0.632748680531267,
22.755128978419844,0.24829958912850436,
14.528268846663453,0.752071359014973,
19.09624655883939,0.4506775534348342,
22.50208335450014,0.25998520202016684,
15.287158403682268,0.7041798574981097,
9.627939044998536,0.9615346345773237,
21.5946825083678,0.30488998331719874,
34.68959859980544,0.015218095024905454,
13.124703113343045,0.8321263942941988,
27.86048803926403,0.08615059129879099,
10.470881659170798,0.940358448137436,
14.498284929929458,0.7539078061030708,
29.45896766888437,0.05910033199736231,
12.419497785054297,0.8669199476127359,
18.513125934903176,0.4884437059598813,
15.701264217575892,0.6771074965323354,
21.587543722174516,0.3052616156946584,
24.142927290490103,0.1907268659318575,
19.500592680450342,0.42517201202984367,
26.611401303004026,0.11403537228545813,
15.867547444713486,0.6660963128624584,
18.71218607202903,0.47543439858347536,
15.13734128504433,0.7138291662498641,
17.32359599392994,0.5679550598122083,
24.190379602003613,0.18895072277300828,
13.691266220617827,0.8013822160540133,
14.912359926128447,0.7281510311129205,
20.93164789114602,0.34058998126906403,
36.2075482922645,0.009952776249668727,
17.756604379968287,0.5387476096196495,
19.805004964977382,0.4063965177803638,
11.160596366302347,0.9183180545551826,
19.843571114649922,0.40404581339265633,
30.323055586960145,0.04782825911353872,
18.11836036236918,0.5145454203291469,
8.856996405475245,0.9757797928244683,
24.138600701870768,0.19088943238748912,
12.037324068992701,0.8840237531507457,
23.128515577341915,0.23172868677138236,
10.902354123330076,0.927079272636305,
14.871666168696478,0.7307183112218312,
18.71055906970893,0.47554026672174843,
19.633637656403987,0.4169187140766972,
22.447653967699498,0.2625467679292033,
32.310829743326074,0.02882579926475115,
24.84145264994614,0.1658274677705205,
18.380449580407525,0.49717433266696687,
19.071121269248692,0.45228217416439653,
34.03347002649579,0.018211298226979866,
17.989018450082774,0.5231719387265976,
19.665554652876363,0.4149495858894292,
19.94639284733084,0.39781042382611775,
23.565103589749825,0.21336657672971482,
23.886283949483186,0.2005505851543823,
14.947381886579027,0.7259357036851422,
14.497874125931252,0.7539329340955269,
14.787264008064339,0.7360191001743326,
26.1806414246829,0.12523378483404968,
16.177049522846776,0.6454342882534547,
20.938638213097303,0.3402013514819211,
40.72869195553714,0.0026223725792798858,
12.768296884521032,0.8502183509323131,
28.07197892797089,0.0820531343511901,
14.990956346945664,0.7231719486584764,
19.89636674677401,0.40083831551388016,
24.957957452513437,0.16193076615618562,
20.333068605815193,0.37479187886330867,
13.207452552088705,0.8277836353260837,
19.724653558122263,0.4113147211364292,
11.441091094657562,0.9081082397914986,
13.914508182304296,0.7886520127450121,
15.462935451513614,0.6927553767960628,
20.240629048616192,0.3802312476743692,
26.877223548639133,0.10754552973893361,
8.559257547814536,0.980105289021879,
16.61459049825579,0.6159604262970009,
10.366993254534586,0.9433044223804121,
19.348728035189993,0.43467901715681,
23.60419963990983,0.21177530822302992,
19.642837215511655,0.41635071025725967,
11.959141671549482,0.8873643423408895,
16.754484708648107,0.606496743393063,
19.834887735328586,0.40457452355168,
29.710189540602414,0.05560453478727978,
23.82828224594552,0.202821905023429,
11.820636256706845,0.8931482141278709,
27.39231265348664,0.09584169118519614,
17.368615499757198,0.5649102537312016,
29.47843471373977,0.05882272934644561,
18.227492766136734,0.5072933670926938,
19.27273392632922,0.43946969615046627,
12.272509861974262,0.8736489328190556,
19.764317858340235,0.4088834674442827,
22.5511028817851,0.25769277554176484,
14.63465646746469,0.7455178902090644,
22.17633233218713,0.2755685664166637,
15.025090322701963,0.7210013123088499,
19.666668023569116,0.41488097276406477,
42.82308334842146,0.0013704593993959513,
21.460743917092355,0.3119094483891711,
32.4611583332024,0.02771363073804256,
17.307946444684625,0.5690137952132198,
19.11072787830074,0.44975371059333136,
17.34603711910081,0.5664371273484472,
20.9624439750583,0.3388797777490804,
16.37617567724758,0.632050458895284,
18.354364403401174,0.4988960842943131,
33.21750581858158,0.02268760262443048,
28.203766993662914,0.07958481511183524,
12.341825326864985,0.8704989589658616,
15.441947292382636,0.6941249854846607,
19.977109998506794,0.39595675594407265,
26.475102220595375,0.11748615780924987,
18.213661939041092,0.5082110235974737,
20.53794633601122,0.36288360636798256,
31.017803264437376,0.040191598316770216,
13.49584085420554,0.812248721610759,
19.43443325548607,0.4293026258272963,
31.74588034650713,0.03337627710770308,
11.138196158600428,0.9191022601497206,
18.799520779348782,0.46976330114745835,
15.835139420385074,0.6682478068015878,
19.931766809913565,0.39869453308535263,
16.311873364119826,0.6363787653079023,
14.753929846148468,0.7381034947766052,
34.72533522442468,0.015068925180854786,
16.11513989583235,0.649582413001736,
10.726601319321732,0.9326926284333773,
14.70808497884105,0.7409615438906831,
23.89953621474523,0.2000342881684325,
13.966243521901056,0.7856555646391289,
8.910994361931374,0.9749286148843036,
19.982075354513505,0.39565751201069466,
22.774610750637414,0.24741517478284403,
16.115440713599135,0.6495622739587315,
30.136906307543043,0.050081733146638996,
16.63820316275299,0.6143639784570354,
18.303793978990786,0.5022386815854868,
26.608981475780034,0.1140959014588262,
24.500143743328316,0.17766149626194494,
9.449672575679685,0.9652421215818436,
12.126766365333118,0.8801355079417427,
21.8984729510443,0.28933822507005436,
18.133881543593002,0.5135124663511297,
21.93021658791408,0.28774303921893174,
13.523269399218904,0.8107397165813279,
16.4036524840826,0.6301992944335534,
12.808445255312401,0.8482311618329927,
17.377831244687123,0.564287138523701,
20.893557513672278,0.34271211034269555,
16.29470834914901,0.6375332050814299,
13.755163190903824,0.7977723041136359,
25.31045928527192,0.15057484607166072,
23.0019097054491,0.23725769726534462,
19.485982012206083,0.4260827253818613,
36.68122333674958,0.00869556570433927,
12.222777618701544,0.8758832448518885,
25.701864608175836,0.1387127788488659,
22.268361530505597,0.2711046075726551,
23.26058069469467,0.22605926251641684,
10.960306049255546,0.925166414874149,
10.983093938242726,0.9244058081663327,
15.589632642730958,0.6844579452864792,
9.50828171236574,0.9640516745425631,
15.970493621716416,0.659245792229304,
22.290499086364274,0.27003801254607396,
25.68076993425941,0.1393324488703076,
10.642608339775443,0.9352758470389273,
15.540621180941942,0.687673615925638,
12.469157562805103,0.864604624215537,
18.104481409461037,0.5154695012977759,
23.321501525935936,0.2234776659007569,
25.10682180627809,0.15705600961350907,
17.152760196963072,0.5795193667908871,
17.35185139346236,0.5660439005536668,
9.034497974537153,0.9729020222527616,
14.969544009959396,0.7245310689664903,
19.42321711726282,0.4300046065100471,
20.48920420934041,0.3656980414923673,
28.14273515113241,0.08071990673309748,
15.484715874016288,0.6913325568263924,
32.069308967876,0.03069759366262448,
35.65746905901769,0.011625291647209823,
22.40306732832654,0.26465776053741763,
11.994621131922296,0.8858551179591871,
17.640198443382936,0.546579217287199,
21.640683179324885,0.30250204305100625,
19.36009969130186,0.4339640298333438,
16.46989006233947,0.6257330259327254,
23.77231515356869,0.20503151874740178,
17.55545108052033,0.5522914647416114,
13.271759087613576,0.8243728913064416,
22.845991718508632,0.24419333337997795,
22.58053002175603,0.2563232213390254,
16.04629189669193,0.6541871332114635,
26.348723055670305,0.12076188676402133,
11.169163282604574,0.9180169182184937,
17.087269427595437,0.5839554640292004,
10.96472936187724,0.9250191474066403,
19.763681220943848,0.408922437615433,
26.76203671501263,0.11031916958703247,
13.540579481022634,0.8097846421140017,
20.687637450815092,0.35431431055598916,
21.231338795508293,0.3241601429448948,
15.3940958278543,0.6972421417320998,
27.702924806559583,0.0893150453296343,
11.418739623699022,0.9089482781836861,
23.030728402078118,0.2359910633905744,
17.44667134449858,0.5596346459914256,
12.23976995429913,0.8751222582574176,
19.677017180951296,0.41424343854634715,
10.245597229216669,0.9466249082604201,
24.084986659979773,0.19291255589973688,
15.62190649501186,0.6823365258882608,
40.294699932162324,0.002992868724602138,
9.852506681940103,0.9564907254028766,
17.067586231135554,0.5852888995660295,
17.550907665647948,0.5525979320653563,
18.963778900408055,0.45916198516570816,
4.890932000068709,0.9995157656685913,
21.13189362590388,0.3295590626959425,
15.41378070192619,0.695960750364615,
31.038531351684732,0.03998150717949056,
27.938459056514784,0.08462017140553968,
16.519491851170287,0.6223853229259672,
19.83768946056177,0.40440389732226445,
6.151003481822041,0.997544750374173,
20.612834348539337,0.35858247670778276,
15.771610492779526,0.6724578406846018,
22.097446024368203,0.27943339152860736,
32.71545693862992,0.02592068205575926,
18.592297898350175,0.48325614090658997,
24.268088001707106,0.18606903535591668,
20.043897374008672,0.3919410429253547,
18.501701986411835,0.4891936400989323,
13.217865204470199,0.8272334768284813,
22.83357486907631,0.24475167416059695,
18.212931472459537,0.5082595008552198,
26.034081487152402,0.12924215781992499,
19.526499537867885,0.423559282471236,
28.36048737023193,0.07673243643516603,
18.13702905875688,0.5133030562040648,
20.484515196574485,0.36596940986637794,
12.538282390248211,0.8613468616328555,
24.96716699466527,0.16162580365052137,
24.982485578120937,0.16111953956131864,
25.8988497839873,0.13303224348100673,
21.765770749054244,0.2960681297105101,
26.036605254787172,0.12917226435656792,
15.437422927756094,0.6944200393657884,
16.83536524467666,0.6010204783857296,
32.85803993562007,0.02496222603284526,
25.345569165365227,0.14947904180411564,
14.267623687486802,0.7678726179772039,
8.318898048034344,0.9831643802661083,
17.2818609869488,0.5707788727608656,
15.672303573677791,0.6790178167810054,
26.273409167700432,0.12274926457994517,
8.301053162675021,0.983376815357628,
12.794061388013473,0.8489446174389369,
23.079708689714902,0.23384923388640289,
21.28171635791093,0.3214454094937056,
17.628936047367695,0.5473378577527719,
15.275470321064388,0.7049356733791565,
14.219108013399826,0.7707718467011648,
23.63778068816923,0.21041543827885367,
20.829355928764326,0.34630603167864926,
20.989607303342908,0.3373754376425362,
8.814015601677594,0.9764423775826006,
15.5654312862043,0.6860467182733916,
13.592403019722411,0.8069127007039774,
20.342309686133923,0.3742503578418761,
15.255035156435396,0.7062559240793964,
20.776649282518946,0.3492723888008309,
20.058892170224308,0.39104223584201003,
15.124154821096148,0.7146743351172116,
32.00333822668655,0.03122764815393897,
13.46419217278328,0.8139832337086099,
17.1675973561562,0.5785145136973062,
14.138867964248819,0.7755366593123242,
25.213169086164676,0.15364449520265755,
16.124906932792765,0.6489284481799198,
19.28024293931106,0.4389953603178395,
29.24539407379451,0.062221923655216727,
25.31863051674486,0.1503192512544037,
19.070885818922935,0.4522972215372226,
17.964776237620466,0.5247923141149169,
37.344130692117936,0.007184215698293084,
23.98046993281757,0.1969025722223393,
16.877143165699064,0.5981908595388252,
13.430052387753978,0.8158462051881337,
25.07485622957596,0.15809295865098683,
13.395919490425001,0.8177003693145021,
16.353221459066553,0.6335961873048197,
18.86056574602451,0.4658133229079052,
10.143555463403247,0.9493152008272483,
11.542518229975173,0.9042388611250651,
24.261179594139225,0.18632387002819384,
19.390868516611413,0.4320319436424056,
16.73092024418981,0.6080916854807037,
22.58180254738446,0.2562641094611723,
11.407793208071105,0.9093580096015511,
12.85701855717987,0.845809470475336,
9.926697154504305,0.9547308800295893,
14.25947792877694,0.7683603462054316,
12.87622683216297,0.8448465566471313,
16.46433928012392,0.6261074954976698,
22.804097444802764,0.24608071682587584,
9.317647392469702,0.9678232444309367,
30.816920874834427,0.04227933250555249,
14.189370241844792,0.7725421651382607,
17.55921792556154,0.5520373961381888,
36.433600942086144,0.009332969120042889,
42.8712916248938,0.0013498569693027873,
11.956689899964758,0.8874682207511126,
11.477560889792509,0.9067277718638822,
20.140746428205336,0.3861539737652815,
35.83261465961496,0.011066264485277255,
22.44041303134351,0.26288882182214335,
17.40618270485916,0.5623705751156352,
18.619081006338394,0.48150517530798986,
23.781227903231876,0.20467845515249805,
20.790920865660116,0.34846776657111156,
35.38470202155986,0.01254850821271214,
18.35589966287303,0.4987947033330592,
21.903780058227376,0.28907113634301496,
18.414701612399245,0.4949160923116894,
21.926416874820344,0.28793368376184136,
20.347526628077247,0.3739448300356556,
21.133606586552588,0.3294656174535249,
21.02927004426584,0.3351858332809784,
9.770282515086974,0.958386563223736,
17.958600025771585,0.5252053083342113,
15.227009510868823,0.7080640600603667,
20.309545096743687,0.37617219059386664,
9.774190016807355,0.9582977585680997,
26.86510601176666,0.1078345660046911,
18.79371467530078,0.4701395980897449,
18.410134514340925,0.4952170314106835,
25.077431745541606,0.15800921204345308,
23.573928217088365,0.2130066420419724,
20.025555650633034,0.39304186100987115,
10.549694915959087,0.938058872933244,
28.257333635665947,0.07859983768834233,
17.49103054047655,0.5566388045948902,
13.269649593569271,0.8244852695611931,
26.529783229344957,0.11609159681320369,
14.064518239221716,0.779917325259035,
22.56455771978853,0.25706596374681845,
18.62705974867225,0.4809839517683935,
25.61010025024175,0.14142456950779891,
15.54273486683847,0.687535086447832,
23.704956329793315,0.20771433929813288,
14.70630154028465,0.7410725219291823,
14.283617736621327,0.7669138662269551,
10.622796860170256,0.9358758151769788,
13.621635377416643,0.8052844389696514,
18.088404036870415,0.516540445138394,
14.54084109303366,0.7512999386546885,
25.06898774845781,0.15828391051841761,
20.994777625810457,0.3370895375569435,
8.82213702023882,0.9763181863700399,
20.14291371292452,0.3860249659369204,
15.053629792909577,0.7191826944710418,
19.26350307014687,0.4400530866421398,
13.58107302334573,0.8075421898953894,
26.110254623453002,0.12714605717683247,
25.911576770312976,0.13267177023237875,
16.94966878913616,0.5932777622495562,
9.190856533162584,0.9701732992673904,
19.820513571004714,0.40545045293872595,
18.70713716273604,0.4757629539975635,
18.13369904340367,0.5135246090670728,
19.042581972955418,0.45410748588861427,
11.378796610694547,0.9104380644957548,
13.92423293642123,0.7880900671464783,
21.84217655285704,0.2921811875868803,
22.637952561888397,0.25366506265497746,
24.064330173482592,0.19369629954412937,
27.172631783476987,0.10069584330705261,
16.04844119116304,0.6540435218974667,
16.661741540913752,0.6127721450949166,
24.934459787567945,0.16271089289520713,
34.05651787515474,0.018097559285629505,
8.56280670176272,0.9800572941896833,
23.56418272685815,0.2134041619535072,
13.396080717047685,0.8176916310931326,
33.148740551573724,0.023107505315982824,
11.388738585008289,0.9100686175162519,
18.11053194804456,0.5150665992253733,
14.258505660192675,0.7684185354243152,
27.202527690712788,0.10002339966988072,
20.790650468715402,0.3484830016509881,
18.011288785522186,0.5216843164528642,
12.706526804736257,0.8532499712182634,
22.177444937674665,0.2755143103520601,
5.455361869176691,0.9989343880345125,
20.10516554278763,0.3882750397651621,
6.948519566250635,0.9944827548374752,
9.896484765367292,0.955453203645906,
19.673311802218763,0.4144716477293564,
17.945314422323342,0.5260939273492062,
15.031864862158336,0.7205699256176737,
14.835695916979356,0.7329813848240678,
20.49036210371865,0.36563104706432226,
24.200895839819143,0.18855878998068198,
15.169880784581107,0.7117406656916143,
15.355296660049781,0.6997639165445515,
17.314647411698903,0.5685604377404053,
7.625269380059384,0.9900603552382633,
18.82539665369126,0.4680875459955397,
18.57980288278532,0.48407370093738367,
20.98162267668667,0.3378172345835141,
29.53979074218133,0.05795523520528012,
23.599375006651584,0.21197120844849215,
13.601573691482793,0.8064025273126951,
30.960648106681408,0.0407760199180619,
16.869729974690934,0.5986929906393434,
20.58912700037056,0.3599410587879551,
15.44433507523318,0.6939692404101678,
11.126400584349224,0.919513357214422,
17.17165771273138,0.5782395366862948,
19.958300166160676,0.3970913594000436,
12.975914112965945,0.8398017795502781,
18.190743877581873,0.5097325347192746,
17.54989391330161,0.5526663157709897,
28.249225751593826,0.0787482511366685,
26.4984661980872,0.11688862000605205,
27.01644614838059,0.10427057919192151,
17.958759977298268,0.5251946117499263,
19.43983906022496,0.428964470487746,
13.61319530116965,0.8057551658659121,
26.722664142264115,0.11128070483680119,
22.901316146053148,0.24171636603054114,
15.539419673436234,0.6877523557500516,
20.5056285850924,0.36474836435528135,
18.66432390037392,0.47855203087262055,
15.727599829759708,0.6753683413179722,
20.942141812902694,0.3400066635074135,
14.200957066527831,0.771853006496272,
15.228676299219348,0.7079566055329546,
16.374396773845866,0.6321702740707134,
18.322906561655522,0.5009746611636408,
12.096277221909265,0.8814688835592872,
23.08126636066463,0.23378134543721707,
27.954543429389744,0.08430735902220188,
24.079457881365677,0.19312209442607253,
18.02145734773456,0.5210053810559652,
19.662163494814646,0.4151586029448564,
11.219691913338556,0.9162270685520064,
32.914325039159586,0.02459284972131015,
15.792857254036749,0.6710509576100676,
16.73451744511938,0.6078482306671857,
12.860042258216037,0.8456580889624988,
8.160619303238208,0.9849804323387955,
9.345122580009754,0.9672974680315239,
14.496185244679292,0.7540362299503469,
15.154671759628005,0.7127173501152516,
23.750866552472726,0.20588300771581247,
11.95039878901172,0.8877345213382154,
21.06740045458242,0.3330886507764632,
12.611952568205972,0.8578305133196851,
23.709395499775397,0.20753674277250544,
14.53723849421715,0.7515210745381664,
28.718585944514793,0.07054241137826534,
22.134996692744977,0.27758928481297596,
12.704907923664782,0.8533290024282701,
16.43278979856844,0.6282352490561991,
12.474601437820784,0.8643495320309402,
10.972173757907692,0.9247708925501366,
18.42053400342782,0.49453185622860285,
19.21565308392037,0.44308225820305647,
24.68521808209215,0.1711666117486137,
29.07094624283033,0.06487733681919206,
17.381977270344574,0.5640068285918638,
29.488285519160698,0.05868269071971455,
19.557057987929696,0.42166045939997976,
11.427047795886324,0.9086365652504728,
24.902506870618648,0.16377642491544853,
17.934519770437596,0.5268161661165391,
17.88237239638258,0.5303080173739209,
8.794447651662187,0.9767396885376385,
17.270851026068488,0.5715239785593904,
11.637785017823012,0.9005189705377357,
22.327060198374088,0.2682826135997617,
9.416927575127108,0.9658952134057351,
20.613690662970548,0.35853345714190277,
24.886137353861383,0.1643243954184893,
24.44170338834298,0.179751032831033,
15.562263592275407,0.6862545409428096,
19.17556308194539,0.4456266274613392,
14.328059191514644,0.7642422198032918,
22.974351294605405,0.23847340216545798,
23.36868223836734,0.22149291114164327,
13.315292169046304,0.8220463564752085,
20.148213675178354,0.38570957708507936,
14.745414636128595,0.7386351093411003,
22.271654017797573,0.270945797320431,
24.05648586022828,0.19399455002672983,
14.700365295100614,0.7414418054358998,
13.336874741083195,0.8208877012234337,
18.6987126321776,0.4763113448300559,
21.56539043365783,0.30641667087576496,
11.962185015459537,0.8872353250883848,
20.396363621264587,0.3710910866241457,
13.413735758514848,0.816733611342036,
13.088151370428392,0.834027917722434,
22.28685816284987,0.2702132412569299,
27.654478149381248,0.0903075940990895,
15.227263674617642,0.7080476753028615,
14.195084122240425,0.7722024147955769,
21.066694960731343,0.33312738325214153,
14.908176126617306,0.728415318025907,
14.236575755215027,0.7697295682217112,
13.725151223101191,0.7994712840237495,
13.271456176530611,0.8243890302185959,
9.741143604558314,0.9590447536710498,
28.893049653354772,0.06768611974535232,
19.65230416121437,0.4157665642122955,
27.538693780858804,0.0927175341808335,
15.303014042011718,0.70315375381351,
17.979901920129645,0.5237811719969532,
16.304699358919695,0.6368613072896024,
22.271289494485547,0.2709633767387246,
16.966009540384754,0.5921706917461597,
21.61991979365673,0.30357843821387664,
19.97611169914973,0.3960169331863824,
9.579219256666574,0.962573598932536,
25.525912490082494,0.14394952802370597,
20.67923516226145,0.3547923253984002,
23.670323735775913,0.20910370553962454,
6.097573860671039,0.9976864973550063,
16.19514180120849,0.6442207961040014,
22.31421267087631,0.26889858825669166,
20.33289285160712,0.3748021819184164,
13.542956236956112,0.8096533406120577,
22.515074289490876,0.2593763310193721,
6.266630684166308,0.9972142748860908,
25.482131317817995,0.14527672585847462,
20.138842934193455,0.3862672974101261,
17.744129875980146,0.5395859963436418,
10.14169695102006,0.9493633515463452,
32.32092860325367,0.028749835537054236,
12.460221566623948,0.86502280541325,
16.762009905433793,0.6059873471205304,
13.792606563520996,0.7956441899257177,
24.335853358431997,0.18358328647993238,
19.586231889420993,0.4198512040396325,
14.774344981443692,0.7368275525365828,
17.419417876868845,0.5614760897023863,
6.444851540331904,0.9966366796790413,
18.20485892305141,0.508795312241016,
13.992270180147859,0.7841417324978105,
20.619444546375135,0.35820417255935855,
21.253346115936615,0.32297253382543434,
20.859176148583984,0.3446340789063167,
15.739760511964436,0.6745646443079919,
10.455082295168241,0.9408127093150823,
29.707934761224756,0.05563508549174967,
15.31023751500001,0.7026859842567402,
23.032099592180757,0.23593091599574878,
15.74255504179541,0.6743798989581158,
23.39150785283984,0.22053727024177094,
26.538122912068303,0.1158801050176278,
26.94099484890654,0.10603498235630904,
18.281054680648413,0.503743676978417,
19.933392600101325,0.3985962108647262,
18.029148145451025,0.5204920110775964,
15.099065377087648,0.7162804978497002,
22.996851421689527,0.23748051019079408,
24.627509499437092,0.1731719075135365,
15.846498055345522,0.6674940212116648,
25.492302955854015,0.14496751506594463,
12.431307461124135,0.8663712449464218,
14.90777567765347,0.7284406099678284,
15.620445200668682,0.6824326453071159,
17.800689986832815,0.5357865115055146,
17.736773240533996,0.5400805242848206,
17.208038923717094,0.5757759789446327,
27.23537461109548,0.09928891320042466,
16.85769881783292,0.5995078878347571,
32.57467498259351,0.026899788573679695,
11.465824989313239,0.9071733314969919,
13.304884913320501,0.8226038338340221,
17.299757314753816,0.5695678717746625,
33.802692975789945,0.019386995569375065,
21.76493335957514,0.29611091079707985,
26.849326712994692,0.10821191038501099,
16.085015877553083,0.6515982932451152,
16.4368847394294,0.627959142915534,
13.131083572794438,0.8317934082821326,
20.137268813641004,0.3863610246568374,
23.885012475057863,0.2006001726106822,
22.497166675967854,0.26021589386318744,
14.658890918095377,0.7440170476854214,
13.62532207453553,0.8050786667102958,
10.189288149605767,0.9481208043127841,
11.426686043557652,0.9086501509401818,
8.292444238397911,0.9834785930259731,
9.050938803950558,0.972623752242334,
26.732366226636763,0.1110431253636538,
22.62481856728357,0.2542713809267725,
12.400647917616098,0.8677932787374928,
12.966637595302657,0.8402745639321343,
17.09782560537366,0.5832403638161423,
21.83408699024951,0.2925911731936027,
20.5215190039713,0.36383082930598754,
25.381727259581,0.1483571233267087,
16.07829795768665,0.6520476188225124,
14.894703540031694,0.7292658415951521,
13.447539875295863,0.8148929813363812,
21.18912782491037,0.3264453193526383,
14.181367364720694,0.7730176972183014,
24.12426905535731,0.19142867026821642,
22.65663201312369,0.252804450382458,
20.17233740447603,0.3842756797424106,
7.947866200493042,0.9871878101498789,
11.509881487742495,0.90549419265027,
14.438367336753984,0.7575633551916738,
18.672705811910557,0.47800556677687533,
9.922518089584742,0.9548312591636141,
18.36187671264588,0.49840006326027797,
15.253306046746593,0.7063675658243777,
10.745335695770567,0.9321076957890646,
22.665615421863805,0.25239127450164767,
26.125931069583498,0.1267181196668674,
21.0725658837026,0.33280514276684325,
27.83944432848785,0.08656764403608175,
11.197231267079777,0.9170255757522296,
16.945795729446857,0.5935401547833471,
17.65479214888232,0.5455964091669621,
11.500044201646162,0.9058706629881424,
17.570067884574566,0.5513056665860392,
12.840756977816639,0.8466223406069806,
12.98587730145544,0.8392932405484559,
23.97784033150487,0.19700374706280344,
6.5764544773139,0.996152455516759,
22.98534563750548,0.237987877282958,
21.217162250002033,0.3249265510137609,
16.17560796257355,0.6455309532822642,
17.512923619632186,0.555160911380177,
30.88894490433992,0.04151992662063597,
17.46234517299743,0.5585758959275471,
18.39262561248126,0.49637122927618127,
16.803459843324905,0.6031810499993302,
24.17310848425663,0.18959573551552622,
18.698109351558852,0.47635062316027377,
35.5772621144332,0.011889979350521718,
28.633343939477264,0.0719754452779422,
14.98904230157151,0.723293519936923,
13.548396420170578,0.8093526532279098,
11.912576981743037,0.889328044584698,
24.141248712624055,0.19078992416170348,
22.20035633572247,0.27439860576548636,
19.059826735693473,0.4530042118666341,
25.045730609641062,0.1590424393091352,
19.177491225618077,0.4455041218096447,
19.389950328883423,0.43208954715128056,
15.64700245677217,0.6806848300302097,
17.355282363267058,0.5658118705383272,
11.561787903788183,0.9034931113558473,
13.841688248520777,0.7928405578137505,
13.663561937094437,0.8029387900297841,
13.571817589777377,0.8080557517428368,
25.88315010630544,0.1334780009710742,
17.274006071956187,0.5713104522216833,
30.87210512892464,0.04169638304820167,
14.596510736262983,0.747874300058998,
17.989207137607035,0.5231593308529814,
26.83599172216515,0.10853165446584667,
19.685549516357874,0.41371816252463767,
11.788634931916821,0.8944600294144481,
16.432983688640395,0.6282221762319783,
38.634729678508535,0.004922977243943527,
28.931819451968465,0.0670651639240023,
9.463343379373848,0.9649669184135345,
24.149057594525004,0.1904967050925278,
17.614512418819988,0.5483096626288726,
12.086708247464038,0.8818856688981171,
26.291168186376673,0.12227825289774841,
14.882718810104443,0.7300217567379719,
10.469816339908194,0.9403891485537462,
20.81095038566473,0.34734028068640566,
11.498726747182614,0.9059210144633174,
19.92293961842804,0.3992285764878869,
11.128382512329758,0.9194443727683577,
27.042063700315516,0.10367710555021492,
12.539333640753714,0.8612970054711292,
24.66498281466234,0.17186771499808706,
19.456221882227638,0.42794035878977665,
17.331976318781056,0.5673881707486175,
24.521663779209884,0.1768967378825047,
21.34377020603374,0.3181203358115582,
32.447879637534015,0.02781027751164311,
11.442596806017457,0.9080514859721025,
18.69009229450042,0.47687269889425987,
11.842647584246134,0.8922405557700268,
26.41946421684157,0.11891920061983019,
12.291247194564114,0.872801540689072,
26.096590523344673,0.1275200173074147,
18.18175465659267,0.5103296344752772,
13.616015415379689,0.8055979350285852,
17.337168199839518,0.5670369874747883,
31.50086134063322,0.03554394273869288,
16.126478243894187,0.648823222737096,
28.355818549032424,0.07681612711882169,
17.59627164170103,0.5495390007795469,
14.432127599424678,0.757942932418826,
17.563400334411064,0.5517553161759073,
12.620914396048144,0.8573996534946912,
21.87888780653105,0.29032525121853237,
12.35083022175129,0.8700866896930834,
16.18930836215529,0.6446121189528946,
14.850556269428045,0.7320471569069638,
10.920883113571797,0.926471020043092,
19.474332664208973,0.42680946210527293,
18.719456120901537,0.4749614368990772,
15.27158156858797,0.7051870312110899,
18.151224992355175,0.5123588313118381,
17.434998862845287,0.5604232478466444,
29.60092899440149,0.05710198464617733,
23.30334103620833,0.22424501750063275,
8.609580754232184,0.9794168968700457,
12.961346850907837,0.8405439053482608,
17.828312005269733,0.533932708966629,
17.983380367704203,0.523548698736139,
12.078910373077319,0.8822247135392324,
21.866674767237075,0.290941840198792,
18.99897945251892,0.4569015974922781,
18.94058074386642,0.46065390223425373,
21.787773553401,0.2949454423169531,
17.637729778002115,0.5467454946103598,
15.159540112241672,0.7124048150520284,
23.06590745075896,0.23445134599380912,
14.469381894901284,0.7556735611468846,
14.710231030323717,0.74082798109307,
11.063004731359769,0.9217009280264205,
12.531191027173099,0.8616829299605516,
19.934071045437634,0.3985551842929087,
23.88429714812811,0.20062807432955398,
16.917659716328636,0.5954462608303778,
14.980804388805886,0.723816575583871,
17.950068411199606,0.5257759167716387,
22.942817471386576,0.23986983106480797,
21.146374280464855,0.3287696089230563,
13.327338248042846,0.8214000906110662,
12.54490737777542,0.8610325120489302,
7.705140849045495,0.98939967121423,
20.505171210836256,0.36477479226482035,
30.321504203747743,0.04784666248763236,
19.041954573643434,0.4541476445136362,
19.521363802277218,0.4238787734974139,
21.738832330965394,0.2974463419833091,
17.21196011149045,0.5755104859577292,
18.90938780031491,0.462662772489009,
21.70314688497047,0.2992783051083656,
23.656114380832356,0.20967571234266913,
14.663158456260176,0.743752456638493,
20.79045420673177,0.34849405995123195,
18.86822720597206,0.4653184123863652,
27.955594040847924,0.08428696077154552,
21.105468309367478,0.33100259505297824,
9.373303415601221,0.9667520067354455,
27.640324409606702,0.09059932210187016,
23.861597130680998,0.20151499543435925,
20.869901812059805,0.34403384040261,
28.499461723188286,0.0742768421360196,
12.881110906950202,0.8446012438379419,
28.096740782267737,0.08158443672143934,
16.358540826153515,0.6332380446390959,
15.35638633646104,0.6996931632364052,
14.8295073034993,0.7333701471597438,
15.29555547223799,0.703636550940621,
17.286727714523,0.5704495351807347,
20.86493408552595,0.34431177432411,
19.68037103070754,0.41403692913654055,
14.40160461413282,0.7597966695430174,
28.75109386514315,0.0700024343660599,
12.813555766688992,0.8479772699102448,
23.52096207301605,0.21517364798822647,
14.133833493111005,0.7758343419267519,
15.28832575960531,0.7041043425780036,
28.330919542590827,0.07726377600498713,
21.007956163272947,0.33636144829897563,
19.323741973672178,0.4362517350585777,
16.307189518908118,0.6366938210681086,
11.03158893038588,0.9227713041176216,
14.281047558637438,0.767068032306836,
16.328495565949154,0.6352604341054193,
14.622104554492957,0.7462940792559505,
13.870982846415485,0.7911596829257094,
15.834760982731833,0.6682729154074492,
22.515724722508832,0.2593458713752812,
17.080821088675872,0.5843922992466621,
9.527914349322694,0.9636466989531607,
18.27407532224509,0.5042058457238968,
22.70069062874841,0.2507824922767963,
18.475630089892043,0.4909064492308498,
19.264502824709957,0.4399898868135229,
16.49389710898903,0.6241130702499098,
12.096583252236835,0.8814555407748856,
16.936417805709784,0.594175484576376,
11.588653997290264,0.902447721890257,
20.87478284551828,0.34376088142841565,
21.54752843157937,0.3073499565682736,
14.384550992468684,0.760830162633494,
11.37506376444749,0.9105765442968764,
18.295520547898274,0.5027861167656034,
32.04710769061761,0.03087505858668438,
17.683303630678463,0.5436770856246331,
31.045064558988297,0.03991549317056331,
13.186224744288252,0.8289026713400394,
12.926275855022855,0.8423236804132774,
21.178231132034085,0.32703678707594563,
21.962147453531074,0.28614417689590566,
20.23152841881093,0.38076894622489,
22.171063009153862,0.27582561997827604,
22.58097264786354,0.25630265923676376,
16.29176377840729,0.6377312005463709,
12.045582635526097,0.8836677047550053,
15.565677810508614,0.6860305432976481,
16.803784004829577,0.6031591003289491,
30.3673511962801,0.04730543890718675,
12.442260609644675,0.8658612728433581,
16.232927295172033,0.6416846880341169,
17.95720652614737,0.5252984990362073,
22.57856953786018,0.2564143087265327,
18.35129190276701,0.49909899431882176,
17.994652476549703,0.5227955080755744,
19.738145844814888,0.4104869493123373,
24.61955981388845,0.1734495575575271,
13.832924713980844,0.7933423069524073,
15.472949463026858,0.6921013949482335,
17.551274515528476,0.5525731860979123,
19.853282427750422,0.40345490437638243,
16.87622627220944,0.5982529658980849,
15.028159001871913,0.7208059298092113,
12.407076629343015,0.8674957729240138,
33.2425564370238,0.02253637787834184,
20.464735985056173,0.36711528738710675,
15.349307716728328,0.7001527082542944,
13.558359196298062,0.8088014549016485,
18.133771200398986,0.5135198080670746,
12.88895248747163,0.8442069833907022,
28.361973529872614,0.07670581278206612,
12.184003939451665,0.877610236830694,
18.622641097032528,0.4812725845523187,
16.42453357162456,0.62879187526226,
26.277455831465602,0.12264180740544528,
11.731261317991237,0.896788759766025,
11.417311085921206,0.909001811554732,
14.523305370246982,0.7523756861166842,
31.806641659203517,0.032857502654798476,
24.297208648005203,0.18499773928366048,
22.036591533939387,0.28243893689922506,
15.621254411639322,0.6823794186800471,
21.114354102229566,0.3305167769527154,
11.063351775168332,0.9216890532090043,
29.94300760119093,0.052528276528257645,
25.258097886200996,0.15222085594862644,
9.929947429715977,0.954652706583511,
18.67696056370719,0.47772825393877394,
12.981082693894935,0.8395380638200053,
16.060871317892275,0.6532127882668128,
18.03142482882937,0.5203400613092417,
27.710547012612057,0.0891597290076449,
19.229298418297585,0.442217573419162,
16.869404571519443,0.5987150314387768,
18.091612522913927,0.5163266802805089,
17.8606625436164,0.5317630748223289,
14.468400105083212,0.7557334630174448,
21.91360005691176,0.2885773474029186,
19.385641415439473,0.43235991506448945,
26.4945069729425,0.11698970199003911,
27.116216705223632,0.10197506890385966,
14.739613597502558,0.7389970769474682,
21.117341693018815,0.3303535290911537,
23.67672043250991,0.2088465758382403,
23.61273347333534,0.21142912265877323,
22.701314337674194,0.2507539488080138,
15.699752392559382,0.6772072775813858,
16.951663479606168,0.5931426251133151,
13.096312596679798,0.8336042437804566,
16.941716167627842,0.5938165356894426,
15.882350586303414,0.665112733726456,
41.68650240328745,0.0019533812364770364,
19.454724186494854,0.42803393783161114,
14.989829193011966,0.7232435421333787,
23.44020918889022,0.21850823444549672,
14.58791040214109,0.7484045593691906,
19.716040285806454,0.41184356193419736,
15.936867275362474,0.6614860651185591,
15.033731808420578,0.7204510092213277,
24.382920672964673,0.18187164761440666,
18.789723387850618,0.4703983362211561,
26.386449752576276,0.11977628631307291,
36.17209979679103,0.010053391975397008,
15.592966025044815,0.6842389780397902,
19.250006896464424,0.44090661471280135,
12.993879100825472,0.8388842468410884,
17.33496288581324,0.5671861546505872,
11.032738475340059,0.9227322973450145,
16.397131263182338,0.6306387267537583,
15.521482758566531,0.6889273062996513,
14.596160638713016,0.7478958928982473,
17.65599856871413,0.5455151750586633,
8.116751607471937,0.9854570508080941,
17.602930573713547,0.5490901770750116,
16.037404533586923,0.6547808704140049,
16.424313801754273,0.6288066908228958,
22.067771572574145,0.2808963612026689,
21.542621561842253,0.3076066478154149,
11.954911494637702,0.88754353589702,
20.03267314499093,0.3926145076953733,
13.553541617473996,0.8090680783758049,
24.538689465713823,0.17629348099764375,
15.124681461804443,0.7146405939937909,
14.403771673134182,0.7596652260730087,
26.289479732999993,0.122322971196404,
13.654561411802007,0.8034433579736728,
19.220714224203853,0.44276146162064123,
17.099274482313643,0.5831422151312764,
26.518079819542155,0.11638892637132203,
15.42012073800874,0.6955477670099042,
18.661923012999306,0.4787085959347471,
23.29290417461133,0.22468686947518324,
22.96811309151272,0.2387491984028578,
14.374105332207952,0.761462406308443,
15.245961502559627,0.7068416505628159,
20.486836471678917,0.36583505661447036,
21.903694893885103,0.2890754211236707,
17.809927469384437,0.5351664242774439,
11.900499079088263,0.889834216941686,
13.245996294538612,0.8257430580800704,
20.42472420842908,0.36943917168834783,
13.091712122539173,0.8338431317677403,
13.933811275635067,0.7875359918141249,
23.57196928625064,0.21308650375332872,
15.239822149290148,0.7072377875199469,
12.420404122831394,0.8668778795003055,
8.330775669182444,0.9830218817801627,
23.041236999375414,0.23553037843819702,
15.558207751341786,0.6865205878089515,
19.843141362933604,0.4040719722156052,
16.640499488507224,0.6142087019939353,
6.282459712503874,0.9971664110399737,
5.417102951902486,0.9989863789327743,
33.83031252255286,0.019242700017007786,
14.956379884604148,0.7253656670791822,
20.8440339964389,0.34548249082401217,
16.73524080955597,0.6077992732732937,
24.665155406411536,0.17186172577863812,
14.20648515047848,0.7715239306856765,
16.069039334254555,0.6526667365042378,
16.705358217576833,0.6098214884033814,
19.672090902304618,0.4145468538649548,
14.63629818582191,0.7454163107849915,
10.498049059815122,0.9395720886778294,
17.10575483513599,0.5827032332919562,
13.132832804174223,0.8317020639752915,
24.122765767144315,0.19148529868436204,
19.18534958012614,0.44500497579290255,
16.358490240570994,0.6332414506446502,
13.365565278708132,0.8193421343462888,
19.539204329968943,0.42276938133830433,
17.69234178838647,0.5430688775023824,
17.923804425776233,0.5275332995909128,
9.544760661446599,0.9632967042101249,
13.624651005119883,0.8051161293129772,
18.296108536521416,0.50274720551556,
23.93651937151906,0.19859867300677503,
16.94200239034204,0.5937971448222403,
32.04089267672281,0.030924903989996033,
27.542271944131787,0.09264225402501935,
15.189646288447033,0.7104700375263168,
11.065009804738203,0.921632305057481,
11.559803711213824,0.9035700574634549,
15.222989103718792,0.7083232047814343,
11.821170358593571,0.8931262415878363,
12.920707931467689,0.8426053394022032,
15.89698859811151,0.6641396225477232,
15.28022515905321,0.7046282592856152,
13.058298498117322,0.8355732655117537,
16.576887811869565,0.6185085803306132,
21.48411812797879,0.31067733661468533,
29.017647435323507,0.06570804725565393,
31.478318637412038,0.03574960301097119,
23.522463233954333,0.21511201116010714,
16.586761703212687,0.6178413626259034,
18.489286444961163,0.4900090624179716,
29.27146246926385,0.061833359064627724,
14.722280546764226,0.7400776472836808,
19.887709997759078,0.4013634004327842,
14.78199053009412,0.7363492008170245,
21.929190821400216,0.28779449739582375,
17.340425974849513,0.5668166378232692,
10.950163371829646,0.9255034227163528,
13.83563277234812,0.7931873129003075,
23.248425113645784,0.22657691301489546,
11.375397153256753,0.9105641815526886,
23.87714520577435,0.2009071979292706,
30.42740209903729,0.046604751087460206,
16.298286149617923,0.6372926137314161,
21.643964548365133,0.30233215247886536,
19.205736318846572,0.44371109619881544,
29.00358130702358,0.06592881505795656,
14.395686208773727,0.7601555208340711,
20.92541937974334,0.3409364729112132,
29.599916626328643,0.05711602320770259,
14.563087059791819,0.7499329406013966,
18.75771782008232,0.4724748915893995,
23.69674100280547,0.20804330159846718,
15.215080758069497,0.7088327780844838,
12.119506209030055,0.8804537589518301,
17.25608169266709,0.572523602747333,
14.710121728065744,0.7408347842257202,
11.036632384196412,0.9226000777077358,
11.432497915212338,0.908431739759456,
16.717987274844173,0.6089669165245035,
24.21453844103001,0.18805125279194812,
11.170253165862036,0.9179785593100279,
10.751903615990674,0.9319018723994885,
20.463320495017605,0.3671973652727085,
17.689065410416827,0.5432893436717758,
11.851485588922742,0.8918748848073343,
13.231514447199537,0.8265110692404901,
17.200784917612257,0.5762671445214471,
19.897817169905345,0.4007503707889398,
15.437211833609528,0.6944338041033099,
12.564051793332153,0.8601220486852236,
20.457498281608398,0.3675350725482045,
41.19377480276024,0.0022740358960993134,
14.181470140121858,0.7730115926837652,
25.306715908638452,0.15069205287622445,
10.989787296972478,0.9241814946288702,
24.099153015992634,0.19237643382853076,
8.721072423404264,0.9778305753788802,
16.156989112560133,0.6467791344405116,
12.062347705906955,0.8829430577830044,
17.775118239897346,0.5375037414466803,
29.131882231881512,0.06393878959181887,
21.97793550415594,0.2853557542490768,
20.058260739579264,0.3910800639029173,
13.975919187230561,0.7850932799758655,
21.787014081206628,0.2949841490371261,
19.870936718286938,0.40238174160699103,
20.70714526023382,0.3532058717228548,
21.07488289999352,0.3326780177472449,
18.033924033408546,0.5201732714852374,
12.714744829504536,0.8528484469496647,
13.32296463800527,0.8216348567845125,
25.149940590121147,0.15566570913436206,
17.89561955651326,0.5294205358147646,
12.595787642277177,0.8586059803524984,
27.462376917885983,0.0943354636710314,
19.367296698041464,0.43351177742698943,
26.038753059995475,0.12911280693829563,
17.27464606104242,0.5712671398641966,
16.213805545632848,0.6429684027047547,
17.263540380523178,0.572018766640435,
21.293984931791407,0.3207863593047686,
24.541743233120393,0.17618544611237574,
16.893657987697637,0.5970721836708075,
20.974716938944578,0.33819960561963247,
15.073974123273842,0.7178842414711287,
26.20257145616974,0.12464278883747648,
17.496229645965435,0.556287796907519,
16.52443739534281,0.6220514036998374,
16.617117913198477,0.6157895686554571,
19.176318807756328,0.4455786104156647,
21.191499527628178,0.3263166687226877,
15.754742598489702,0.6735739435758694,
26.773349968019655,0.11004415742960894,
13.699630126438338,0.8009112599125582,
22.64955966471108,0.25313005661244237,
13.770281758402069,0.7969141558335686,
24.87890655780733,0.1645668997708285,
24.921270652290655,0.16315005462810417,
17.126177446885855,0.5813198569738727,
15.426342765052393,0.6951423402070223,
13.336857450429417,0.8208886308467339,
16.02885878878899,0.6553516358467983,
25.271705561612997,0.15179173270771706,
23.25336298992668,0.2263665294363434,
21.498793135206363,0.3099053147364931,
23.20093979798269,0.22860720692271175,
6.579256647461555,0.9961415799913841,
21.66076218293015,0.3014634035605055,
25.499782695031744,0.14474047014913416,
11.491955499676717,0.9061795528014396,
10.865769917038136,0.9282709957956917,
14.920998766122125,0.7276050784731689,
17.748633721038175,0.5392832763516856,
14.136856622353429,0.7756556059028974,
27.67569289799722,0.0898718161055273,
27.628606882209514,0.09084143850693693,
18.545431846249084,0.48632486081921444,
22.919280189271287,0.24091586960226774,
21.14026540019644,0.32910251529236834,
22.768634002581653,0.24768626933475413,
22.639246185239056,0.2536053973724195,
16.774081003136438,0.6051701728570615,
15.43618400305294,0.6945008233663601,
19.655791900794956,0.41555145159072127,
24.147621952506277,0.19055058721652918,
11.350369520005161,0.9114894242440502,
21.104571300593626,0.33105166108113004,
20.10395532366091,0.38834728682383324,
17.605857278064413,0.5488929282240753,
24.346447564329537,0.18319695850377993,
20.192358296635213,0.3830877150080859,
12.734012614637836,0.8519048621720284,
19.577663159428877,0.42038224448210215,
16.630064151002912,0.6149143031962275,
13.752067117723138,0.7979478525823577,
18.40270233546054,0.4957068713149063,
15.40721737878068,0.6963881364968024,
21.874157532597366,0.29056396487353076,
13.400008502561457,0.8174786929612492,
18.055563494781687,0.5187296176627705,
11.66349795201077,0.8995007952997978,
11.709859051370543,0.8976498239984882,
14.795315958740947,0.7355148259918534,
14.625187160272262,0.7461035293269724,
13.099851111210045,0.8334203884899543,
17.077865640277782,0.5845925149188232,
11.963443245928927,0.887181960437544,
12.446221985999511,0.8656765812722974,
22.134707204195976,0.27760347090203885,
17.590449358683994,0.5499314743882379,
23.682876844423706,0.208599323837367,
21.910850917379754,0.2887155304181783,
21.642575807672802,0.3024040462531007,
13.380011824156533,0.8185616061257447,
20.710592721463,0.3530101870102951,
17.862200272922674,0.531659986471727,
9.9907479601321,0.9531736552394956,
15.843803570289683,0.6676728618611846,
24.466838229641905,0.17885005116957087,
19.9164056288644,0.39962410444268714,
11.869515879007388,0.8911267060494572,
16.67577097867911,0.6118231915928785,
22.92690780738201,0.24057653600177153,
12.701294330822634,0.8535053342973707,
13.103587551317162,0.833226144168313,
17.15288828726499,0.5795106915258926,
15.246800667956109,0.7067874931921911,
39.70172547512859,0.0035803220743959585,
16.94688862195389,0.5934661135242214,
9.487335817422142,0.9644802996040744,
17.783395560559573,0.5369477848987441,
12.697827381800264,0.8536744090921873,
7.782099971560118,0.9887322440077108,
19.081611656386983,0.4516119404774971,
15.740066201647949,0.6745444362801711,
24.36333868430956,0.182582283399928,
26.81578093971672,0.10901775690993132,
10.677712759672714,0.9342040031665887,
16.941155229224073,0.5938545378242095,
20.173600535259393,0.3842006749041531,
16.510586471749217,0.6229865463620232,
17.962392643566414,0.524951693456901,
29.691938460777024,0.0558522477793616,
13.32975268643795,0.8212704280090958,
22.93150800996731,0.24037204617506225,
16.47812692644018,0.6251772850617294,
13.400007251329919,0.8174787608125127,
21.642035928005505,0.3024319981968575,
17.783127073932576,0.5369658165523417,
15.218642244313179,0.7086033233312821,
28.495370506572048,0.07434815466742473,
15.210520844057873,0.709126488249163,
17.542417810227445,0.5531706573940922,
19.594314557749914,0.4193505621469029,
15.547684755101475,0.6872106205949932,
20.00065631608427,0.39453868959373994,
15.902051921579552,0.6638029056478593,
23.577765375552822,0.21285027193041461,
45.014584507928184,0.0006821815537306763,
16.421734102511937,0.6289805943321509,
17.476936098956642,0.5575904920247392,
12.563355464337418,0.8601552185152067,
15.688347044649316,0.6779598332112915,
13.186806580925406,0.8288720451426743,
26.555441685853765,0.11544191769615408,
17.89490764357099,0.5294682223380976,
10.993032856566353,0.9240725787372865,
26.75470734431939,0.11049764131694118,
16.174839619660005,0.6455824737081544,
18.913094552611337,0.4624238857524028,
21.065228914660103,0.3332078794103529,
18.459122282050608,0.4919918639548526,
21.88516465845272,0.2900086837102235,
17.356153861446547,0.5657529340552299,
14.526152667226,0.7522011246835063,
14.724917525205337,0.7399133469092871,
16.705794999944796,0.6097919341653826,
11.18550825735881,0.9174405046475018,
16.299137721826348,0.6372353465108611,
32.425439286584876,0.027974301757709874,
24.60414772416242,0.17398881263320753,
13.961790054162282,0.7859141718913235,
18.762365668567902,0.4721731397044764,
24.13023164783006,0.19120418497918523,
12.75036823939261,0.8511014982226448,
24.66012509389827,0.17203635183807642,
18.59685680297474,0.4829579564398291,
16.418991763311592,0.6291654531161865,
14.091353328733083,0.7783400732687334,
13.204699060290912,0.8279289803198964,
12.504397657268408,0.8629488637447253,
31.667475180487262,0.034056600564484674,
21.00759707656208,0.3363812750436046,
19.92681797183312,0.39899389420250353,
27.09933599150703,0.1023604693552892,
16.517492717365037,0.6225202960552949,
20.622705755152886,0.3580176131502708,
17.73877368924261,0.5399460425588907,
23.33622185196386,0.2228570588726443,
8.56067796973419,0.9800860908832262,
21.98880533349576,0.28481375600075465,
16.650083816860498,0.613560572936132,
22.661084181664997,0.25259962287337256,
17.445879045822164,0.5596881706067698,
18.5371273776128,0.4868692551913182,
17.458881132683416,0.5588098694258565,
16.60069238233183,0.616899872689568,
28.390397087783327,0.07619814493046428,
11.771544811528402,0.8951568102788914,
16.589298934751785,0.6176698985691953,
7.12502440992143,0.9935162515665193,
19.53773511875235,0.422860694025622,
26.206754194207743,0.12453032565351618,
10.655580536767708,0.9348810699792361,
25.107185627142034,0.15704423817351798,
12.403975242319515,0.8676393421339619,
12.26225594028665,0.874111372377298,
16.61288115034292,0.6160759783488194,
12.744550293692994,0.851387518589042,
19.357906253866254,0.43410190263201354,
11.98719782458882,0.8861718190892413,
15.131397664300616,0.7142101999221577,
19.47695959781624,0.4266455355747385,
22.832324886044542,0.24480793047632055,
14.711068250842963,0.7407758693423313,
36.539732865467734,0.009054598825397608,
12.877168661130387,0.8447992662502707,
28.36364143524704,0.07667594270080602,
22.929792807948676,0.24044827671961677,
16.948723606022444,0.5933417967773749,
14.667372792772955,0.7434910758242385,
21.82483348896329,0.29306059854017863,
8.166277158753486,0.9849181292334857,
13.635398625367031,0.8045157668905756,
14.843499584928955,0.7324909162660984,
19.05341430388279,0.4534143425350434,
11.385598611466099,0.9101853978376405,
13.990477379526068,0.7842461465304428,
11.504365208725067,0.9057054081114846,
21.27491430263408,0.32181115691068896,
25.966186575054333,0.13113396050737336,
24.46780422236917,0.17881549312180234,
14.434022159491168,0.7578277043248105,
12.1957001838495,0.8770906688451637,
10.905956417092119,0.9269612660723818,
16.80499641428454,0.6030770051180485,
26.28618816710166,0.12241018591996755,
16.145021038923645,0.64758113786805,
34.34419990179546,0.01673188967115513,
15.109284570429587,0.7156265949874638,
28.380868276449533,0.07636801501960777,
19.451150349484934,0.4282572740737065,
22.538157860176188,0.2582968174134679,
31.422791122190525,0.036260757499284924,
8.893304504533633,0.9752097766285105,
13.433026237035252,0.8156842598392345,
19.76064369045802,0.4091083963503097,
13.826794020222467,0.7936930158865942,
22.976761843594907,0.2383668896529586,
14.73481598556531,0.7392963121089985,
17.618930332441785,0.5480119755141524,
18.406540408870036,0.49545389427813025,
13.159458230732223,0.8303087925513435,
14.331197057335148,0.7640531622597911,
12.083622925325354,0.8820198802755711,
20.330034651480243,0.374969756023563,
7.1986879379568105,0.993076279753482,
9.93248129799885,0.9545917008984227,
12.905591540301552,0.8433687686704514,
30.00774783720751,0.051699937294808596,
28.496393543891152,0.07433031695158376,
9.314894001808574,0.9678756075187471,
16.79762493996567,0.6035761366312278,
12.611081448734637,0.8578723585480361,
21.471868202509086,0.311322686083493,
19.42355383361424,0.42998352539497886,
14.303546976721549,0.7657171812942125,
15.402055401380519,0.6967241689108203,
18.490987775754096,0.48989729900359524,
10.596375404065927,0.9366704240089139,
27.0601759479185,0.10325920485222884,
13.789147756884955,0.795841163722515,
16.208354182376887,0.6433342647981608,
15.73015548698038,0.6751994711268821,
29.0339821691785,0.06545247939969667,
17.158485246006084,0.5791316271254211,
31.782080546222524,0.033066321005133736,
18.994712792896724,0.4571753575600337,
26.30471183044889,0.12192003504486582,
23.0230492759124,0.23632810864151,
23.88954008288614,0.20042363750450576,
15.708508852102796,0.6766292613364877,
20.227390085200582,0.381013583482146,
19.142904778581876,0.44770361875869935,
14.536259876079919,0.7515811327431691,
21.458755650904383,0.31201439312696666,
26.325139117493833,0.12138137143179872,
24.22810365286963,0.18754761636952888,
18.016255480619424,0.5213526754187403,
24.471956686925562,0.1786669981821034,
24.10466246436752,0.19216823203753364,
9.831567810009199,0.9569789357455594,
19.278000649647588,0.4391369811839769,
21.571225283401844,0.30611218314590793,
18.666702822312605,0.4783969147351177,
12.901542316321326,0.8435729579771051,
15.588621508848748,0.6845243593488174,
21.127327658980526,0.32980822127495335,
13.110677967312867,0.8328572417936658,
9.288241270375782,0.9683794122173207,
9.982794853845606,0.9533689328446598,
18.6405942359079,0.48010020639629347,
22.6207293245767,0.25446035914812537,
22.820626235934057,0.24533487139131904,
22.785771681649734,0.24690948474760488,
9.2996581058459,0.9681642851194665,
25.721461836631253,0.13813907663059422,
14.109121962991514,0.7772932993893937,
37.67980592408598,0.0065166642411437214,
17.068252880382236,0.58524373656595,
10.33191987730197,0.9442772219320313,
21.95325892478562,0.28658867098053786,
22.173767756697924,0.2756936544499462,
15.144888101845462,0.713345154114535,
18.516011950665312,0.4882543064652832,
13.015153355229037,0.8377944085600648,
15.083445013133538,0.7172791958944325,
18.572790182354407,0.48453273870106917,
14.684647757837716,0.7424187371746493,
17.745616688653495,0.5394860590260484,
13.030952720491724,0.8369827368659664,
17.07036802886333,0.5851004435464666,
19.551987367274222,0.42197527327807294,
18.571703567725667,0.48460387859724185,
13.971036774847663,0.7853770866934633,
17.350885214769015,0.5661092428558347,
21.469969196786437,0.31142280309778947,
23.76531542672183,0.20530911559463028,
19.095060290611222,0.4507532646009489,
20.411098115644627,0.3702323601635851,
13.525033692496965,0.8106424696588718,
25.842116946064188,0.13464872987062626,
14.617624978302745,0.7465708971618772,
29.546030629691177,0.057867642049646895,
15.910683577602123,0.6632287549306912,
32.6010981898263,0.02671349571852344,
12.227440935184905,0.8756746533810195,
10.827889972145817,0.9294920261550337,
22.92961205975425,0.24045631088832864,
24.249607471312025,0.18675132864295207,
14.639657333138544,0.7452084254734381,
15.796059827294364,0.670838795258516,
24.67338490297473,0.17157633500540204,
19.21561793928042,0.4430844861471974,
12.136327199356273,0.8797156973571194,
8.599484720665798,0.9795563680530615,
14.75032804575049,0.7383284015437919,
20.55282046326276,0.3620270986366799,
21.19676370200152,0.3260312266895218,
24.00735536307422,0.19587036639113564,
26.061868828488322,0.12847429775632901,
15.94279550353422,0.6610912914577279,
22.38585233894362,0.2654758647853701,
20.200539712490198,0.3826028007449218,
18.02461755120318,0.5207944200935986,
25.121858820084352,0.1565700624306895,
12.377654526931376,0.8688544563097151,
23.600643624972896,0.21191968444609566,
26.387354748883507,0.1197527245765152,
18.20013071033244,0.5091092115032575,
17.85151438111525,0.532376440290099,
19.84582280546358,0.40390876700011447,
13.934362175893753,0.7875041062682421,
12.542295275805895,0.8611564980930826,
11.664439824835663,0.8994633851333782,
15.541169272204183,0.6876376957316086,
11.087747750400261,0.9208515236135073,
27.086909136336132,0.10264496036816417,
11.855339956407438,0.8917151909377194,
28.106831249509504,0.08139409832324274,
22.991454910633966,0.23771838380006094,
16.4209391101042,0.6290341850238156,
15.15676492108285,0.7125829861503896,
18.121082694836428,0.5143642097395953,
27.836125420132102,0.08663357567290175,
10.146098345812845,0.9492492702922938,
11.786153343929445,0.8945613698920973,
12.917659138733564,0.8427594608053113,
22.488389637425836,0.2606280593978143,
18.528343282825112,0.4874452951712577,
33.611593080129936,0.020412934584723597,
16.16597824099151,0.6461765909133285,
26.033943932647794,0.12924596814722422,
11.068341449621691,0.9215181989999145,
19.620224180571125,0.41774752365974066,
22.202116501426556,0.2743130155275728,
15.572583754111658,0.6855773553384104,
10.140254322440045,0.9494007066096493,
20.153219809416733,0.3854117931843182,
19.483096439999635,0.42626268963091096,
15.786220120871029,0.6714905680901844,
13.637155520745166,0.8044175508461531,
28.618526750621335,0.07222708687329127,
13.253021727265141,0.8253699119523914,
20.31255101190958,0.37599566180277333,
16.669847650824696,0.6122238625903154,
15.190796408972524,0.71039605560472,
22.11095902125709,0.2787688481347367,
16.730483757947326,0.6081212259379343,
17.557228157693608,0.5521716013971735,
11.674222909646538,0.899074335065313,
20.180369603871092,0.3837988539115166,
11.64102012594667,0.9003911979934643,
20.256500260839584,0.37929445563469233,
13.272733196903747,0.8243209867211182,
14.59898349326787,0.7477217710069539,
15.600158977010388,0.6837663666130813,
23.052120758874704,0.23505391538753218,
16.247087668582793,0.6407336744397947,
15.40279225432896,0.696676207039578,
13.63156730988005,0.8047298757829145,
12.791054260285616,0.8490935614613798,
15.112125769796744,0.7154447187215002,
14.951553513920402,0.725671468548492,
26.29126174003585,0.12227577554069624,
19.291340447441364,0.4382947290403154,
20.289174651879243,0.3773696267657223,
14.01770117201531,0.7826584507515064,
19.59755440829658,0.4191499603931482,
32.13076234818124,0.03021117107762261,
18.109411747622353,0.5151411871356257,
18.26272671180476,0.5049575834627718,
12.433200376529312,0.8662831851827545,
13.725749202113882,0.7994374915156826,
14.310452890812645,0.7653019782686927,
35.172971916664906,0.013311645451544507,
22.716487005618752,0.25006027418774124,
29.2308923255461,0.062439000553889956,
26.751467831434656,0.11057660017257454,
16.797787370951276,0.6035651384669735,
25.019788015529713,0.15989190358977035,
17.602369080696015,0.5491280207215097,
20.675482606950098,0.3550059276195342,
17.666635464855627,0.5447990203146206,
15.550183005204431,0.6870468314557808,
18.27312465865677,0.504268806786301,
7.678380441812132,0.9896246139686314,
16.431038177697687,0.6283533481766163,
18.019174343432958,0.5211577959079228,
17.138926507946266,0.5804563193651557,
16.961413051832583,0.5924821017243123,
20.249239083682767,0.37972289573864504,
15.296000002019253,0.7036077819076875,
13.743026001421788,0.7984601196504267,
25.07028219423229,0.1582417756225606,
22.86587327054472,0.24330117764037096,
13.698325320541828,0.8009847624086901,
14.798947822382384,0.7352872720658743,
21.314853244209143,0.3196672154893707,
13.822917079987613,0.7939146706235112,
17.50775985100299,0.5555094498269686,
15.652476870817154,0.6803242909297015,
13.953609853200993,0.7863888593231423,
9.662564855673134,0.9607843453462872,
27.068258165892466,0.10307317868423682,
14.562792519431834,0.7499510565723453,
17.955862063016188,0.5253884136888227,
14.85702045109323,0.7316404581203229,
20.1417556237259,0.38609389859331755,
18.238791466308736,0.5065440306442816,
20.761087180426426,0.3501509598296433,
15.440990901458722,0.694187361598743,
9.411689474365746,0.9659988913619454,
15.98311963508364,0.6584039832911754,
16.441643408487284,0.6276382598091566,
12.770503857464526,0.8501094558490772,
18.342624541107398,0.49967151631911744,
19.59210294692053,0.41948752311952753,
16.552807178254362,0.6201354469635676,
22.623272949971906,0.254342798024372,
13.050274724464646,0.8359874368838356,
19.059431648674476,0.4530294770065675,
22.660902340843528,0.25260798645431093,
23.279738070125877,0.2252451551179876,
20.425069159565233,0.3694191034828809,
17.99141500452896,0.5230118087020047,
22.316832973045873,0.26877288131310884,
22.506508422076905,0.2597776952198655,
11.325016656036716,0.9124208326833859,
32.77894756597658,0.02548982679881928,
12.413596281104658,0.8671936968516833,
13.921383986539904,0.7882547565333258,
16.961327607445593,0.5924878905272868,
22.6646660918644,0.25243491533523743,
29.302900665956912,0.061367570276698924,
29.60621852783774,0.05702868358347091,
15.767414677229102,0.6727355353671702,
15.823600459931102,0.6690132368071634,
24.49609398549117,0.17780569466326812,
38.33797450491069,0.0053738121645672265,
9.2914361587891,0.9683193136137369,
11.36994023727608,0.9107664070766355,
23.634999410126635,0.21052782353015098,
17.657966123535804,0.5453826939410453,
18.012555754598036,0.5215997127496302,
26.969542178460664,0.10536451629051591,
14.521775331413966,0.7524694718877524,
15.638435779206551,0.6812488509600504,
18.90425595903384,0.4629935748246843,
12.594086745590085,0.8586874489358324,
12.695536056142497,0.853786097070506,
30.922462749427712,0.041170690554630074,
14.571021238818064,0.74944477393145,
21.28758816787292,0.32112988268420684,
15.200849527907272,0.7097491697074594,
8.146573600120153,0.9851342773632557,
34.23347412480039,0.017245856793955183,
9.752294934544976,0.9587937081324772,
15.14608813656149,0.7132681697152995,
10.885992562724907,0.9276137613084564,
16.481512947974224,0.6249488092407981,
14.510290924594102,0.753173032578033,
23.427036368709345,0.21905571597982576,
13.790763970105033,0.7957491326948608,
15.155130130427928,0.7126879278962711,
16.626889059411585,0.6151289756979929,
25.090646877480552,0.15758004914277168,
16.257798286778076,0.6400141394897255,
19.70263972155199,0.41266695832569955,
6.6743410386370705,0.9957579867684313,
12.238869516847037,0.875162646779382,
16.162613424597396,0.646402151844266,
11.489239445642829,0.9062831388104416,
12.870541947249214,0.8451318502709516,
18.90414850287774,0.46300050244373037,
7.606990093456805,0.9902070730920083,
26.35658780115055,0.12055587710889426,
22.19635801877587,0.2745930944501028,
13.663590298930195,0.8029371991925175,
16.20172394499463,0.643779180024642,
32.463595579392994,0.0276959248161327,
10.611260387319376,0.9362235450892434,
19.714138967609852,0.4119603420628405,
7.945972711000369,0.987206298715274,
13.130699168170008,0.8318134786153514,
30.6413101986318,0.04418307689285883,
33.690951295996626,0.019980986266103562,
27.56165018268483,0.09223545437658687,
12.991845427857585,0.8389882412652416,
18.319398119412753,0.5012066287821093,
25.943694446267585,0.13176558557574902,
20.606044211204004,0.3589713071033307,
23.09283283808886,0.23327767583493464,
11.937193405969241,0.8882923500471869,
8.43481646342385,0.9817355933301095,
18.52976452474366,0.48735207933620095,
26.138923645124844,0.12636433359137977,
14.89675843274038,0.7291361685301379,
14.859121916286673,0.7315082020028523,
13.778388907622409,0.796453356551206,
31.03558260680212,0.040011334379804975,
20.76989056641927,0.3496538051730166,
20.884092738944492,0.34324059292815223,
21.41769230248071,0.31418664313748557,
37.20974915042115,0.0074690690496340695,
19.308814975822038,0.43719242661861557,
18.975633131875895,0.45840030758977046,
12.232498183442384,0.8754482265679315,
20.287604292056564,0.37746201949373714,
11.127493205506905,0.9194753310994307,
18.40560795808416,0.49551535103822975,
25.286656804368523,0.15132134012838372,
23.039445721395,0.23560886118565183,
32.51722177447839,0.027308936422871355,
30.645228454542238,0.044139781488988006,
9.20478746859767,0.9699211699003318,
13.363300174521552,0.8194643762273596,
19.77192065057183,0.40841821562054814,
16.14581299199183,0.647528075394225,
10.491726851520234,0.9397556775034885,
17.27597574246252,0.5711771521018987,
31.083303774971405,0.03953106088649916,
16.570493086829792,0.6189406523428622,
15.401454368341305,0.6967632888858895,
15.85201814891666,0.6671275821479072,
22.150780214788202,0.2768165506322743,
15.956866914561642,0.6601539355752599,
25.290442176800365,0.15120242825388575,
18.831496802309573,0.4676927975934245,
15.408031954891323,0.6963351013359209,
15.869417378805766,0.6659720955813107,
23.563390890772016,0.2134364847746122,
10.03252554192647,0.9521388933593365,
25.63306460730911,0.14074199335735327,
13.071021133544942,0.8349155196731998,
14.336695574229763,0.7637217414558667,
20.229125070503706,0.3809110101284926,
14.84625933138239,0.7323173967438306,
14.764005013513126,0.7374740451608742,
33.610191767092445,0.020420638385103773,
25.348821139785173,0.14937786524807883,
19.836943028098393,0.404449352029131,
12.370426496102066,0.8691871015355024,
10.294760549172645,0.9452959342937546,
6.963225448661618,0.994406786141672,
22.599155655547083,0.25545894360365307,
14.195141341829524,0.7721990115177882,
17.048614948818873,0.5865741559249724,
24.13643536469595,0.190970831435052,
16.614781882021294,0.6159474885967711,
18.058894054913825,0.5185075034963512,
13.116748492599324,0.8325410941518967,
14.283069500374612,0.7669467540511925,
9.950956851328593,0.9541452172966661,
9.722087103469013,0.959471356816123,
20.233694362031837,0.3806409388899674,
17.705033994922783,0.5422149579669018,
5.6084149740946,0.9987042589862754,
19.250691185502422,0.4408633225172104,
12.115172903022655,0.8806434891250442,
16.719778232147494,0.608845720143534,
30.505026707926596,0.04571266125183804,
10.896611795262878,0.9272671383444672,
23.056924487186986,0.2348438368737673,
14.315523582868739,0.7649969423178077,
14.911564528081508,0.7282012816677526,
29.020207588612937,0.06566793477614918,
18.415877977543,0.49483858680573556,
21.554614506545004,0.3069794998824542,
16.668942298399603,0.6122851011823178,
19.68807537866948,0.4135627215047676,
23.63412922094174,0.2105629949495862,
32.90245973718204,0.02467029965005696,
13.307318410598846,0.8224735526328526,
12.40164362297307,0.8677472230043427,
16.368435214823023,0.6325717755294451,
21.998113747284837,0.2843501449085134,
36.69240370933055,0.008667771575744054,
29.125221953233478,0.06404079433672882,
30.044734843518448,0.05123188439271942,
13.780750395323302,0.7963190506005897,
12.396570966528058,0.8679817668785623,
21.2744742299579,0.3218348282901171,
19.51090148999913,0.42452995535828997,
18.33219575150184,0.5003606299945735,
40.213605939452506,0.003067412719664042,
15.155407268705707,0.7126701383563949,
14.31222296807554,0.7651955128105294,
33.56968413798972,0.020644487981077986,
25.319164107423127,0.15030257255157087,
28.159510713780943,0.08040653901631456,
24.19047770687761,0.18894706364098723,
18.26614287136536,0.5047312641712984,
12.971976939603547,0.8400025236045126,
22.24956487743494,0.2720124323183525,
15.265142358542123,0.7056031216463136,
26.672316606940342,0.11252033910606007,
23.78283691950122,0.2046147644602373,
20.653769584870272,0.35624326991152877,
14.813516941216463,0.7343738290540583,
19.646183011634456,0.41614421952509006,
7.2046811509099,0.993039498560314,
13.559350532743,0.8087465702655051,
12.070666461396845,0.88258256629006,
26.640489046816597,0.11330984350587137,
11.703744761361227,0.8978950540128044,
15.342810789222352,0.7005743358324918,
20.412185229574757,0.3701690449785292,
19.26103980660337,0.44020881853298555,
15.595346263912306,0.6840826018726376,
14.722284476279725,0.7400774024750247,
9.634232431465529,0.961399002503495,
13.157950213161476,0.8303878501624082,
17.934686538853104,0.5268050065762211,
18.913256954108384,0.46241342058858625,
16.622010626004133,0.6154587986607218,
29.123695907707834,0.06406418623623444,
19.101520290362437,0.45034102790462227,
19.09472913894628,0.45077440056480567,
23.177218360197156,0.22962628694937504,
12.27049977347986,0.87373965746689,
9.811474082525605,0.9574439497743004,
28.269005101241476,0.07838661393959612,
22.893621889943905,0.24205979745903705,
13.648047577246079,0.8038081757067803,
16.026360478343978,0.6555184687305519,
23.73821896445245,0.20638632310550253,
32.02626263322455,0.031042526682826144,
11.673948893403093,0.8990852438739407,
14.128728542526755,0.7761360367878325,
17.51089634842788,0.5552977428019643,
23.09284494196969,0.23327714916600772,
15.979775428554131,0.6586269832837564,
14.253762866661964,0.7687023084602111,
26.62569758682259,0.11367830671005663,
21.012912177853895,0.3360878744829321,
9.672765485917786,0.9605614218058655,
20.69506217528644,0.35389220813617106,
18.17835379366442,0.5105555788472754,
9.144366123699323,0.9710039619934978,
14.965274944055029,0.7248018072414457,
13.753621025352674,0.7978597534759315,
20.78332917950756,0.3488956505897651,
22.316934410204837,0.26876801573362585,
30.859433834214144,0.04182960073564268,
7.9007245506414385,0.9876422132171808,
23.458175581207247,0.21776312070493542,
15.06405553869862,0.7185174955549649,
17.5841980057593,0.5503529138081276,
18.471942820342424,0.4911488312922585,
17.220309260810907,0.5749452092077383,
17.611879613293343,0.5484870768090662,
22.539743767752473,0.25822276395525257,
15.27447449935464,0.7050000457059711,
23.486349559638803,0.21659837711848384,
17.31527379860077,0.5685180606045629,
30.196539596534258,0.04934981628201296,
17.867210212429512,0.5313241500274622,
31.83864649310923,0.03258718318432452,
31.965669596046663,0.031534001799140454,
13.255782442660852,0.8252231788737691,
13.806959873504509,0.7948259448871792,
20.13395019842058,0.386558661323394,
12.898323724695729,0.8437351675265934,
11.314455695788464,0.9128070791812217,
18.43131815975655,0.49382162720939216,
19.186892843518837,0.4449069771931511,
22.821038221960677,0.24531630098801616,
17.28244982215786,0.5707390248417118,
13.429086416169431,0.8158987948277425,
10.788353951092459,0.9307524552215523,
14.175534260771217,0.7733640629342786,
26.630053814674582,0.11356968832996661,
17.22180749543012,0.5748437748264889,
12.382073582336233,0.8686508631891854,
27.280928234208787,0.09827776948508349,
14.595399212208036,0.7479428529745689,
22.42250265646916,0.26373617852455633,
28.085166238464378,0.08180323707965464,
19.430529159053936,0.42954691435429415,
22.033079894725358,0.28261301397867866,
36.43412499700126,0.00933157512768723,
35.22323915193661,0.013126662274291712,
24.649350902380238,0.17241083452887285,
24.710496823477097,0.1702938617030183,
16.027505342473106,0.6554420182383882,
20.187695756666013,0.38336420511115166,
20.887359484571373,0.343058135742102,
20.32066747656733,0.375519221252292,
30.713982094714915,0.04338619587066728,
15.481978736839954,0.6915114458617224,
28.82494698133553,0.06878894744512853,
12.310145059440678,0.8719438024137391,
22.32236601424143,0.2685075668842487,
18.19321664248468,0.5095683146085856,
18.77633210933998,0.4712667945000789,
17.333107856823375,0.567311631050575,
20.619613437837177,0.3581945097102225,
33.56892774495295,0.02064868922091012,
17.67211315731366,0.5444302773501812,
25.851618860096274,0.13437689544319775,
12.788252906634945,0.8492322471441204,
15.59509718957755,0.6840989662639292,
14.928247912904679,0.7271466972217278,
14.335484127236686,0.7637947754695978,
10.590592432578738,0.9368435001461427,
22.845716759281046,0.24420568770540052,
15.43301934267609,0.6947071518065524,
21.338468800013757,0.31840358851511763,
31.096959821219848,0.03939457661447254,
25.616360081337028,0.14123824525146544,
28.900332638656312,0.06756909337482797,
12.367306788400954,0.8693305364523898,
20.627005840717487,0.3577717058465846,
17.741499529861027,0.5397628048156627,
8.838740925919403,0.9760628240261326,
18.38473183174648,0.49689184308778334,
12.030276782351969,0.8843271012236424,
9.801055839694405,0.9576837082812699,
26.639788271554032,0.11332727795710795,
29.242566540700068,0.06226419734991062,
10.917742324388502,0.9265743442976575,
14.377087053394932,0.7612819932919535,
27.871171641004565,0.08593951301435165,
19.926470520745617,0.3990149160227202,
16.05242925682281,0.6537770235516257,
11.057687995781716,0.9218827128357626,
23.919693344238222,0.19925087510432826,
8.934812538142436,0.974546467992427,
8.937773641885089,0.9744986708178542,
19.850489974864907,0.40362477593813906,
21.497871259390514,0.309953777868724,
10.380727640759442,0.9429204945347259,
16.005892021715077,0.6568848373417919,
27.42960516111833,0.09503748743529494,
24.71519730824959,0.17013195613648857,
20.64656705503221,0.3566542403501085,
15.709230082344451,0.6765816434388002,
19.586781796320384,0.4198171342313015,
38.61495482666284,0.004951871064677316,
25.922514036472396,0.13236261783748793,
31.366210905734,0.036788346075295575,
21.691479576984523,0.2998788031987084,
23.74241167868347,0.20621937233115184,
22.95504272415797,0.2393277755072989,
24.6188832291274,0.17347320367867447,
14.927566413776631,0.727189799909945,
17.840513616582673,0.5331141960323191,
23.684093195099894,0.20855049851835028,
11.731684172835433,0.8967717055026155,
22.34988098182047,0.26719079745740926,
21.95147376201118,0.28667799648576464,
18.657312766870632,0.47900928313553026,
17.68733570213727,0.5434057407319218,
16.663720944251626,0.6126382659806342,
16.966405156514977,0.5921438888661286,
21.640696221764255,0.3025013676695427,
22.608657161573834,0.25501881628314693,
17.85591805737692,0.5320811660706,
15.439132958101775,0.6943085286339108,
25.633934708287434,0.1407161829329484,
14.006306631058246,0.7833235446016902,
20.892562340008364,0.34276765573263557,
17.929732970739238,0.527136502109917,
16.952093069212285,0.593113521043579,
17.332090052001263,0.567380477548314,
13.070236198998217,0.8349561363682,
24.48730537941325,0.1781189351611241,
19.93985675456891,0.398205397334256,
26.6776915262497,0.11238745939798689,
17.942819728851298,0.5262608218720092,
17.981194125734145,0.5236948081216615,
17.39452147918624,0.5631588016130238,
12.722784663909657,0.8524550904011738,
29.501302476803346,0.058498089689157706,
21.298780784268157,0.3205289544340405,
23.525979944774036,0.2149676672026325,
28.560531940095306,0.07321932331453307,
23.05834854336119,0.23478158495937584,
8.593861965576686,0.979633745783938,
21.904577550464342,0.28903101496817873,
18.33373513871412,0.5002588938754322,
14.661773156798603,0.7438383562724282,
40.147775713761945,0.003129222220611183,
15.65612293994093,0.6800841175225265,
15.541207570932057,0.6876351857177396,
13.259556384955337,0.8250224998270681,
19.224221090264507,0.4425392365370481,
19.108779445059525,0.44987796893106324,
17.347321927457134,0.5663502321436893,
26.36649883393189,0.12029667611604944,
21.93987264085838,0.28725892851111356,
11.666604871528136,0.89937736127289,
13.836776088992819,0.7931218614621967,
23.501554013947917,0.21597168720445858,
17.641113428409792,0.5465175902254007,
14.880659253359008,0.730151594792632,
26.309226534203244,0.12180081549848154,
11.637049219727096,0.9005480180395882,
24.248099730927464,0.1868070770226815,
14.495173680295903,0.754098092337186,
14.308557825807727,0.765415941780818,
15.332605632340226,0.7012363154968697,
25.796435619346408,0.1359617800108872,
22.579987951902297,0.2563484046115754,
17.60955493990225,0.5486437339497806,
12.133253173452722,0.8798507638614262,
18.47518436762394,0.4909357468165819,
10.433336369427273,0.9414342809703683,
14.117530738649947,0.7767972617281436,
11.249531755547851,0.9151590539648213,
10.227488658877625,0.9471090276432065,
13.06039097742219,0.835465173321995,
14.823766070184385,0.73373064814431,
9.475066855829771,0.9647297199877511,
13.195412003255788,0.8284187799066655,
19.403897773364175,0.4312148908501835,
23.754791320384165,0.20572700392503007,
19.403621554755937,0.43123220543709473,
30.35577221868813,0.047441614068472804,
26.455601035628767,0.1179868205510749,
10.484581265824882,0.9399627432038186,
15.254041622505401,0.7063200739693065,
17.26864270540156,0.5716734358313568,
23.484094009455042,0.21669145748395657,
12.683926221572513,0.8543513378451523,
16.175988107364443,0.6455054627000961,
16.522890178728705,0.6221558731066037,
12.278238060435763,0.8733901998843473,
37.060330108102306,0.007798244070806315,
8.16740847783697,0.9849056484903166,
23.7055921928376,0.2076888936750867,
16.61266421938867,0.6160906427338495,
19.583894204884007,0.41999605047631783,
18.938462664610846,0.4607902085322154,
14.395995380167587,0.7601367795634513,
9.306133708389394,0.9680418126503195,
16.32547728634951,0.635463530735078,
17.634261504635607,0.5469791132084404,
18.604365961686604,0.4824669318723648,
13.658628689405955,0.8032154158555402,
9.989358984295416,0.9532077989402754,
17.550129646120684,0.5526504140746014,
20.36222537167919,0.3730847102150967,
16.30768839734263,0.6366602658267964,
31.785974815103405,0.03303313232539673,
18.719830868672545,0.47493706151111714,
14.81938230377914,0.734005809419821,
20.256593690301184,0.37928894453039197,
21.827017049741013,0.29294978431528773,
13.864961138636472,0.7915056541388177,
16.097030424357033,0.6507944910732879,
25.467503945704,0.14572230643840145,
29.272700119376115,0.06181496389241192,
12.194978458459703,0.877122763875437,
27.758649126741126,0.0881848251039854,
19.012691216677087,0.4560222312738884,
11.841381119250226,0.8922928979663651,
19.941303681328066,0.3981179437057638,
12.356600501973109,0.8698221424464438,
9.653247309733816,0.9609872169761253,
16.991119576946453,0.5904694781435713,
23.95155161374671,0.19801734393772752,
17.565946441421012,0.55158360483002,
15.631976778678832,0.6816739656966605,
14.177209394714477,0.7732646152074026,
26.04903627428554,0.12882844498070323,
19.173114715754238,0.4457822050422555,
25.01323944958135,0.16010688900970438,
19.949349133242446,0.3976318392265883,
14.969873886521464,0.724510145384559,
34.38082768944253,0.01656500712386144,
20.693587517035922,0.3539760215649579,
18.060689885065187,0.5183877490582851,
15.868566640657004,0.6660286100329139,
10.76356472353841,0.9315354715734712,
25.592052992718333,0.1419628456622113,
17.836226963999767,0.5334017281824186,
15.992053913709979,0.6578081072793706,
14.753067671300087,0.7381573370695393,
18.422586078711653,0.4943966866871564,
16.591691483350044,0.6175082071347033,
17.789841587499218,0.5365148996190199,
16.831139758220974,0.6013066408910798,
25.93615234362903,0.13197793229610766,
18.585730602166198,0.4836857906249742,
41.352498939268386,0.0021656162662609946,
17.73274495489558,0.540351345871269,
25.75782065888681,0.13707972214477282,
12.790922188174603,0.8491001013477036,
35.504428639803436,0.012135183799477756,
16.064412024701873,0.6529760993447896,
13.93438983239818,0.7875025054869923,
15.465477517417991,0.6925893936434679,
31.135470967820023,0.03901194852469381,
16.54131415308132,0.6209117209928766,
11.416540386793486,0.909030685157674,
18.86281138870319,0.46566824078493163,
16.379632343035546,0.6318176291368628,
11.557722235456907,0.9036507375677548,
23.962305217164666,0.1976022562891966,
20.99074700528296,0.3373124041814315,
18.086463744646693,0.5166697268068472,
11.913360390040566,0.8892951676040168,
17.589943998643065,0.5499655419594689,
18.301239988626744,0.5024076564795875,
27.078270275731537,0.10284312015313313,
22.210246270506854,0.273917924442709,
16.208676443749333,0.6433126379408671,
13.93762848773425,0.7873150157831882,
21.08104177955383,0.3323402441625378,
13.628105268342397,0.8049232610558199,
24.48203984568805,0.17830680925593478,
26.968837429084914,0.10538102559323403,
17.222433343915466,0.5748014035453541,
21.40741475556048,0.3147317686349421,
11.312679849666756,0.9128719267647079,
20.551414811650314,0.3621079942549892,
15.67731223705372,0.6786875981963988,
15.900807648514647,0.6638856567198375,
26.299906090881294,0.12204704459988247,
20.517426922867664,0.3640669924077634,
21.38301498749267,0.3160282531024714,
16.832823495583106,0.6011926139094584,
11.490265874317354,0.9062440003711287,
29.064067709975195,0.06498402962051375,
20.53492525685198,0.3630577056099219,
15.9875744113293,0.6581068909162195,
18.376502148100364,0.4974347753025635,
22.65824472385144,0.25273024248142806,
20.373939382776946,0.3723999934546305,
16.12079947990743,0.6492034893324357,
19.84893282530753,0.40371951584952404,
19.312795452544787,0.43694149678028127,
22.610840372260505,0.25491775917048387,
16.122857747629364,0.6490656685066623,
17.311645653656406,0.5687635198922243,
11.092805020384993,0.9206772203967895,
11.069920467898534,0.9214640833452508,
21.59098057101531,0.3050826643121025,
25.950465183243033,0.13157519153550412,
19.675979713680213,0.41430732893461575,
12.244096877793114,0.8749280783476444,
24.499712548648763,0.17767684541876094,
21.650241847019718,0.3020073163797907,
28.227361433900445,0.07914966973925763,
10.049983712350798,0.9517020074294885,
20.107319580456792,0.388146465801279,
29.009728523642725,0.06583225544740079,
20.707500665768062,0.35318569540962186,
31.494567105791397,0.03560125863655206,
16.79603989112342,0.6036834593534355,
12.296144329282903,0.8725795662910015,
17.102835600002308,0.5829009824574458,
10.678313057286273,0.9341855769416947,
12.125961426175719,0.8801708155828176,
23.17150329643611,0.22987229006414012,
25.32436792624982,0.1501399909061285,
15.7889063714526,0.6713126577720887,
19.944515556732444,0.3979238482557912,
13.968588019724281,0.7855193723275056,
14.37155391686209,0.7616167440922799,
13.770775600588609,0.7968860990335661,
16.270397468621745,0.6391675066006262,
14.331789724717211,0.7640174476324801,
19.988645194699213,0.3952617420447826,
24.818442383006683,0.16660561812504548,
10.666987250828784,0.9345326724529479,
19.32898640873381,0.4359214336438022,
11.933497736103782,0.8884481851623092,
10.591005480482247,0.9368311482439948,
8.866076372143974,0.9756381302977883,
25.59372470692188,0.14191291664582673,
12.334339285007362,0.8708411580750238,
20.86200743251507,0.3444755743247915,
31.269731395341918,0.03770389005674191,
13.767546450138564,0.797069528269467,
10.761121582381618,0.9316123395728652,
16.116555081819993,0.6494876681751496,
16.367184800783576,0.6326559830705104,
18.086149061524875,0.5166906948532501,
16.44625489354234,0.6273272767665625,
15.591160292395127,0.6843575992819733,
27.580432657657894,0.09184260017905377,
21.342065462494666,0.3182114031421057,
15.670374191557038,0.6791450012713296,
16.833907237148782,0.6011192196660725,
18.387402502424393,0.4967156885735854,
17.62814447179118,0.5473911844315051,
28.78580905097558,0.06942974055794882,
8.269345002158003,0.9837494153201422,
22.370510440836828,0.2662063837406977,
28.751126146095615,0.07000189993904105,
23.592750051114752,0.2122404246617846,
17.234443907595285,0.5739882964283253,
18.99766888992791,0.4569856800912294,
15.448416408654333,0.6937029887722012,
20.397180824971635,0.37104343235142423,
22.599343347023694,0.25545024436876695,
19.798430860514035,0.4067978690179852,
9.861618959766968,0.9562771019060538,
36.37218909649788,0.009497681305421501,
14.036749128422978,0.7815448307940798,
18.018156629204015,0.5212257423441224,
15.512637730469843,0.6895063277902067,
21.62119523234191,0.30351224922209363,
22.023565804049706,0.28308499221010275,
15.356224751188071,0.6997036553205596,
29.396099525685674,0.060004679361433166,
17.93537929619983,0.5267586502747179,
12.146411383374751,0.8792720344599043,
19.318620988984893,0.43657436192889154,
26.522792668036132,0.11626911953285723,
15.316927903265348,0.7022525692219321,
10.89086406583085,0.9274548784563071,
13.966141325018727,0.7856615004863843,
15.911531298938554,0.6631723579903994,
17.92883788239093,0.5271964064680625,
24.961868316667115,0.1618012080441814,
23.57310746969854,0.2130400996247357,
26.97041734925125,0.10534401772667201,
18.454084764004026,0.4923232302000503,
19.63595938024182,0.4167753319258438,
23.909109070019507,0.19966195168691958,
15.054107962869603,0.7191521953494263,
20.616526625889804,0.3583711392255591,
10.113654830560296,0.9500862041085851,
14.71509724628602,0.7405250420788878,
19.177502646815697,0.4455033961976136,
13.652497177063019,0.8035590002891884,
15.808637188007653,0.6700053271517403,
15.750334022230685,0.6738655249522261,
19.206101058274676,0.44368796113355335,
10.39493909007615,0.9425214573024647,
12.534506479454066,0.861525859478438,
24.916002556847168,0.16332572513109023,
11.38479319576511,0.9102153378909754,
17.030078716323658,0.5878299724354906,
11.939170142463716,0.8882089469503995,
29.67980698761584,0.05601743779688395,
12.068461038402582,0.8826781975414169,
20.76041600686711,0.3501888793698309,
23.065744154703545,0.23445847672174347,
13.33595070763289,0.8209373783235514,
16.330599806247122,0.635118834688617,
22.299858060731605,0.2695879354654762,
20.094702431411953,0.3888998843544229,
14.537643929560835,0.7514961913426024,
19.50781905405634,0.42472189208542366,
14.267363645039811,0.7678881939345834,
25.40079640122511,0.14776813425182922,
20.053798981569106,0.39134741299983533,
15.706671563196466,0.6767505585700497,
21.419478659662108,0.31409195288443326,
16.314161080904753,0.6362248722184026,
21.300365013467186,0.3204439524286724,
20.57544383265263,0.3607264711368009,
10.582204697047539,0.9370939954529243,
23.727895927099034,0.2067978023871615,
18.8390285959628,0.4672055671707239,
17.283838647585092,0.5706450403874885,
12.31196297446371,0.8718611275063387,
19.65461184266658,0.4156242281311202,
15.73881951901988,0.6746268483600812,
15.532008734710105,0.6882379272090913,
24.91737164396514,0.1632800572561487,
7.99733559282314,0.9866976716645208,
9.132508732917094,0.9712131883641394,
20.104420703153455,0.3883195040318175,
18.582045310043608,0.48392694484892507,
22.00640423256107,0.28393764489443485,
12.698367620858821,0.8536480694561398,
18.506496499608833,0.488878858006508,
19.53835814875471,0.4228219711335466,
19.41862542407829,0.43029212710471565,
15.64957781591675,0.6805152302160953,
21.41338675396237,0.31441494101498724,
25.051002338071125,0.1588702538873319,
21.090625279749435,0.33181505327781813,
13.527753958843192,0.8104924868088195,
12.881726301023686,0.8445703207941826,
18.38401932793477,0.49693884205444505,
15.412432248727038,0.6960485698501384,
6.903399199286002,0.9947108489844818,
16.648796511610232,0.6136476292914825,
21.321070507613072,0.3193342471141074,
19.12976905542572,0.44854009396627204,
15.311053089770377,0.7026331584488039,
23.755205670891876,0.20571053917679394,
19.51664920946147,0.4241721587896313,
27.369784762862633,0.09633026397305855,
21.989534361754398,0.2847774286333211,
15.694480365992156,0.6775551844995491,
12.236597577717582,0.8752645216557533,
21.283875556667436,0.3213293613948738,
24.27782611988815,0.18571026687374537,
26.700900377747164,0.11181517169538502,
21.5136277469957,0.30912610026528475,
17.655597449967015,0.5455421841307461,
14.62588614535105,0.7460603152339742,
24.363917515937963,0.18256124724575806,
19.090821435094654,0.4510238412097842,
13.602716048922677,0.8063389358682813,
16.74348918927282,0.6072410023022261,
18.92769845442113,0.4614831536867874,
27.045661032685754,0.10359399300014038,
22.01475001244417,0.28352278636749506,
15.338346714771093,0.7008639527548344,
9.450240002018074,0.9652307287183863,
15.457626760518274,0.6931019379377671,
29.575144120765167,0.05746048882068777,
20.514138105792004,0.36425685741139024,
21.015257837255007,0.3359584383499694,
10.431904652407882,0.9414750554524984,
30.78491579755888,0.04262074420800288,
15.454660660476105,0.6932955304775181,
23.186364080154547,0.22923300197514407,
9.091566411250346,0.9719274462271821,
15.463157934782169,0.6927408506789365,
25.244534951943464,0.15264951919988778,
11.510868812587743,0.9054563591549296,
27.332701446677106,0.09713906059203514,
20.067130253519807,0.3905488716172917,
18.58018401367459,0.48404875676473835,
17.365107176771275,0.5651474822739372,
14.539269874893181,0.7513963919640161,
27.306077797547758,0.0977232360166489,
9.431705201476888,0.9656015387496112,
11.039513947658088,0.9225021431701537,
9.99673897176634,0.9530261939313656,
19.09195254318514,0.45095163364046287,
16.488007286679363,0.6245105620473452,
26.917689279928627,0.10658496432733222,
24.776330906757995,0.16803704454476176,
15.090566024575843,0.7168240318077659,
26.42070214937705,0.11888716070272387,
14.72062773712716,0.7401806106571653,
28.52322750005497,0.0738637518421178,
14.823923278570673,0.7337207788056497,
14.629590116478006,0.7458312798137667,
13.03692917033809,0.8366751945699228,
16.427916971472957,0.628563779642795,
19.742437709492826,0.41022379924614993,
25.03220837998315,0.1594847700057661,
21.533578944592445,0.3080800387993743,
16.74422670798201,0.6071910834562178,
13.824071226276656,0.7938486954008732,
22.896152529116858,0.24194680538061664,
14.81091223546464,0.7345372091448229,
25.343159647559673,0.1495540425034747,
43.75749528546076,0.0010201299794572183,
25.676344366628527,0.13946273357692407,
31.091993890960296,0.03944415934955092,
16.75559743632634,0.6064214222830941,
20.082118040948806,0.38965207626316267,
18.404915641656228,0.4955609822342044,
10.030434001729503,0.9521910563661891,
22.360370882410862,0.2666899274628639,
20.09320531943394,0.3889893313151971,
15.130494819975038,0.7142680672505994,
13.224491032070288,0.8268829702886489,
15.039223661495788,0.7201011178281842,
11.526460582254572,0.9048577142126311,
18.336880632915197,0.5000510299309986,
18.110014943684185,0.5151010233495287,
19.339395006211873,0.4352661957117381,
9.173749800620657,0.9704808711041849,
15.368837020386245,0.6988844410357229,
32.49624075022404,0.027459755113486306,
18.392517056463518,0.49637838775329457,
8.13371581025682,0.9852740853451328,
11.207788498565513,0.9166508286157548,
18.269885702550905,0.5044833337693104,
14.643771745953417,0.7449537228434924,
25.93671719384085,0.13196201946531594,
31.945824878608313,0.03169648604237085,
14.281468691038517,0.7670427742531701,
11.93885412794845,0.8882222826827815,
16.74409635467501,0.6071999064212256,
21.584698332803868,0.30540982015854745,
17.87145538755595,0.531039610770367,
15.727480451442844,0.6753762290538858,
17.285492346163615,0.5705331328623865,
15.782271274717758,0.6717520667195822,
12.600506950496529,0.8583798107468108,
21.128168542364886,0.32976232706584696,
17.946550166852617,0.5260112603328786,
15.730320541349407,0.6751885642282047,
12.882111894722579,0.8445509434791598,
22.820918025876544,0.245321718764548,
13.65511466446186,0.8034123587479076,
11.682023220518987,0.8987635124283573,
15.299289993612485,0.7033948384348738,
13.793524201544399,0.7955919185290906,
22.137620291042726,0.2774607397939651,
17.428331852225885,0.56087372794206,
19.395135783142806,0.43176427482524904,
10.508548077462951,0.9392664157473124,
12.680420829652803,0.8545217835258174,
15.927726139384486,0.6620946402002552,
17.927178855741055,0.5273074415559487,
10.005739428920116,0.9528040765281306,
18.552452343007257,0.485864783313556,
20.294283482341466,0.37706912812611426,
20.765445416924738,0.3499047870280607,
9.055765041407826,0.9725416830246001,
18.158801878715277,0.5118550377712716,
15.750347308520437,0.6738646462791316,
11.720195527636632,0.8972344811229571,
7.2656311278312655,0.9926568427564606,
14.213813600557573,0.7710874069345302,
15.008769185034073,0.7220398140084172,
19.829141171041517,0.40492459858217456,
15.103050366432216,0.7160255573672811,
15.976427840401978,0.6588501849300884,
14.887708412017044,0.7297071246863833,
16.788913208808058,0.6041659899306981,
9.642502659646746,0.9612202696912632,
10.599064376678793,0.936589843780228,
14.588018598506704,0.7483978907886455,
12.894197676196917,0.8439429894038075,
24.637088951558482,0.17283779018474232,
21.3477800815746,0.3179061907029619,
15.1329234286594,0.7141123995326661,
8.787081945918427,0.9768509008324732,
25.748830027191495,0.1373410657622568,
30.597993524802032,0.044664234885139154,
14.293921678620931,0.7662954304926496,
17.658725651166584,0.545331554062456,
9.85972727926954,0.9563215074961492,
12.375906060501931,0.8689349646619097,
9.188972477885434,0.9702072835894135,
14.681105760747977,0.7426387251078981,
26.664050417654735,0.11272495018129447,
20.67532162932927,0.3550150923504951,
20.722442070003336,0.3523380555008264,
9.994166063258868,0.9530895608172075,
28.616377164807595,0.07226365639447974,
8.517140418462045,0.9806684491510234,
25.475916682306217,0.14546590430083195,
28.553271809373314,0.07334436024837443,
29.360171911818096,0.0605269024678744,
8.63735416485214,0.9790296684884885,
20.180992951776314,0.38376186191401684,
17.944714407112595,0.5261340672531036,
22.817819353942667,0.2454614184735211,
18.938564251530465,0.46078367069768644,
34.82581484706685,0.014656730642498617,
26.53351943776013,0.11599680853261174,
14.729301998767971,0.7396400924974326,
14.984426904558076,0.7235866043093309,
22.25304651678656,0.27184412696353344,
24.100544580443774,0.19232383072194303,
8.42422904509902,0.9818696443669732,
18.557355131277077,0.4855435666901745,
15.411422196757488,0.6961143465916921,
19.36013907930195,0.43396155419201143,
16.601822928041024,0.616823458980012,
25.44019867692993,0.14655698619480972,
21.550545646503934,0.30719218409918003,
24.692278084716335,0.17092251867119712,
18.85956374228262,0.46587806360672257,
14.5121658023082,0.7530582205776382,
9.813409513589892,0.9573993081093699,
17.005810591062,0.5894741496864229,
12.168684371466993,0.8782889444376978,
17.127799225544088,0.581210006009796,
18.481271400934492,0.4905356876654985,
20.493283157845188,0.3654620676133715,
17.899454921363645,0.5291636437318152,
26.218478723864166,0.12421552302992811,
13.557802741347178,0.8088322596079232,
19.755204740468628,0.4094414694399102,
13.404464674585848,0.8172369731976185,
24.14378373279867,0.19069469845727682,
26.234746437817172,0.12377980974485936,
23.93718838363603,0.19857277392719486,
15.32493723015586,0.7017335015354293,
18.00689153169152,0.5219779727990842,
12.485914775633326,0.863818599359502,
17.564290400640893,0.5516952886501999,
14.063122210118348,0.7799992575039717,
33.35668126302798,0.02185903611808715,
15.311298312303562,0.7026172746109034,
22.928091669038242,0.24052389894351345,
26.456965900408953,0.11795172291992106,
20.155138216231084,0.3852977099486814,
18.107801734371318,0.5152483934375405,
14.191381520644132,0.7724225953425972,
24.1274331193564,0.19130952199150342,
11.026202284564636,0.9229539241566438,
17.715826467763247,0.5414890202956211,
14.187068722724149,0.7726789603962554,
18.8683734770574,0.4653089654759255,
20.804912951962965,0.3476799178579648,
13.849347356997303,0.7924016306522698,
14.901310195155535,0.7288488646829919,
27.54206544232325,0.09264659716769175,
10.574116868403182,0.937334931601534,
23.67243616096936,0.20901876618993165,
15.825013118953043,0.6689195464863117,
24.576848415842484,0.17494714745734696,
11.55842317119517,0.9036235730042147,
17.23611173572925,0.5738753907567178,
7.453678643559698,0.9913739119742092,
15.947563274363736,0.6607737388606869,
17.07661685995349,0.5846771134518475,
33.488838623297006,0.0210979924237944,
15.274491342173775,0.704998956975451,
20.46560175601481,0.36706509007943044,
16.964351499520788,0.5922830234250019,
18.32633766884276,0.5007478351188621,
24.23405174384993,0.18732710235981798,
15.403595573312696,0.6966239167961791,
10.585171043708149,0.9370054798109556,
33.34331785046865,0.02193737435116172,
19.111052551380098,0.44973300636554525,
23.973566288995677,0.19716827497208578,
17.758721290590994,0.5386053582625894,
6.879864498878553,0.9948268743802975,
20.45637832576172,0.3676000526863237,
20.634346323872723,0.3573521433155544,
29.33893043572872,0.06083751959488526,
18.700663123869543,0.47618435979201235,
23.83628959290081,0.20250721424683882,
22.34233750871252,0.2675513708815218,
25.01653829676846,0.15999856167681636,
16.30140180518281,0.6370830844955574,
18.354454093399333,0.4988901614513235,
13.973968848945823,0.7852066679772303,
27.4375830533677,0.09486618482170917,
17.545426465167118,0.5529676849859959,
26.602829533044495,0.11424990430271109,
14.611224546766067,0.7469662400450949,
25.911373181848482,0.13267753037260965,
21.784947011557605,0.2950895141968528,
31.865026708860526,0.0323658810527494,
24.69120336326078,0.17095965885975517,
30.01272562668245,0.05163672689229171,
20.938159626971228,0.3402279505292011,
22.999278913162026,0.2373735629938467,
11.03144829266437,0.9227760754546934,
10.853323021103396,0.9286736589715936,
13.288560283379411,0.8234766600696106,
17.355467268342103,0.5657993659876395,
27.76322879707807,0.08809247970755774,
29.410615056882,0.05979480904134293,
10.75652819896703,0.9317567128226759,
34.16983647263306,0.017547800355601217,
20.59458843810295,0.35962783414413413,
28.53028793141081,0.07374141082525376,
18.18818712624337,0.5099023464737329,
7.7525582108452715,0.9889920787310754,
20.198290138448833,0.38273610218088927,
8.370339574061328,0.9825408360758522,
16.93329669004528,0.5943869295964985,
21.44845538714876,0.3125584090287532,
30.555868464464577,0.045136619511994436,
9.062160775781225,0.9724326568399422,
28.882204459156092,0.06786071072888111,
12.958560915647212,0.8406856426642303,
19.16319629310757,0.4464126762914675,
10.196757992878908,0.9479239693313255,
17.263413054914512,0.5720273843469739,
17.025594799915268,0.5881337581367261,
13.865299149522748,0.7914862402941991,
18.602446429011273,0.4825924351893143,
13.372900833617217,0.8189459948806899,
20.137043262311025,0.3863744555132974,
12.769560831285235,0.8501559909301225,
19.889407050099756,0.4012604377664839,
20.535560805027966,0.36302107637486825,
24.472089893125748,0.17866223619627786,
12.042538554111177,0.8837990135127743,
18.782534051257915,0.47086451426277365,
11.596087950550062,0.9021572963637542,
21.6612933556768,0.3014359576647283,
22.02611816048371,0.2829583237462836,
28.851790796120817,0.06835240614192295,
26.650625353919107,0.11305791143113586,
12.531937889463148,0.8616475552488655,
19.835836673223127,0.40451672901274005,
21.939450746013506,0.2872800694187849,
17.64368913333177,0.5463441140662542,
19.973075014521804,0.3962000113038948,
19.424029367549725,0.42995375395212265,
20.578894824984292,0.36052829637200623,
22.136743420689637,0.27750369831216115,
14.643256940163697,0.7449855965022141,
22.04372307946394,0.2820856307398061,
30.324017910826463,0.04781684664195607,
17.806004964049148,0.5354297156269294,
27.912449449063192,0.08512810030420692,
18.75807479187592,0.47245171360729943,
16.6901074826677,0.6108533344074132,
12.951598063962425,0.841039615626959,
12.779829843712449,0.8496488595170953,
21.416448999319577,0.3142525577745754,
16.711111368037237,0.6094322008590147,
19.328777215895908,0.4359346068868435,
13.812908713342505,0.7944864182356246,
25.58094568343385,0.14229494316240032,
12.388360730513392,0.8683609147301554,
22.79756467365776,0.24637593472132002,
15.917418258312738,0.6627806671589287,
12.985448204261921,0.839315158597403,
31.17534261757176,0.038619311749239715,
9.963047748942223,0.9538514399711534,
17.65022937012136,0.5459036596361342,
14.441706233286247,0.7573601562727238,
17.766518218546462,0.538081478863425,
23.157157563939563,0.23049062277172616,
20.058190535161557,0.39108426985655464,
16.955842927111952,0.5928594729030923,
20.20541130713121,0.38231420949842,
18.771549224250755,0.47157711024250226,
17.755973441268882,0.5387900084408754,
16.6364394690878,0.6144832359589292,
23.410481976542943,0.21974514464828498,
16.12389246686624,0.6489963811832553,
21.29447511481083,0.3207600442969525,
23.212078580163165,0.2281297944525288,
25.256937513705974,0.15225749294359725,
12.69792872535457,0.8536694682182051,
17.802779529498224,0.5356462348304201,
13.351439013586894,0.8201038772232645,
18.385213024032307,0.4968601028619414,
27.309148235577265,0.0976557146313155,
17.425111484332565,0.5610913367148949,
12.15183109833896,0.8790332194162633,
20.1300603313756,0.3867903832841797,
17.106801499579998,0.5826323326109186,
9.148080170013193,0.9709382071885496,
25.6362065818732,0.14064880855801876,
37.77625847667095,0.006335932399481381,
12.945915703003624,0.8413282065484676,
10.107287845315248,0.9502493709367164,
18.639554833293616,0.4801680564298172,
22.285322034330616,0.27028719405518076,
21.244045338683335,0.32347412510565143,
12.513614086132577,0.8625140909729924,
21.83758504323475,0.2924138439415809,
10.688861400851462,0.933861259583228,
26.874951779076426,0.10759966864182413,
17.328628224559502,0.5676146479824529,
14.369732619554746,0.7617268942493833,
19.379623799535853,0.4327376175049943,
21.245600065580337,0.32339024616040846,
14.774358331891113,0.7368267174916763,
29.454289606506908,0.05916721230494826,
14.36893752806215,0.7617749747955789,
12.963158584664109,0.8404516985128146,
24.97407047647554,0.1613974971104818,
27.875469829066596,0.08585471673010192,
16.60180714972471,0.616824525445292,
27.2986913759487,0.09788582967422876,
18.197024751096393,0.5093154383261633,
22.147598512282347,0.27697220734565875,
14.194552289371224,0.7722340459615589,
30.871916009421067,0.041698368540524,
12.99710672866467,0.8387191310960004,
27.882118465438467,0.08572368988454881,
26.23318781688257,0.12382150174298623,
9.182979414557304,0.9703152047753473,
18.995042837552813,0.4571541788394142,
11.66744038519125,0.8993441523979036,
15.985444071581272,0.6582489701149308,
12.661077243271519,0.8554605123198272,
10.490150140550774,0.9398014071324916,
26.321304579200017,0.121482339024091,
12.310293976954611,0.8719370310383459,
15.770962989859731,0.6725006978017898,
17.428605732850926,0.5608552215005549,
21.221697735450444,0.3246812373712715,
16.463383692083756,0.6261719584405567,
9.99698364756022,0.9530201649580229,
26.881151497593745,0.10745197546402874,
21.154861073258807,0.32830744789567956,
17.467463010693674,0.558230238780474,
17.2663452749992,0.571828926699172,
17.090801447322306,0.5837161944775686,
15.705200686861442,0.6768476587491792,
15.98731065573734,0.6581244821438736,
14.059860305107076,0.7801906505053505,
23.3582946719842,0.22192879336244675,
17.366119169579186,0.56507905164685,
16.01357574596147,0.6563720123339052,
19.020257645514366,0.45553725214740315,
8.505690908432232,0.9808195177240447,
10.350279043863821,0.9437693771300231,
16.36297736339372,0.6329393126116978,
14.445879915047176,0.757106069393946,
19.432936558133424,0.4293962706569068,
22.723388330612288,0.24974519233440784,
14.490667283465829,0.7543736160573582,
20.646899085104526,0.356635289235649,
11.36443329447306,0.9109702097244136,
17.611615738237834,0.548504858736176,
10.16207507915495,0.9488337371839998,
15.338630522271416,0.7008455421839468,
24.821142025247916,0.16651417668481072,
22.243260376499933,0.27231737311304494,
21.178651222068734,0.3270139729794942,
14.233196964748815,0.7699313147324162,
26.743314017005908,0.11077554509536103,
29.42365222473323,0.059606860482043,
10.72809248132353,0.9326461878305063,
27.819891821480166,0.08695667777040894,
15.054945749221393,0.7190987565379008,
29.48985337340156,0.058660429101138445,
19.95632632957094,0.3972105125023486,
25.47264387738831,0.14556560973459498,
15.050690533961397,0.7193701485501054,
30.155241624915227,0.04985567748970743,
17.3603675354994,0.565467984944389,
22.87375402672543,0.24294816901611593,
15.452646114856126,0.6934270002370764,
34.34693674873745,0.016719366677303116,
16.016000666597897,0.6562101437049792,
18.553109031178487,0.48582175516232606,
17.496730358311076,0.5562539936308386,
13.437200185819759,0.8154568534364035,
24.47102844135458,0.17870018470343862,
14.576162944743006,0.7491282473946115,
19.974493523075658,0.3961144859521626,
22.345658124140016,0.2673926073961047,
11.902159335780908,0.889764714836405,
8.250901889999856,0.9839632901898296,
28.937918185392693,0.06696793450702121,
17.475400746980696,0.5576941734879606,
20.7266342747469,0.35210043190742446,
22.87054053675753,0.24309207017515977,
21.677782047719784,0.30058476106096554,
6.801370599467836,0.9951995818338317,
23.903303652361252,0.1998876921461723,
16.39633596986707,0.6306923139833729,
15.484319060522532,0.6913584925562772,
12.575016880802524,0.8595991861877567,
17.321420705674868,0.5681022150015642,
21.87898399282866,0.290320398474913,
22.933887676499175,0.24026631213090432,
23.55177315737482,0.2139111315851534,
8.87805616839826,0.975450320766311,
14.065907171314294,0.7798357976876702,
14.677884447339304,0.7428387424536285,
10.454595549825852,0.9408266685578016,
18.92703680906043,0.46152575946488406,
10.620933721552271,0.9359320551592791,
20.727504345491486,0.35205112555917706,
22.282409504661135,0.2704274469921565,
14.181236258589081,0.7730254844183342,
22.13310940715628,0.277681777875016,
8.615941951769884,0.9793286672999496,
26.016938782791787,0.1297177200791193,
22.25707815784556,0.27164932046403933,
11.6113247362296,0.9015604607310617,
11.662501355348446,0.899540370261638,
18.21077375998219,0.5084027038636308,
35.084218770110205,0.013644177430496951,
16.826335531868125,0.6016319900058211,
5.316541414747416,0.9991132610692687,
14.806765584918816,0.7347972427822307,
15.025028669193361,0.721005237378111,
36.16926607895363,0.010061475982261814,
13.247191799923167,0.8256795866684733,
16.354374463010984,0.6335185609730786,
13.470194153197314,0.8136548451520635,
23.655822454359694,0.20968747602978144,
29.346970331984334,0.06071978775503406,
13.702851904468375,0.8007297208176355,
23.64974741117714,0.20993239015167797,
11.776273764669332,0.894964270284619,
17.848688454210908,0.5325659399931998,
29.846246098460373,0.053788120714725496,
16.548838168989736,0.6204035397584238,
24.127983325777713,0.1912888087038025,
8.56208743239668,0.9800670275767804,
11.519091275664827,0.9051409350145185,
10.027582883159647,0.9522621022276145,
21.16501773801071,0.327754857609284,
25.248826776789407,0.15251377120978526,
15.34846942062857,0.7002071189917493,
13.029741474798644,0.8370450323022004,
21.560392755839676,0.3066776209176003,
15.4932477529961,0.6907747916318074,
18.571226288110005,0.48463512679232457,
14.909211755432588,0.7283499054875171,
23.96847866573816,0.19736425478796382,
15.284472018602404,0.7043536179137064,
22.352952110547463,0.2670440925745272,
10.410567614342492,0.9420805457454849,
21.932531678021924,0.28762692317623384,
21.988124819715914,0.2848476686102519,
10.715333599807025,0.9330428947711532,
22.15563814969392,0.2765789995639919,
14.512943389741652,0.7530105979945187,
16.819762273443498,0.6020771274026486,
24.850709140403918,0.16551523203542406,
24.399321372120067,0.18127808057166894,
13.47355291470325,0.8134709632408587,
20.335233651149814,0.37466497185159575,
14.959853639426921,0.7251455056572782,
20.391992738065138,0.3713460245757876,
12.034448163053465,0.8841475988259636,
13.592661021618,0.8068983558143555,
21.811902670546974,0.29371737692249944,
11.201828714669503,0.9168625072569102,
9.119668357040037,0.9714385577095681,
13.099888082167853,0.8334184670294247,
20.86998120639822,0.34402939949408917,
17.613754376339987,0.5483607432304117,
17.803764914761068,0.5355800855331216,
39.17804807828352,0.0041887803136230195,
30.900222958731607,0.041402121914380086,
19.25152842536747,0.44081035609798447,
14.905746066464827,0.7285687871768298,
20.724373551617738,0.3522285636587761,
11.758617549374003,0.8956821140653515,
25.61460911706063,0.14129034305559507,
9.946207242814275,0.9542602768828987,
23.00465691212746,0.23713674683725716,
19.93806008379797,0.3983140028064589,
19.674702377497084,0.4143859973708268,
16.40148698819376,0.6303452221299726,
19.88587071980806,0.40147500646214285,
19.073510433822136,0.45212949615254494,
23.622020418858504,0.2110528559260152,
26.49036967894435,0.11709540685166053,
10.982790942765481,0.9244159526874622,
19.459598653853085,0.4277294037698629,
21.275457781341743,0.32178192479567436,
16.98244548927477,0.5910571534275907,
21.91970908292562,0.28827043518834183,
11.29927565704579,0.913360466496807,
17.211758770749352,0.5755241180380013,
11.859334353217264,0.891549554405649,
15.865901501540874,0.6662056438609562,
13.621817656483513,0.8052742673095801,
23.00166007738863,0.2372686897124887,
13.901470070334014,0.7894044704500583,
7.202527087842046,0.9930527356143164,
20.82698212158849,0.34643932314102455,
10.751633717038962,0.9319103381523184,
23.600287680409686,0.2119341399509309,
16.35798819852476,0.63327525372937,
19.29956302056831,0.4377759018448961,
16.486937322359854,0.6245827678141935,
20.72803765486544,0.3520209051674634,
15.19084602383204,0.7103928639967823,
11.186557509917968,0.9174034184182981,
8.448136255304087,0.9815659201919718,
26.41704468706147,0.11898184281359336,
18.208528533083907,0.5085517259323873,
12.737615307780752,0.8517280918110942,
15.170957079900473,0.7116715147251378,
14.758349131655171,0.7378274576474977,
16.674412175792963,0.6119151069979987,
11.6972890660251,0.8981536090520155,
9.721469228364777,0.9594851379179021,
27.66191016592862,0.09015472818385994,
13.834922486937668,0.7932279702940033,
18.185726732267312,0.5100657718519617,
15.741966416996513,0.674418814445112,
19.707551060347203,0.41236509355429085,
11.51691352631711,0.9052245363834039,
21.924873640678072,0.2880111363163216,
15.240032214886275,0.7072242355193674,
10.783589592935666,0.930903382002253,
11.120321978490285,0.9197247086386192,
16.011987738000702,0.6564780087065342,
16.482330040774876,0.624893673108839,
27.150099906168325,0.10120514207253595,
21.984018618259984,0.28505235191490685,
17.239390484555702,0.5736534356010321,
15.088851429415136,0.7169336448665498,
12.352067411781404,0.8700299930176016,
15.198919571564566,0.7098733861217137,
21.88894103932431,0.28981833206957464,
18.383472796888444,0.49697489379578885,
12.33231546630362,0.8709335869864198,
17.826395206110675,0.5340613135564964,
31.174550432716465,0.03862707821705458,
20.294612177984565,0.3770497986906505,
26.531385842035675,0.11605093044917525,
9.00571675985518,0.9733843259677297,
20.155582398133824,0.3852712979156767,
29.41357411825704,0.05975210475815107,
22.386424131977044,0.2654486643543401,
25.661692719029904,0.13989476043975735,
24.646988119154987,0.1724930424428287,
34.7007560065534,0.015171376313524165,
9.610577755190322,0.9619071055490299,
20.558371046929214,0.3617077571359748,
21.301946977062997,0.3203590855479126,
27.54228048051325,0.09264207449167772,
12.770999852499608,0.8500849772926807,
21.26081348124373,0.3225701561996419,
18.39802393488044,0.49601528645999304,
17.89306268740163,0.5295918081749753,
12.81957508465706,0.8476779562155956,
22.40799044901302,0.26442411206793504,
19.07984518376551,0.45172477409023126,
19.558393032471386,0.42157758934892486,
20.42846757244907,0.36922142521310175,
17.750774945574424,0.5391393668492062,
21.615928031105366,0.30378564933849206,
14.225935205727723,0.7703646877919885,
12.77262820483481,0.850004600027879,
12.520516759664673,0.8621879956493869,
16.172621479438185,0.6457312030990734,
11.982687266895141,0.886364013475669,
17.446788499937522,0.5596267314719297,
14.552947145996797,0.7505563479362725,
19.041965262114946,0.45414696035379043,
22.946360896893726,0.2397126307023134,
24.356451635354805,0.18283271678228907,
12.075073921959639,0.8823913215363177,
22.086406130926463,0.2799770817953723,
12.48318541759651,0.863946787119272,
19.089415828546354,0.4511135784174658,
15.265632563985285,0.7055714507780046,
23.98287330846202,0.19681013535661573,
22.10322919478762,0.27914885933621325,
16.830222401406726,0.6013687662258079,
32.02342774412679,0.031065365372150433,
20.713224878865294,0.3528608212316906,
17.545041612826953,0.5529936476896538,
15.602088585141507,0.6836395561247177,
10.249796264850344,0.9465122363164484,
25.49463989308143,0.1448965477450661,
25.003775851912817,0.16041797180420225,
9.521766849646637,0.9637738436725836,
18.89751756877092,0.4634280663417394,
19.691557280921998,0.41334848993400675,
10.284180382865042,0.9455837438275614,
16.791054999182233,0.6040209766767675,
22.926859697918083,0.2405786752232616,
19.70213642085196,0.41269789835710546,
24.95135162853576,0.16214978573586636,
21.82886481155632,0.29285603255688475,
21.86383948816293,0.2910851023929991,
30.185083244100532,0.049489688921502406,
11.157688136049373,0.9184201287101604,
16.097272972955913,0.6507782611844907,
8.860804861850553,0.9757204465064101,
9.627867752117602,0.9615361691773464,
15.251290761088123,0.7064976708669064,
33.68424290645303,0.02001717279143611,
19.14328482854029,0.4476794265352615,
20.18335826259943,0.3836215112914678,
12.695339716481296,0.8537956653992766,
16.026859398097027,0.6554851527363491,
16.969625788363274,0.5919256915969916,
22.509209496068276,0.2596510876652196,
32.187426894684606,0.029768847639071172,
19.48320229631704,0.426256087113561,
14.250331637572396,0.7689075265610809,
14.631974603042991,0.7456837984759361,
26.733639125510436,0.1110119864129041,
16.96745935867033,0.5920724669197373,
14.933116703587837,0.7268387021796063,
24.87889543728765,0.16456727294153417,
26.575987708381163,0.11492384453943394,
20.471486267943934,0.36672400422807083,
15.372634314668053,0.6986376848755008,
17.139708415918015,0.580403359468711,
18.908137089887163,0.4627433863298621,
23.385672642865508,0.22078129004554348,
18.713759909266816,0.4753319973656447,
25.335045021856164,0.1498068440954241,
14.090369635482672,0.7783979680176815,
15.273966120908407,0.7050329071239406,
19.134031882165804,0.4482685724361384,
12.511534347424066,0.8626122627176843,
11.231030727582048,0.9158221979594129,
19.97327334287833,0.3961880530589239,
28.620487142248933,0.07219374990026317,
12.990487153539679,0.8390576801627891,
14.591879443374777,0.7481598922506785,
11.062864354609227,0.9217057309914576,
25.109824890031554,0.15695886540688764,
29.18185255283728,0.06317797347268572,
18.2183919511164,0.5078971459442525,
13.8783197325557,0.7907378318172141,
20.03721643417378,0.3923418368493783,
16.602917416043834,0.6167494814278404,
20.47048876517398,0.36678181082923844,
14.713860683694977,0.7406020332959977,
17.94262493319018,0.5262738541257794,
24.05215711422504,0.19415928129619042,
16.238987451471697,0.6412777252773683,
35.20369429078221,0.013198301775903754,
30.872789127481088,0.04168920271692478,
12.29656383037478,0.8725605417215858,
25.41085692702837,0.14745814196244245,
11.108355539234429,0.9201397867570262,
31.15071827112074,0.03886138034772857,
15.953054779625143,0.6604079207585403,
16.04084371702909,0.6545511279186952,
11.61559928805184,0.9013926437630005,
12.02312634707844,0.8846344383199414,
18.092899633458483,0.5162409325628949,
19.596523491963286,0.4192137869467848,
20.59335953211392,0.3596983014109403,
13.077418080906112,0.8345843289428015,
13.672686150634293,0.8024267218880604,
35.60764877141755,0.011789048236295008,
13.902861891150106,0.7893241974731153,
13.923978534784057,0.7881047754625681,
22.74830159509001,0.24861004819838717,
12.302374547146199,0.8722968660439409,
24.408623992825856,0.18094205948091668,
28.44451765083514,0.0752394778599923,
17.353584856820913,0.565926668683281,
24.284175572010156,0.1854766243323419,
14.13194852324919,0.7759457589988853,
19.4415078615868,0.4288601032528504,
31.555629804254025,0.03504870718520581,
16.813396910158932,0.6025081713211244,
36.37551047962052,0.009488703944435906,
10.033545976694338,0.9521134299638655,
24.35822987841047,0.1827680296750549,
17.748384614530792,0.5393000189666117,
22.07160639164948,0.28070702107930456,
14.904263648431288,0.7286623956329723,
10.909166446736352,0.9268560094600637,
18.117230505514414,0.5146206331129305,
13.003755207829185,0.8383787562284638,
19.900129924658184,0.40061015879956496,
11.284099347740439,0.9139116035880533,
19.142793961199875,0.4477106729778537,
18.50046215893528,0.4892750505144732,
19.290863076301584,0.4383248579522563,
21.14881692433688,0.32863655164713956,
12.930565755932237,0.8421065028485044,
12.695277898728111,0.8537986779319409,
24.50298526129116,0.17756037260779256,
30.58638043624336,0.044794021630187975,
35.2676612034905,0.012965179365325596,
29.990216957632594,0.051923096672843116,
17.725136685808295,0.5408629110903076,
16.600618826004467,0.616904844333906,
15.564670114783754,0.6860966591642239,
10.71471323466544,0.9330621457675539,
26.096668552727273,0.12751787926320268,
23.71855895626668,0.2071704958120275,
19.23374833284541,0.4419357365512344,
13.3529872938802,0.8200204595523487,
19.634544402910443,0.4168627136886973,
12.833454123054276,0.8469866942191739,
16.97599401394994,0.5914942435912349,
8.833661551402304,0.9761411513318877,
37.61131190315485,0.006647944127832317,
28.844310825548128,0.06847380576890671,
15.924753602388412,0.6622924978756874,
16.575145489203404,0.6186263072620428,
15.35157369951372,0.7000056193178769,
16.644037868137886,0.6139694309030411,
19.48756729326066,0.4259838703814447,
19.902487169620887,0.40046727388078507,
22.035774299726366,0.28247944215617493,
21.663935159829965,0.3012994779507898,
18.43022553750349,0.4938935722349287,
22.94327447707082,0.23984955243301398,
16.704462154999906,0.6098821188062604,
21.65932092927127,0.3015378815811298,
14.23052413427431,0.7700908616708257,
14.39442241411978,0.7602321237570204,
12.245159981951476,0.8748803442994468,
18.220799359954384,0.5077374123724762,
14.596346388296121,0.7478844365662864,
14.525776740584824,0.7522241743345471,
12.748139697955295,0.8512110900058365,
13.214264448477113,0.8274238177089123,
21.465221702988824,0.3116731811417115,
17.370620325948476,0.5647746937772491,
21.60346280306026,0.30443328387266955,
22.049922191857974,0.28177875263037355,
17.966615740856124,0.5246693224522958,
6.8951600690481625,0.9947516956081569,
16.041949816221134,0.6544772338463651,
14.575484225446342,0.7491700375261126,
15.944093430871986,0.6610048492709297,
16.02233579248226,0.6557872037049082,
15.009826404042373,0.7219725778983876,
17.304009784708484,0.5692801446686071,
15.239603810780087,0.7072518730583106,
4.26453569814561,0.9998262361645548,
21.343653017575843,0.31812659550862965,
17.304440896086266,0.5692509757645905,
19.712769858099236,0.41204444307458976,
16.041665662278486,0.6544962172702318,
22.937295270596564,0.2401149615765017,
13.888229249026109,0.7901675087544473,
22.10024670840817,0.2792955740623537,
19.062402402074134,0.4528395156252931,
17.77080988289549,0.5377931573801003,
19.859356273060286,0.4030855356180003,
15.658694048665899,0.6799147311678329,
20.335588584539597,0.37464416910820497,
29.595131947246983,0.05718241355002229,
20.957007091271315,0.3391813442099072,
20.152037983275118,0.38548208218727664,
18.892251982539094,0.4637676937787696,
17.667134776377324,0.5447654064737675,
33.048664963149456,0.023731298735985007,
20.469058975298797,0.36686467756281516,
13.571899872308338,0.8080511887234707,
16.52242675015195,0.6221871637519385,
14.948014803902021,0.7258956189213158,
11.087057772078428,0.9208752861102629,
37.76043157662485,0.00636526117376468,
24.568372388073946,0.1752455179548188,
25.534348080277724,0.14369492066960976,
18.329642349393705,0.5005293935979159,
24.118507059759374,0.19164579115955427,
22.25363849099163,0.2718155173138568,
16.120079973656875,0.6492516653743281,
17.898524057473075,0.5292259905651354,
13.644905490173942,0.8039840490624507,
17.595211893877263,0.54961043432772,
17.458953132756356,0.5588050061783665,
28.162670171275966,0.08034763675846701,
17.17309289289511,0.5781423441979732,
18.44694348634677,0.49279309370621616,
22.611662498933423,0.25487971141790955,
15.301527789133544,0.7032499757012525,
17.78835973329464,0.5366144086105162,
25.696198242690308,0.13887901492693056,
13.750580805064905,0.7980321042531568,
14.15909214610943,0.7743393002011735,
16.558055321597227,0.6197809310556553,
4.948578652181919,0.9994723492354707,
20.19946584462766,0.3826664312194633,
27.64098911137816,0.09058560388814396,
13.656839341330427,0.803315710129533,
19.892661656777776,0.4010630114960547,
15.865539075954755,0.6662297169458357,
18.72796431737566,0.4744081266048046,
15.066462679536537,0.7183638481483621,
27.890793257323622,0.08555298834728864,
11.547508708115865,0.9040460513068058,
24.0909123815088,0.19268816249969478,
19.643046319839954,0.4163378037137224,
7.144110794213454,0.9934043847778629,
21.809211544053802,0.2938541817118332,
17.37252431747709,0.5646459546255984,
31.564615261323897,0.0349680528841273,
15.546767214331402,0.6872707711900734,
16.387799090938294,0.6312674831895497,
19.624287268861853,0.41749638965744595,
21.459184275687296,0.3119917676049908,
22.684087661474532,0.2515431336526124,
17.336454099122097,0.567085288812321,
18.302988125337688,0.5022919961171441,
22.834903023687446,0.2446919095231832,
23.10804449811508,0.23261644352773014,
19.903692584532386,0.4003942168814031,
24.59734287411251,0.17422731730442553,
21.57817358598177,0.3057498361132416,
8.105826914022009,0.9855739823410942,
18.46104315992984,0.49186552661555016,
14.50431240145296,0.753539016374805,
13.453400021006749,0.8145730576508727,
13.224088204376475,0.8269042893631147,
13.314409591517393,0.8220936640169544,
15.402184713999084,0.6967157520652842,
14.782909483781484,0.7362916870265424,
17.596167157505164,0.5495460436026682,
20.622178703256747,0.35804775985177617,
25.76499138547129,0.1368715664683675,
9.66773484894059,0.9606714686084196,
15.7779380694783,0.672038972351398,
17.888911618321064,0.5298698915826789,
24.34103400882667,0.1833942919356052,
14.11218647636067,0.7771125717007253,
20.833660040267407,0.3460644260229654,
8.410243600953319,0.9820456149525799,
11.64064765123287,0.9004059139553856,
24.80744316662934,0.1669785822626324,
11.573444784010519,0.9030403375153242,
11.627560644551048,0.9009221624150017,
25.23220397357146,0.153040070702678,
12.888393351704496,0.8442351120654663,
19.553921556757125,0.4218551751476396,
18.031653676798953,0.5203247881486621,
12.276936380909188,0.8734490195648256,
10.791524529315089,0.9306519018887016,
13.205783924986244,0.8278717218398349,
12.38553412599125,0.8684913130904549,
27.943867961583962,0.08451486786196216,
13.499885557107374,0.8120265351483648,
17.22567378916232,0.5745820212201844,
20.656575669570547,0.35608322785902424,
13.867933851292197,0.7913348893012948,
15.741923918064428,0.6744216241225014,
16.09842876089504,0.6507009213135009,
23.025145120120985,0.2362360861390126,
21.154306470181762,0.3283376378833146,
17.031657515940356,0.5877230089102333,
15.965661415386675,0.6595678775215044,
24.65669891596898,0.1721553688963391,
26.08593576527368,0.12781223617678972,
12.208034828797755,0.876541443753787,
12.87102802758589,0.8451074666924062,
23.306553110602827,0.22410915747068583,
13.400433190343662,0.8174556625100272,
12.063208317209101,0.8829057918092065,
16.75576420484754,0.6064101335832128,
18.138030214307886,0.5132364517567948,
21.423748570488836,0.31386568647118507,
14.46501957852113,0.7559396794694004,
23.00813529719012,0.23698366724464992,
12.258491423818619,0.8742809179402772,
27.46913587677145,0.09419121994409185,
15.27853930069708,0.7047372643527077,
19.6913299910339,0.41336247288160266,
9.195631767579064,0.970087042353602,
23.40170557690943,0.2201112834411989,
15.558298194154858,0.6865146556683177,
18.745660635442437,0.473257985212053,
13.064377196928808,0.8352591609043488,
9.154944946007511,0.9708163945760812,
18.44629583783295,0.49283571254301295,
19.912658170187846,0.3998510381995517,
20.151413627086427,0.3855192183380326,
12.586614369546147,0.8590450693819772,
20.45747971938128,0.367536149483479,
5.708807690435714,0.998532578481487,
22.573559399770488,0.25664718842759915,
10.832277365779952,0.9293512736101941,
14.818695168124695,0.7340489316715741,
19.785367023002255,0.4075959738861683,
12.053883346454027,0.8833092295385915,
16.337939825842483,0.6346248593490253,
12.826683247013268,0.8473241207343758,
13.855448984967683,0.792051685555325,
21.447679639090655,0.312599404273207,
23.59442990790881,0.21217213726333517,
20.05875263235803,0.3910505951891011,
13.807962516491113,0.7947687359575172,
18.33751006420814,0.5000094380327675,
22.51112429226035,0.2595613606880355,
8.946039844444618,0.974364902279414,
17.374732689948384,0.5644966379269996,
19.886502987731,0.4014366392304787,
16.21289313820293,0.6430296412787211,
15.759697661768891,0.6732461571443304,
23.682740750229236,0.20860478729179255,
9.322021022302586,0.9677399458908488,
14.913854208947138,0.7280566198206726,
30.176975722166794,0.04958888679390905,
14.689262536992945,0.7421320282620623,
16.465352380111945,0.6260391517662358,
16.073617873933138,0.6523605933986819,
18.652509588189183,0.4793226191808826,
20.370428512493714,0.37260514405374723,
21.881405264804727,0.290198258801005,
20.14177853377049,0.38609253486403816,
12.273073291232471,0.8736234963306359,
21.777858158510234,0.295451037411785,
13.65763040795372,0.8032713729722524,
12.846372890520131,0.846341858499016,
11.613586281381638,0.9014716942173822,
16.04029017733981,0.6545881067787864,
18.502594853332845,0.48913501458603204,
20.59852310980191,0.3594022651530149,
13.24965613018606,0.8255487172763242,
13.088281956820172,0.8340211426511686,
12.754009920289871,0.8509223256347793,
22.35699526912617,0.26685103700209667,
32.61257012766459,0.02663298044690554,
13.777063648617354,0.7965287123624645,
14.47404911071937,0.7553887303436426,
14.024161490849574,0.7822810065629766,
21.874852280859294,0.29052889646195723,
27.983265442506756,0.08375121373081518,
25.176164522331383,0.15482489338737948,
10.866021641227645,0.9282628377759761,
17.35908170846865,0.5655549375005701,
13.030711626593963,0.8369951374543275,
14.852922106066481,0.7318983305778181,
15.93762083790094,0.6614358880642206,
14.206118882965056,0.7715457393978081,
9.814284533951332,0.9573791149483296,
9.827262201690589,0.9570788647210652,
26.021634665760768,0.12958730921386208,
8.117796104771681,0.985445834435511,
12.902810368107101,0.8435090283299619,
20.016852610235347,0.3935647270381426,
13.077777045642497,0.834565734749949,
8.583550271823018,0.979775098533638,
18.283548160491907,0.5035785876737466,
21.088999152048125,0.33190413327834645,
19.96896735936287,0.3964477228085943,
11.18295374616893,0.917530752533368,
17.539136909967283,0.553392007004555,
18.760309717483473,0.472306609932854,
21.440311308274353,0.312988956063305,
16.185345479001075,0.6448779272849515,
31.0082057811416,0.04028920819479054,
24.28606367001366,0.18540719036981912,
21.129775522363595,0.32967463088920756,
11.17806593437769,0.9177032661259118,
17.21581469180907,0.5752495090278618,
23.93037569186621,0.19883662712914218,
19.466204640693732,0.4273168421405351,
15.439951931917145,0.6942551201031464,
18.390822836076815,0.4964901130341173,
14.096261426889146,0.7780511219391373,
24.53673296821586,0.17636272377513007,
31.178792010357075,0.038585510693385894,
23.488407978051786,0.2165134571374413,
11.636342039092897,0.9005759311534078,
13.740722629769602,0.7985905404096387,
22.388675359379008,0.2653415907210923,
27.475788324452218,0.09404943058653215,
17.935686033808945,0.5267381249986112,
9.022116941537895,0.9731102511558184,
11.968286854469135,0.8869763991434179,
18.71866331564582,0.4750130061284955,
12.432582644698245,0.8663119258704434,
22.24585815125925,0.27219169454976044,
26.997092519775716,0.10472081138616418,
15.494982525773512,0.6906613538034827,
18.194989511801136,0.5094505838319366,
12.467061796308874,0.8647027616122733,
12.203545294151253,0.8767415035579811,
23.579652979581898,0.21277337986761857,
20.267486542364246,0.37864669401799933,
18.620833176728343,0.4813906965759258,
14.31841861971363,0.7648227214722333,
9.11579896437575,0.9715062271871395,
16.60227660954024,0.6167927943058376,
22.36138862214249,0.26664136608983224,
43.60662133944007,0.0010701784412240345,
19.32582349916558,0.4361206253691625,
17.44042813643088,0.5600564274729565,
17.516179435060227,0.5549411674175035,
13.77266378793717,0.7967788099167543,
13.383256094781094,0.8183861122539249,
18.901396587545573,0.46317792916312694,
16.75717935001683,0.6063143406786464,
15.959830775153957,0.6599564451717392,
18.825637043260585,0.4680719878676377,
13.450964947153908,0.8147060259880903,
37.446897084396255,0.00697330464860102,
25.86685207832436,0.13394201945930395,
19.65483005003768,0.4156107704098301,
24.333640416946015,0.18366406146913072,
11.553663435194691,0.9038079470758453,
19.493860266763026,0.4255915516615897,
22.295932868039714,0.2697766387586491,
25.848756362058904,0.13445874037034122,
17.280636104137603,0.5708617641898647,
27.568261270358985,0.09209701554120153,
9.134598900747374,0.9711763843298656,
16.74919474869118,0.6068548150613928,
21.1964985942351,0.32604559820875223,
18.782047424697872,0.4708960743348367,
20.8926859504047,0.34276075616658974,
14.867023179506365,0.7310107554614209,
18.777887502533098,0.4711658950066486,
16.41506608668605,0.6294300640623642,
17.035764956399383,0.5874447309610256,
15.47420807925494,0.6920191759892342,
26.392299678431904,0.11962404944084093,
20.341778748025114,0.37428145933289425,
11.965446294129391,0.8870969770701246,
17.215984834578567,0.5752379895427226,
17.803985264614298,0.5355652935627061,
19.679294671101935,0.41410319959429365,
16.392698570713065,0.6309373935968827,
20.36711583009983,0.37279876858850125,
15.53224271647797,0.6882225991051385,
6.633245204245933,0.995927283520254,
23.59706675035809,0.21206498002948204,
16.93918214417295,0.5939882089674161,
33.91132628194726,0.01882512855805929,
13.570552738318295,0.8081258887525613,
18.193505187694747,0.5095491527456213,
16.918700389807118,0.5953757612766699,
13.808863781545668,0.7947173058038659,
15.559070557892703,0.6864639953480265,
22.980624954786023,0.23819626385919235,
15.061389227883456,0.7186876579983543,
9.285212326396987,0.9684363157044219,
15.268111555526753,0.705411276233797,
14.517895721104246,0.7527072228784685,
22.212238056659086,0.27382118490791574,
21.735461390768464,0.29761909005386356,
18.76248160584049,0.4721656135597968,
17.80081740899344,0.5357779571208349,
13.421700428575187,0.8163006810564972,
17.5809312324558,0.550573163102027,
18.565734436624687,0.4849947317037965,
15.236818860532836,0.7074315212552493,
16.527318763703505,0.6218568450176623,
14.39432064588609,0.7602382918971431,
17.364406437862318,0.5651948664395239,
23.58256856821244,0.2126546523625955,
13.105402940166128,0.8331317295494692,
14.744142576467803,0.738714495849679,
13.61227709400546,0.8058063470995882,
29.776509248039623,0.054712513558964115,
11.46654538044848,0.9071460177670816,
13.031640118013788,0.8369473782921735,
14.673942468338305,0.7430834379231852,
4.293404447356882,0.9998170892757645,
18.8842163570102,0.464286159817337,
23.82595738209355,0.20291334043015852,
15.427388159914283,0.6950742097172805,
22.293691211961146,0.2698844456516678,
14.76949278877561,0.7371309922390072,
10.045617630482221,0.9518115152980593,
20.243966316315902,0.3800341677661805,
18.134214815185103,0.5134902921842963,
13.979707773724083,0.7848729522488277,
11.097757208577317,0.9205063113172032,
20.97881919739398,0.33797243317902903,
21.97036419672654,0.28573367400762484,
14.30870894682694,0.7654068545621004,
17.64802662941368,0.5460519980440638,
16.2170474080329,0.6427508058160252,
23.276634654798173,0.22537689452196918,
20.67984721296911,0.35475749312891924,
16.12216670971195,0.6491119410048363,
33.55740222090417,0.02071280263309594,
12.388363237038067,0.8683607990674258,
21.2535841578273,0.32295970233913773,
26.277001087714726,0.12265387907540082,
24.698837574167932,0.17069597080093235,
16.515871033516454,0.6226297824523487,
16.560523265773845,0.6196142110256545,
11.091743788726104,0.9207138161419457,
10.18645331793742,0.9481953753903041,
15.291429687534226,0.703903529032252,
19.23030228815526,0.4421539866216051,
12.769331858477809,0.8501672888497507,
10.105595275753265,0.9502926868977267,
16.277115168955966,0.6387159962307537,
15.885778871436736,0.6648848715997491,
21.792205849662714,0.29471961348548503,
24.19908840891591,0.1886261080469127,
17.221094571330898,0.5748920415209702,
16.590717538023803,0.6175740281572424,
25.295782109851196,0.15103480756045684,
25.81488246262214,0.13543031625492363,
24.15210457274067,0.1903823846728152,
16.75175641726431,0.6066814202383803,
22.010759967298394,0.28372107747289355,
16.114907959227327,0.6495979404991784,
23.083821559849397,0.23367001157605216,
19.25252307823533,0.4407474346089192,
34.49765893570228,0.016042918713727095,
8.50513405586908,0.9808268430362851,
22.684130868113957,0.25154115214613104,
30.478810822209,0.04601223340995875,
19.30293695403998,0.43756308717000914,
10.743036269949751,0.932179661562927,
24.94632668544419,0.16231654482776237,
23.676021862666857,0.208874645157902,
12.676514077433817,0.8547116250160051,
22.503100926994016,0.2599374745665275,
27.2880337575755,0.09812083015680573,
23.6999860572916,0.2079133158275337,
16.05400971644997,0.6536714022914223,
21.527837886999862,0.3083808234887604,
18.620795196853948,0.48139317791321956,
27.096015632938837,0.10243641866907571,
17.99699445069815,0.5226390491385859,
15.275929558710292,0.7049059859263305,
17.43831731103695,0.5601990391163165,
13.352995798882485,0.820020001274273,
28.273103846023883,0.07831185235284244,
26.923934791876373,0.10643734631111068,
16.969630068418113,0.5919254016235589,
15.860088813215214,0.6665916974139601,
35.14019913586422,0.013433549408461642,
21.577670462856517,0.3057760645163845,
12.506194729143534,0.8628641457295599,
16.573167641425044,0.618759945194058,
16.114086345894286,0.6496529443840962,
16.095339948564725,0.6509076044455748,
19.80569147189542,0.4063546170746526,
15.352760418482433,0.6999285801561759,
15.264762051167843,0.7056276916853548,
19.1678479443473,0.44611694689567993,
37.88361977690225,0.0061403181776163995,
20.771158532380657,0.3495822318825065,
22.254085160302257,0.2717939314591825,
14.88486386171693,0.7298865087141746,
19.049809250992308,0.4536449792208832,
19.994966526459873,0.3948811257769951,
11.575679987168293,0.9029533766837107,
12.650171859496483,0.8559883731520533,
23.314913543061476,0.22375581583438997,
17.589672551500772,0.5499838410024209,
19.76351068569093,0.40893287680039603,
12.959181526131632,0.8406540737972215,
15.709499928489109,0.6765638269815933,
14.470411470107912,0.7556107382252641,
10.102646310267303,0.9503680966097996,
21.61073934608022,0.3040551243591685,
20.10175622050473,0.3884785850644943,
38.85968060633661,0.00460532545158332,
18.357855658952758,0.49866554732998913,
17.275436660839603,0.5712136349731964,
16.214436540814017,0.6429260510459829,
15.245506689125822,0.7068710018482252,
18.381086406197063,0.4971323199586616,
6.542198036202578,0.9962834694297406,
18.657063916848976,0.4790255152618359,
22.389562709628343,0.26529939424005256,
21.943728944222467,0.28706573790626067,
14.87909570757568,0.7302501507361385,
29.998532061147657,0.05181714386737313,
13.254613298502067,0.8252853263198132,
10.385989653881309,0.9427729551175762,
17.45564850543421,0.5590282220792541,
17.556839772154245,0.552197797601861,
12.06159996351935,0.8829754310067153,
13.942140510742394,0.7870536980598939,
17.832067659259923,0.5336807459506575,
19.161297271352105,0.4465334292013604,
33.57930674300612,0.0205911094715715,
23.83214233693971,0.20267015737181615,
31.65010456744465,0.03420900590888287,
20.231795248250183,0.38075317539770337,
12.499551058010336,0.8631772069198482,
9.187639590039383,0.9702313096011873,
19.6059768405233,0.41862867044419616,
13.693832061864248,0.8012377887945692,
13.16919450850525,0.8297979509662641,
18.594124446644734,0.4831366647876344,
22.375561425548728,0.26596572763263227,
21.884234097164352,0.2900556017551459,
17.652399633755763,0.5457575142065898,
15.173345060039608,0.7115180732206032,
18.970718409573315,0.45871603951614404,
20.679500964966117,0.35477719813211006,
19.520928722403013,0.4239058444266519,
24.54911110654595,0.17592499724591315,
17.896441931431724,0.5293654512031913,
17.62379773594202,0.5476840276977433,
12.430558847663974,0.8664060625236973,
20.94815696025826,0.33967256361817855,
21.739973430053393,0.29738787930112465,
11.233456116276509,0.9157354422576613,
11.723424686714347,0.8971045277527699,
24.055432506001004,0.19403462600031895,
17.02715067605998,0.5880283472763128,
18.837039091954818,0.4673342504592759,
12.682904962263994,0.8544010059124701,
21.040577358186304,0.3345631261782138,
25.475517405200556,0.14547806530176266,
16.759287816407536,0.606171614193876,
25.521851371164033,0.14407223080029907,
12.983338483662648,0.8394229008197034,
21.808467850177454,0.2938919949298455,
20.807265703577354,0.3475475409828024,
25.930326645402655,0.13214214289334558,
21.589297825533937,0.30517027408884156,
18.43965812048222,0.493272573180657,
10.57981893301216,0.937165128792868,
29.96649416890027,0.0522264280356497,
15.421515003636776,0.695456927983107,
29.52906849805848,0.05810602116233521,
20.929016939677485,0.3407363162005832,
13.874465043810037,0.790959509456491,
24.006967191459243,0.1958852405996233,
13.152552555710134,0.8306706789355984,
24.213556640844992,0.18808774367346093,
14.457329733776787,0.7564085422458802,
20.419821815663525,0.3697244406742204,
26.118104923633133,0.12693161236353878,
18.374070284976646,0.4975952432938885,
24.022954084909035,0.19527334169050536,
18.28612496443649,0.5034079967951238,
11.308226216743655,0.9130344302921893,
29.61544772230923,0.05690098516930875,
19.960169602124274,0.3969785246419777,
18.418593658587938,0.4946596759597399,
9.133506460774003,0.9711956243330031,
15.47972357466594,0.6916588167823545,
26.85828373547326,0.10799757907636054,
14.061151630123454,0.7801148895237904,
11.009444845628273,0.9235203383529453,
12.388572757432545,0.8683511306292377,
25.87194224352811,0.13379695890661625,
19.790984152432284,0.4072527182720167,
13.72801545837688,0.799309400794436,
10.833775209497558,0.9293031808119321,
14.304643287875972,0.7656512860013035,
12.601722329168927,0.8583215343683388,
29.038106137776282,0.06538809378707777,
7.540513975585105,0.9907268436146172,
11.29433755926198,0.9135400286219464,
14.72800071820684,0.7397212021093036,
21.25066651046652,0.32311699722029663,
18.601171128262084,0.482675822927369,
17.652885367384616,0.5457248057337041,
19.324992540608328,0.4361729632439658,
35.787923211297375,0.011206478710601209,
14.142342520276893,0.7753311242475156,
19.87175169017035,0.4023322343699922,
29.101211116956456,0.06440970537197699,
16.18630522329867,0.6448135553614849,
18.99672016030607,0.457046551957346,
14.514455380230718,0.7529179885306992,
15.310724483590164,0.7026544429720253,
22.654489611757338,0.2529030547833645,
17.243370665426713,0.573384003745032,
10.462691267795947,0.9405942170338839,
15.030842881297296,0.7206350152208072,
14.52345878685659,0.7523662815658787,
15.785336540352771,0.6715490835955145,
24.366708386341863,0.18245984602660925,
6.7065524371888365,0.9956214732527812,
19.837121006202608,0.4044385136647919,
29.788341323416493,0.05455469717144912,
14.704117839178046,0.7412083860878291,
15.36162069597824,0.6993532358363477,
29.44032380875358,0.05936726938872394,
35.69406744953905,0.011506347186955312,
21.256328315776827,0.3228118024432315,
20.6398065430706,0.3570402275192184,
23.871501289720893,0.2011276698360175,
21.724125477822064,0.29820047852909615,
16.2510313529352,0.6404687599668484,
24.863437570153756,0.16508662731119317,
14.108685686819067,0.777319023881924,
18.918887592034096,0.4620506350854302,
13.676886558445075,0.8021907957633988,
12.159066634950523,0.8787139891277683,
26.006408174870348,0.13001055501373693,
19.439275714766325,0.42899970471493676,
25.644037533748403,0.14041677243553186,
24.121841922994406,0.19152010585219648,
23.655148306095757,0.2097146438576648,
14.239906429742815,0.7695306299364523,
12.481087421492012,0.864045279149765,
28.634183118330625,0.07196121607700978,
16.396456073625195,0.6306842213871393,
25.302961558776058,0.15080967560455383,
20.222122694312528,0.381325081705743,
26.19745367448128,0.12478050537952323,
7.911885791604268,0.9875357356835669,
20.464960890611067,0.3671022470333206,
24.296474610701406,0.18502468573264597,
10.64543102287539,0.9351900755708072,
21.719045817081636,0.2984612333306438,
15.905996608407419,0.6635405385791691,
14.770431165561815,0.7370723179941177,
18.239969811869255,0.5064658985862962,
24.358500125851982,0.18275820041071567,
11.446312719799964,0.9079113355858978,
22.24541319519188,0.27221321848791435,
14.809913714485043,0.734599833007429,
14.463673263063006,0.7560217894363442,
9.32511120442255,0.9676810008958527,
33.92360348897754,0.018762580099305537,
14.269719421212404,0.7677470740877709,
21.309735457403864,0.31994145817771336,
15.686667272079504,0.6780706389084266,
14.516960829254518,0.7527645033090176,
13.260907427033562,0.8249506323074363,
18.760093879057283,0.472320622688308,
19.74892313559739,0.409826302663037,
14.051994382005859,0.7806519167122408,
24.975016575381368,0.16136622806590073,
16.42313094032581,0.6288864312335257,
6.175173402090534,0.9974783956555657,
14.535184087788721,0.7516471485742124,
13.024232790563097,0.8373282037460258,
35.05859218974326,0.01374161723781575,
12.389351875235615,0.8683151744858453,
23.734454089826613,0.20653632230538177,
34.39789452095235,0.01648777370308918,
12.665378204394207,0.8552520583692398,
20.11718605230063,0.38755781220476093,
20.86225033003169,0.3444619780575766,
13.62796182643443,0.8049312717537785,
11.38425283560393,0.9102354215914018,
10.983387283863241,0.9243959859276243,
30.147822661158646,0.04994703685827562,
9.797950083688999,0.9577550048719056,
9.586031018915333,0.9624295071534975,
17.867966622108884,0.5312734483791557,
18.90035397150307,0.46324515710448066,
16.46382297982715,0.6261423246857453,
11.28359327637989,0.9139299454569962,
35.1867293933363,0.013260778881936441,
19.503510598849857,0.42499023414723713,
16.734050003248285,0.607879867041055,
21.902662335806408,0.2891273743418089,
25.73216795810732,0.13782646253867425,
8.553202731374752,0.9801869740053635,
13.698830836521715,0.8009562869877063,
20.602492519774106,0.35917478320945273,
24.27592592968218,0.18578023194355997,
12.92282417835373,0.8424983160743078,
8.85113473366034,0.9758709311260798,
17.762057619600245,0.5383811779559531,
17.192747756551345,0.5768113614304378,
21.126920542044967,0.3298304424877929,
18.451344244441547,0.4925035282922583,
25.048658008073467,0.158946806489367,
10.461726995284554,0.9406219349677021,
14.700195124298672,0.7414523889406204,
24.896073026695696,0.16399162856729343,
19.356005543802905,0.43422139037581386,
27.237292591969336,0.09924616526940289,
9.631619009210137,0.961455365384766,
11.415603367281035,0.9090657824866599,
14.812818067519238,0.7344176689705906,
21.63673645321385,0.3027064612118646,
26.50941626129031,0.11660942997612023,
15.750385311348044,0.6738621330044164,
20.77516893335961,0.34935590970183483,
16.584800611694874,0.6179738878943204,
13.329376890314197,0.8212906122240518,
19.2169159067713,0.44300220635184284,
16.556272990367468,0.6199013316287855,
12.781987352581428,0.8495422022909311,
10.883230746762663,0.9277037407648997,
18.686987777623244,0.4770749178410786,
18.980341657789044,0.45809789790048305,
17.903202861495704,0.5289126312549446,
20.206675755576175,0.3822393223180949,
11.766346724902032,0.8953682179380726,
15.784936756962054,0.6715755587714466,
15.669422194265735,0.6792077529111734,
15.46841606519731,0.6923974962849124,
16.977433030711182,0.5913967497549149,
17.69019126371791,0.5432135838614391,
24.957359889978655,0.1619505691716513,
33.062617353101544,0.02364341732418207,
14.062835821955971,0.7800160640048875,
24.096022055800496,0.1924948279816161,
21.93688786847048,0.2874085153111461,
8.107897335035922,0.9855518755012289,
20.240591557515106,0.3802334619831451,
27.972202168199377,0.08396506144587035,
10.143278162302236,0.9493223871210619,
20.412099933125305,0.3701740125667935,
24.983808692238487,0.16107587002195378,
19.134385231724856,0.4482460686664008,
17.050912978487762,0.5864184681119653,
23.87551029306289,0.20097104514095954,
33.89392938237174,0.018914088743488322,
18.309984774842427,0.5018291553553771,
17.848562370799442,0.5325743951334541,
23.92471168544353,0.19905619039765599,
18.88772954497788,0.46405946004148046,
31.437109769937315,0.03612832377146924,
17.513380494452036,0.5551300750051062,
16.502611379702184,0.6235248965703135,
12.71264266039356,0.8529512097681112,
20.88836765930066,0.3430018374666467,
18.676818503577508,0.47773751216717,
32.46686746811691,0.027672171600642836,
19.58147279293659,0.4201461083426101,
8.04443147527536,0.986218194080822,
19.31588080303942,0.4367470369672215,
7.715763332086569,0.9893093678765831,
19.597300675931695,0.41916566918043785,
11.244273202607383,0.9153478593366777,
24.34627327674792,0.18320330907644777,
13.204531271110858,0.8279378353308731,
24.693426909864066,0.17088282448425618,
17.80833389376712,0.535273387443497,
25.142573080400936,0.15590257688000764,
20.038851235701134,0.3922437452739653,
22.593436558385314,0.2557241126607148,
29.67930862966642,0.05602423292205816,
17.480487787796648,0.557350656792047,
23.497785947960253,0.21612687480857162,
11.557107939603092,0.903674540741747,
24.20667138533396,0.18834380013590601,
15.299264188279858,0.7033965088269845,
22.03743687799447,0.28239704239095276,
11.113793257215567,0.9199513324607004,
15.944246452738298,0.6609946577430601,
41.04728304399248,0.0023786851570195555,
18.672397382271722,0.4780256714151395,
15.964084529538546,0.6596729721811028,
21.54969614933119,0.3072365998721831,
18.1814094719054,0.510352566498828,
13.679149495384712,0.8020636424820295,
16.917250891934515,0.5954739562480318,
17.50348996027593,0.5557976739986146,
18.626017733345275,0.4810520127189366,
14.642718507241948,0.7450189315972389,
16.429898671758753,0.6284301748943757,
16.062688590505825,0.6530913104081912,
8.019889914503818,0.9864696257324198,
20.72213729891779,0.35235533410139064,
10.154142447718455,0.9490403338733092,
13.617888976494607,0.8054934472343708,
21.2461723789742,0.3233593726074657,
17.597998257791787,0.5494226189398916,
24.423000110947097,0.18042371025519122,
16.07969264521609,0.6519543427589825,
20.197349625528147,0.3827918405365054,
16.60420005680915,0.6166627852079498,
31.263930414950984,0.037759584292741843,
15.560334685003804,0.6863810757332949,
12.018767076000524,0.884821583742711,
20.449608355314552,0.3679929790619453,
22.559712883613805,0.25729154728196735,
24.109780902974844,0.1919749579022162,
15.139971150634576,0.7136605263110902,
30.692571823124553,0.043619629208910715,
16.81186386741529,0.6026119822690146,
18.834709225244318,0.46748496464844214,
20.823891519858055,0.3466129068447956,
21.898661763907658,0.2893287200373653,
17.639945055150488,0.5465962839466443,
20.998337323902078,0.3368927808768376,
14.97743508317627,0.7240304217174496,
27.34204051379103,0.09693483825804106,
26.098426348919926,0.12746972247097177,
20.449105290489303,0.3680221857040584,
23.963502696733492,0.19755607383875584,
18.815063225974995,0.46875650154694615,
16.670925819993744,0.6121509338518988,
19.930719342780673,0.3987578865367676,
18.801307269952748,0.4696475386854637,
21.23728965214861,0.323838751869987,
20.73021966957058,0.3518972746987208,
19.88501073534335,0.40152719479614585,
17.068336404307818,0.5852380781357405,
11.823041122257443,0.8930492595405944,
19.839487887427627,0.4042943903942793,
14.186765018144643,0.77269700933735,
10.852571830706227,0.9286979150127268,
29.252586769204648,0.06211450031495935,
39.97105244784008,0.0033010674130312667,
17.846911769443874,0.5326850866221138,
10.38024759883713,0.9429339419208526,
23.455534978794898,0.21787251806747066,
12.506667740633176,0.8628418423544522,
18.62966202269942,0.4808139934761583,
13.775526381777746,0.7966161085599405,
17.853777106705873,0.5322247166862035,
21.68857483420353,0.3000284236560711,
23.62469078572322,0.21094475486102382,
17.84252283461864,0.5329794354075017,
23.517860286683614,0.21530104623519375,
15.467315236375743,0.6924693874971148,
20.62631695737075,0.35781109449670545,
16.87191371707352,0.5985450767155774,
15.41505838025816,0.6958775345472881,
17.426128960532857,0.5610225822312019,
24.93844906548366,0.16257824235016383,
15.617442161442414,0.6826301564550267,
11.85113490608062,0.8918894076408176,
14.674796911394397,0.7430304054783459,
13.085158880925576,0.834183137553323,
31.032356162077967,0.040043993368425235,
19.008575062330408,0.45628614263624145,
6.352545345265488,0.9969465827883556,
21.15028245082999,0.3285567358395254,
18.65042485294485,0.4794586379407533,
16.44621103038152,0.6273302348646652,
30.15406632312871,0.049870140659786344,
28.669131042272017,0.07137078575643863,
23.73691924719372,0.20643809706086602,
19.294850221190025,0.43807323860694525,
34.16902265848537,0.01755169305272175,
30.58315723752332,0.044830103179807845,
18.128871559476508,0.5138458325723115,
13.550366617828688,0.8092437059129172,
14.412306479312159,0.7591472959311678,
26.09849903121875,0.12746773157576186,
16.137716929572328,0.6480704755280491,
17.129284414533817,0.5811094075117775,
15.143076465130655,0.7134613631698261,
18.117518737588988,0.5146014457105542,
14.711545368246366,0.7407461702440843,
20.678406984712836,0.3548394606295383,
12.461642919360571,0.8649563353034984,
11.580819079218417,0.902753266963358,
13.113143026699516,0.8327288979530362,
16.18613501307443,0.6448249718068106,
20.046943525333784,0.39175836977812983,
12.838838550711715,0.8467180964400836,
18.3412788008961,0.499760425416215,
13.940069251893465,0.7871736728796386,
16.3633361680819,0.6329151515464643,
24.595736034605082,0.17428367236775533,
30.69060450337212,0.04364113462656183,
17.279506593990085,0.5709382022004263,
12.38311410722847,0.868602900087242,
23.547288724136877,0.21409455009260137,
19.279802573451533,0.4390231719221973,
26.643531119745486,0.11323418598921986,
27.615957579006736,0.09110342119130777,
7.39268908756489,0.9918073910027329,
18.002501173016974,0.522271204694359,
24.492983534278558,0.17791650816667315,
30.742503337336437,0.043076960887974525,
17.78230067214896,0.5370213186473429,
25.401410559798176,0.14774919555979238,
16.11674185903794,0.6494751634132582,
10.43189732591728,0.9414752640595085,
21.3371245901515,0.3184754335575781,
14.710665089253974,0.740800964058179,
13.351934602733753,0.8200771779749745,
16.106104566454285,0.650187229298757,
22.60713465080078,0.25508930691856624,
9.54731312171613,0.9632434735458816,
9.982301699228149,0.9533810236266475,
20.411339755332207,0.370218286199844,
22.46251431829564,0.2618457221847581,
12.545269826367441,0.8610153035175145,
5.267281442364695,0.9991705036834191,
8.578130766418278,0.9798491032629056,
15.03527272024216,0.7203528488697573,
20.42489514563253,0.3694292270104349,
22.045387846113176,0.2820031974852919,
19.131361398622076,0.4484386618297673,
14.84974780030955,0.7320980089706397,
23.31512635697646,0.2237468267794941,
22.400229402481607,0.2647925099070225,
19.535900271918052,0.42297474350299824,
20.150401568010476,0.3855794185629402,
18.676295407904647,0.4777716034461317,
26.29489566416749,0.12217957873407514,
21.429292563585843,0.31357205409858324,
15.998939164890364,0.6573487775751262,
9.285165139621757,0.968437201616202,
22.055635618991296,0.2814961105090801,
19.742429726081973,0.41022428866575367,
41.332366183929246,0.002179089657346034,
17.21446304276934,0.5753410226149378,
20.92545101667765,0.34093471243908047,
30.409550087932807,0.04681208464888564,
15.992288885207229,0.6577924334710441,
20.136287396020304,0.38641946664081495,
9.373155456967451,0.9667548869845269,
18.885831402084502,0.46418193889052883,
11.16443007480963,0.9181833789104417,
16.11777239357965,0.6494061678255572,
16.219236866119957,0.6426038376673242,
23.409082306090568,0.21980350741788746,
13.861495621789572,0.7917046552331758,
18.415669225411545,0.4948523403063675,
7.556078938062244,0.990607066045324,
28.914314733726588,0.0673449138993274,
21.605700571040348,0.3043169565817214,
17.949539063942858,0.5258113246444094,
18.962925109791527,0.4592168624051164,
8.273780771147242,0.9836976643672485,
15.73161677545082,0.6751029057215631,
17.172089812587473,0.5782102741818822,
23.47967210994967,0.2168740212634741,
9.163763596944507,0.9706593846587223,
22.17750270510161,0.27551149352326676,
19.095951757352903,0.4506963680821935,
30.360720810035858,0.047383373449135346,
30.437138902905588,0.04649201136114245,
21.882514813734115,0.2901422992625444,
20.11424961853521,0.38773295878702263,
7.415506215733047,0.9916472143135654,
28.181494123972644,0.07999746253261131,
11.14655179128665,0.9188102779842152,
30.145205381648225,0.04997930211721313,
22.58894444595318,0.25593252358063545,
14.964732035725918,0.7248362321120051,
11.180228521555051,0.9176269654420388,
15.866008584894661,0.6661985310952081,
21.81638041361172,0.2934898385564826,
23.152786190563912,0.23067927323550652,
8.574248561964575,0.9799019948693666,
12.58712119938043,0.859020827809007,
23.401288473298305,0.22012869535153423,
12.958411326254984,0.8406932514368572,
15.69579378265498,0.677468517789938,
15.172642858598538,0.7115631960061679,
20.560772596189956,0.3615696364267571,
21.19960537712493,0.32587720288015876,
23.76080885360305,0.20548798477387986,
17.651774510977184,0.5457996093387532,
13.758891501935471,0.7975608224391492,
28.074316952830543,0.08200878175785575,
16.951788856464436,0.5931341310157249,
12.678410563557827,0.8546194845225473,
13.792826796732934,0.7956316452941665,
17.705399702318662,0.5421903567029474,
25.123526208054297,0.15651625058431418,
19.379578541469357,0.43274045870763034,
23.555341129085786,0.21376527911519438,
9.033268437772389,0.9729227519880218,
16.009184774552093,0.6566650882634011,
26.270751500185735,0.12281987940218786,
18.18950854440744,0.5098145800706356,
9.173166618399787,0.970491317017397,
26.604116158814463,0.11421768179078595,
29.248694355297967,0.06217261366476723,
27.730306511761242,0.08875815719529379,
8.090532559409976,0.9857365108446625,
15.772422489516135,0.6724040944740953,
14.987779236398527,0.7233737354270622,
12.27731895237802,0.8734317336336329,
16.99797450112813,0.5900050514048856,
26.49418858734346,0.11699783372870365,
16.005752097121114,0.6568941750191323,
16.147288973591834,0.6474291786454076,
23.21069983006823,0.22818884964751596,
26.164356683640666,0.1256741177632532,
14.833083193758645,0.733145534849069,
11.804766147668635,0.8937999247170837,
15.437741110624085,0.6943992914559532,
26.901947757031163,0.10695778292949121,
15.415605119621192,0.6958419234737862,
18.892580943863482,0.4637464733277208,
27.837944127374943,0.08659744094393163,
14.603975696954615,0.7474137384128701,
26.629930570817447,0.1135727601220905,
31.01431538570634,0.040227046826058044,
22.908531928713696,0.24139460036590443,
12.09451468170903,0.8815457134073862,
23.44195469772165,0.21843576284175337,
9.775494410977226,0.9582680854082599,
32.049526852167084,0.03085567617964502,
21.130337539845314,0.3296439636988975,
22.157720172932656,0.2764772305540759,
20.27979427458694,0.377921699464831,
16.704710357211667,0.6098653247146237,
11.65910601405773,0.8996751318861377,
17.854672842863604,0.5321646567348244,
15.306727123364878,0.7029133296027739,
20.06826743789009,0.39048079203666086,
14.729054891881399,0.7396554954464853,
15.876141589899387,0.6655253467408391,
18.35212249616599,0.4990441391019034,
5.276527240577768,0.9991599963541824,
22.084759648970877,0.28005822664962254,
11.194763949189873,0.9171130098698173,
21.48388442766327,0.3106896406813948,
15.967000400541833,0.6594786340067329,
19.737533296753313,0.41052451328614126,
31.732562415434458,0.033490966401348965,
11.910353977453688,0.8894213065674059,
22.795779411156545,0.24645665395356942,
22.771674833866413,0.24754831703311875,
30.876643520030576,0.041648761536380974,
17.158424935804483,0.5791357116939585,
13.259993147408933,0.8249992681222672,
14.787876269848207,0.7359807663556114,
13.417077170620436,0.8165520404706543,
19.36769717794828,0.4334866175240061,
26.88507159078063,0.10735867560751722,
18.281265666090633,0.5037297074114412,
19.580072645888077,0.42023288810188675,
14.90168484371257,0.728825213040416,
16.969876851448905,0.5919086820876378,
16.143034199951586,0.6477142552393564,
8.877885672577658,0.9754530008940325,
13.93867187097747,0.787254598842867,
22.57495846820614,0.2565821428577336,
20.950694198329884,0.33953169433385455,
14.08574627441576,0.7786699947122369,
13.12371607503415,0.83217787825882,
14.778452956821512,0.7365705669488094,
18.173439684505578,0.510882103289648,
27.173438544949356,0.10067764747761543,
10.192146143509456,0.9480455523930131,
12.517668364364974,0.8623226080646396,
9.445776752648062,0.9653202727317806,
22.66917018285998,0.2522279076315137,
18.13054514147287,0.5137344660042052,
16.176119293378797,0.6454966659738584,
20.797716911916478,0.34808497767627133,
20.308183235416937,0.3762521830445149,
25.876606203500963,0.13366415553453193,
20.13436950122307,0.3865336873641658,
14.00645812176635,0.7833147074651886,
8.13543414056374,0.9852554578460724,
17.031697288935938,0.5877203142955241,
19.532854647022734,0.4231640818890816,
21.974559921926684,0.2855242055144903,
14.973666216681838,0.7242695698984445,
11.77939610073859,0.8948370331846904,
12.065297118111298,0.8828153157837129,
14.6901833624054,0.742074806375925,
21.24645984029077,0.32334386611917243,
13.841514591233924,0.7928505053006446,
20.06289698371134,0.3908023559004483,
9.043654787705558,0.9727472865577085,
30.38198390200346,0.047133845890306225,
25.13622718091527,0.15610682619044114,
13.98479069789386,0.7845772098134984,
10.214478575595122,0.947455056003591,
14.686826112612891,0.7422834124289663,
18.615735830882713,0.48172375785746213,
14.453325801870612,0.7566525432935518,
25.793840349515143,0.1360366854383923,
19.212444574149142,0.4432856756862502,
12.363026934727209,0.8695271751218197,
17.583453985463276,0.5504030753907114,
18.413180088529764,0.49501634399641514,
10.479442278194263,0.9401113775412469,
22.077521512175338,0.2804151318212662,
17.35670439181903,0.5657157038141032,
27.149838913774637,0.10121105399010233,
12.277835054347804,0.8734084123070531,
22.83145410172668,0.24484712601039693,
15.01594638064504,0.7215832723403244,
15.962050885181627,0.659808500470461,
19.29921643319158,0.4377977656600571,
26.826292532233392,0.10876471133821308,
17.344016511022,0.5665737890103586,
32.64681021097569,0.026393978861685374,
10.828346091655147,0.929477401518803,
31.54444764186879,0.03514931302617341,
16.16298342505726,0.646377349773027,
30.978925755626157,0.04058830720422124,
17.27225779805059,0.5714287707715087,
11.89102135101249,0.890230502698622,
22.585907250558726,0.25607349947461633,
21.516595407908795,0.3089703639769791,
21.34452193727365,0.31808018337768473,
22.13609092398331,0.277535667437971,
7.992228773009429,0.9867489063616732,
30.243139744859803,0.048784463711357584,
19.93032860209475,0.398781520767563,
17.85081420658759,0.5324233910820333,
11.974567415463936,0.8867095422235743,
