7.044664288480435,0.8998351677685333,
6.05840363101106,0.9440015103374434,
11.431185872973437,0.5747439312542025,
20.485580140632617,0.08374635128972618,
7.56851585069365,0.8705313076223269,
13.14057534297658,0.43701284064055,
12.996855984643835,0.4480545572701685,
9.063793143062236,0.76810862963045,
13.96881895634001,0.3760435716801678,
10.891901327062916,0.6198730154697382,
19.052354107860047,0.12148934213990892,
18.776145432860677,0.13020951491560584,
25.304559261953816,0.021045264531125984,
5.810288996021639,0.9527854805092071,
8.426360562711631,0.8147578247537812,
3.327071101553491,0.9964734015460678,
11.394552022725687,0.5778014257511535,
9.648079384027975,0.7224276900013948,
17.54666856567925,0.17550279363545873,
11.433376428086744,0.5745611707391495,
13.048190506979227,0.4440962261316197,
17.275293790484987,0.18702292321812564,
11.366915959583023,0.5801092497095408,
4.347865025110421,0.9868969127001653,
5.512147148765058,0.962123968267052,
14.167316939691958,0.3621671429886204,
16.906041798488012,0.20363498753264608,
18.693708302278054,0.13291073571666234,
19.914627189213707,0.09735955013525921,
15.653775037716308,0.26833232268156415,
9.355838110018981,0.7455691490848093,
10.979939145230732,0.6124982566090955,
4.283363799530395,0.9877867020169158,
11.44634753666366,0.5734791330441718,
10.615641437883868,0.6429814495298067,
6.945541715596412,0.9049361408638663,
12.865433054399956,0.4582589963133057,
17.480221854764533,0.17827042228661316,
13.230836230006016,0.430143572287663,
17.5235559319151,0.1764616001025089,
16.123844162970922,0.24250697925964615,
11.451414041130624,0.5730565638914245,
7.786999156979605,0.8571945896065357,
15.776702280607916,0.2613984085941504,
10.40772246371746,0.6603017576282206,
6.630860058329178,0.9201600885085286,
27.542516237425207,0.010475776811539772,
11.27771244465172,0.5875650748771442,
10.317709789798073,0.6677705684024106,
12.675804217374065,0.4731537107635526,
18.63843280776591,0.13474780236978579,
14.510442811775123,0.338902496411577,
15.373794742998202,0.2846021432149243,
12.520139210694516,0.48552177677251684,
7.853268631605766,0.8530263490199714,
12.468592447710966,0.4896436684859471,
5.458355833450188,0.9636702020634531,
8.8275595537593,0.785838872888149,
8.558096021135512,0.8054397466518064,
7.444134435646972,0.8778376774907174,
21.972080979106426,0.055795873623391,
15.398237631104136,0.2831553678220462,
11.300675115676684,0.5856449194376674,
9.803598994033553,0.7099104960963409,
7.470227199189969,0.8763225136643255,
9.488920688307442,0.7350971713165927,
18.026611377268154,0.15651165543430923,
6.331853877117126,0.9332369769033999,
9.949866516136277,0.6980287354683984,
11.059169051479262,0.6058607354643729,
15.896616894331903,0.2547576023456637,
9.141083841854083,0.7622065503162829,
9.144243478686944,0.7619642697225952,
11.694047392765986,0.5528773803716183,
3.1366008865875448,0.9973953392714674,
6.356798960799225,0.9321981626624697,
8.518642712704068,0.8082493581435304,
12.28484334151877,0.5044364834072876,
8.900616076598801,0.7804074418063307,
9.432898904061712,0.7395195904009392,
18.92524801219731,0.12543965200572282,
19.195287632511885,0.11717209884081581,
9.354166756170365,0.7456999113646852,
12.20676572002438,0.5107663709628725,
16.963247727451822,0.20098962979905122,
12.349013507624493,0.4992533484147852,
16.720102434211377,0.21241732522500523,
14.817520634144659,0.31888271446521066,
11.372215507886802,0.579666614559424,
9.394625028287107,0.7425292112706965,
8.466703601628518,0.8119235441526222,
14.71034374019265,0.3257827124053302,
11.010380111321396,0.6099480044308324,
8.361940854740677,0.8192474056099202,
9.504778106238378,0.7338417465806998,
13.367590500486724,0.41983558841964475,
17.878355521065604,0.16219309312340724,
19.451414446452496,0.10975866754128083,
20.73559962697924,0.07832545799268376,
15.377188129912279,0.2844009872385381,
7.8151668127116185,0.8554297555599626,
16.151616212288666,0.24103952879944424,
11.821027977545107,0.5423714430072166,
8.195454755108319,0.8306376129237121,
5.394174998021996,0.9654606174105749,
11.295531742601018,0.5860749626478841,
20.507687471380393,0.08325421120316145,
21.048081366613715,0.07198306272504484,
14.949910681178627,0.3104901797266999,
16.06959626136511,0.2453921134149709,
10.157332841832352,0.6810208691063553,
14.11696106184333,0.3656588809240493,
15.099357175434317,0.30119126320598766,
19.547922607705438,0.10707019429076858,
17.862877438447864,0.16279567379277915,
10.26829428252714,0.6718615819512062,
21.45025213660703,0.06448734605612128,
18.794016407972006,0.12962998297956974,
17.984772305432845,0.1580985056768811,
12.658310482924287,0.47453749358231456,
6.544059714909424,0.9240965426804058,
13.92527977695036,0.37912714865981534,
10.777724640317011,0.6294321820885216,
12.961216333249086,0.45081189487319206,
19.549242626066693,0.10703381294389946,
13.557589523277255,0.40572108144251096,
18.955809538841724,0.12448017608279394,
9.250739508782393,0.7537535847706305,
15.81216778824994,0.25942168333308735,
7.631612688931892,0.8667446862319045,
7.260473078535049,0.8882338929801716,
9.684834718392922,0.719481027202602,
7.873804574910048,0.8517233229770984,
15.33825525633765,0.286714715832425,
11.282979956264121,0.5871245521134864,
12.468044758385517,0.48968753188335346,
3.5585356143319316,0.9950454643420525,
9.713717580858653,0.7171603207026598,
14.405962401739504,0.3458878428215646,
8.052438258161555,0.8401673012104043,
19.930547791317768,0.09695561474427694,
16.541269360316235,0.22113171172728285,
12.116142807939498,0.5181439261824747,
21.12676495913132,0.07045891051615882,
15.387526588340894,0.2837887343772545,
12.419742673699464,0.4935614685359738,
8.961430483345554,0.7758502429100345,
11.782599800923872,0.5455462782369347,
21.36672405018878,0.06598479807195301,
13.976300158193958,0.37551516049381006,
17.82359004713973,0.16433324393926063,
12.233382281057676,0.5086057040679792,
4.9196682119686335,0.9769191509652182,
13.897962342544446,0.38106907468189866,
10.29909414104838,0.6693125343500093,
5.222211898064523,0.969970006485481,
21.537765141215736,0.0629507988483099,
24.063362699146698,0.03055219842275747,
16.041996858184778,0.2468694811087352,
14.849331896789057,0.31685289756358026,
14.23101703175395,0.3577781954206203,
9.569249923499191,0.7287215879947547,
9.138046886197856,0.7624393503820452,
7.908483686953219,0.8495108287092532,
10.93815737215382,0.6159984699466641,
18.891941988094572,0.1264923059642511,
3.251227760141011,0.9968658866855038,
5.327734697898716,0.9672522099040992,
17.70203729194795,0.16916410011951588,
12.107204141662018,0.5188733242570949,
11.588068837370935,0.5616763199766641,
9.354501225745112,0.7456737448927868,
7.256391330186341,0.8884595343854431,
7.889234479792997,0.8507407764027654,
9.293957904199706,0.7503975143868292,
16.649190175977186,0.21584126679388094,
15.519514840822907,0.27605157287470894,
5.521494256648188,0.9618510143567159,
5.0279871000639975,0.9745718620162289,
26.72834085327247,0.013550753521160197,
17.00309166201097,0.19916278012554545,
20.259504580176234,0.08892579675442236,
20.434769037408895,0.08488706579076644,
4.397099844284806,0.9861874943763549,
11.469005203660092,0.571589712661753,
16.122368927664997,0.2425851108653141,
7.587075854215657,0.8694230216370135,
8.655257405416267,0.7984534185399379,
17.085677130585054,0.1954169595711912,
7.688550685582766,0.8632820796869781,
13.556230510624115,0.4058211614639555,
9.557769027561703,0.7296352101761174,
9.231577519977318,0.7552372264346642,
4.5835414364432205,0.9832549003668479,
6.219111527203003,0.9378134258504209,
26.949451161602994,0.012640885973500882,
13.047044301742572,0.4441844356626441,
6.97795242332702,0.9032841802679844,
14.61998889457196,0.3316726894876667,
8.034422245170452,0.8413505128185025,
15.624328312178228,0.2700122981158358,
14.63623969784401,0.3306084445486597,
8.55566176059109,0.8056135605912789,
17.62466441399024,0.17229760510205128,
3.031660284822558,0.9978177760758048,
15.031842603644332,0.30536912918762416,
6.949892561974485,0.9047152827229218,
19.747468505519546,0.10168843791533111,
7.634606557451187,0.8665636907052008,
10.368313990416869,0.6635742161008569,
13.309754778628067,0.4241801278462425,
12.588295837510094,0.480091519290473,
8.702084467592183,0.7950530689640168,
25.948021190746267,0.017276066640693477,
16.1782770246945,0.2396368960923556,
13.843595409123086,0.3849503348610208,
7.583183693982906,0.8696558215714245,
11.700613044253274,0.5523331315330389,
17.178964328052263,0.19125150298430016,
7.0841679537459745,0.8977620542904172,
13.871219406020133,0.3829755264220617,
5.5957486811567865,0.9596374416677362,
10.010943016861205,0.693039274132774,
9.016994576027967,0.7716588047512671,
8.33423377974146,0.8211644836154025,
12.87034764936849,0.4578756097935218,
19.52625589531482,0.10766885820272876,
16.98028607449933,0.20020685009178796,
14.650372191023362,0.3296846698035333,
11.291923342285907,0.5863766823587903,
10.003076250901415,0.6936827925185041,
10.37413030608825,0.6630914732084582,
12.740757907970924,0.46802986035908123,
8.48309380212675,0.8107671429329593,
7.496837601753668,0.8747676418517508,
15.390153086217367,0.28363333443545424,
6.815860594001424,0.9113898412758341,
16.266189354994665,0.23505409080845885,
14.261263156218801,0.3557052889023482,
8.332679113247348,0.8212718020103215,
10.790778894391725,0.6283397056702515,
17.3507157016053,0.18376334138191042,
8.166507906337918,0.832585834069906,
4.025303223500842,0.9909192397716449,
22.756484354756633,0.044693114638334475,
13.864561641757284,0.38345096786091104,
8.773767482511238,0.7898070945941275,
10.592188980662499,0.6449390626424049,
14.155673441296639,0.3629727801958673,
11.752951955297823,0.5479984854785866,
13.813056300943908,0.38714007023322317,
14.0617172459954,0.3695119401049066,
14.576841041271106,0.33450878106696114,
17.40850217115878,0.18129617442185952,
12.92972960316594,0.45325413003729864,
21.49932124452211,0.06362175282945426,
15.915748183296202,0.2537093666219543,
12.93236793140651,0.45304926943032364,
14.38393997008632,0.34737132686438943,
13.522936209017745,0.408277006946971,
15.983790253930257,0.2500062777145645,
18.30053072404068,0.14643825956167134,
8.491562739498132,0.810168517718175,
15.179114845122047,0.2963048986578932,
9.381296343932064,0.7435750021735892,
10.167882817143044,0.680151742435613,
14.589691246269796,0.33366256552358897,
15.866482484570023,0.25641499122999145,
16.15958389575325,0.24061972082396688,
6.23110902623895,0.9373356550990659,
6.23665633067427,0.9371140041544135,
8.783920706249516,0.7890601420660857,
17.646597951424717,0.17140467740241316,
10.408845591967856,0.6602084386434821,
5.581610642300297,0.9600651121516216,
14.558607304108842,0.3357118056165691,
9.64769905578141,0.7224581415457427,
3.7427706788668598,0.9936324864304515,
14.32953049016774,0.35105295827200755,
12.837910308372017,0.4604085575624549,
24.442149241839473,0.027298205439101553,
9.977462745035753,0.6957762740740194,
13.169840943531396,0.4347799731357721,
15.264726437251042,0.291119269292313,
10.214776808294317,0.6762840557538484,
3.1396122638304256,0.9973823647303667,
7.138722816594128,0.8948616749742915,
22.89609129203169,0.04294027904301245,
21.732752401901205,0.059643449628156264,
4.147286033777625,0.9895213471553477,
9.924693210349433,0.7000805763485405,
8.5790163543698,0.8039434852585998,
13.68538842791259,0.3963676032395811,
7.405783833521037,0.8800475368182067,
23.251745323681952,0.03875257428997436,
9.292063242115024,0.7505449240991734,
11.492430707684639,0.5696371829957575,
8.682759912624226,0.7964589017570893,
5.452461087636312,0.9638371087772587,
7.034804233135687,0.900349052196026,
6.181696298499323,0.9392892800102854,
16.637222684419815,0.21642319025587087,
11.759502665591823,0.5474564652792345,
15.5262394801928,0.2756613148547855,
20.699306993694428,0.07909284998047472,
5.900470457329614,0.9497002974524719,
13.329681053368887,0.42268080840184985,
7.371977828923585,0.8819785539467346,
17.046442956322235,0.19718966090442958,
22.877339371694795,0.043172047147075454,
19.70642687465758,0.10277608597787491,
11.24504109920947,0.5902980019967071,
11.38094318655855,0.5789377349570033,
19.071006345162935,0.12091850540999771,
11.40557464394965,0.5768812558645364,
20.127028887150114,0.09208776851982725,
14.650074271778752,0.3297041266256632,
14.313672624520747,0.352130384912538,
11.129873756381194,0.5999385462225397,
15.105465635010692,0.3008151444975111,
17.411328662366653,0.18117616930842018,
9.976500973149328,0.6958548300212327,
16.41896160133596,0.22724410590057864,
6.859593830810089,0.9092414297687533,
11.949596979651531,0.5317811951387708,
10.016007556841693,0.6926248513833986,
12.170199115384033,0.5137393855162848,
19.053090146967385,0.12146677356666102,
19.487523170116784,0.10874614520169135,
14.009529606212743,0.37317319460583276,
15.302986578277713,0.28882171386327105,
15.352498486565434,0.2858667772845922,
7.251267078955186,0.8887424697677817,
8.327256611499696,0.8216459074284282,
11.065133721221722,0.6053610760445929,
19.004078255969347,0.12297726882640181,
20.163462951435488,0.09120862720886547,
17.001768976193688,0.19922321977769464,
16.833815371235097,0.2070128902119016,
16.433134310528498,0.2265294459332945,
15.420626404972808,0.2818345993850675,
5.398914669560827,0.9653304129472988,
14.31070251982693,0.35233240213296513,
15.053500959147193,0.3040247440229167,
10.466332586588617,0.655428089660326,
14.039017906985302,0.3711018860275239,
22.929251365528714,0.04253318446264953,
12.476801836281448,0.48898636392173755,
11.37572936445697,0.5793731472010437,
17.544455056122374,0.175594440301574,
8.706056747942796,0.7947636454844612,
3.7593558167378975,0.9934921651776957,
8.08684892819494,0.8378965178516506,
13.408284044909994,0.4167920278597662,
11.29537036632568,0.5860884559705866,
9.717065448550072,0.7168910338987072,
14.496448437190747,0.3398330628273589,
12.423006106827733,0.49329939317542004,
21.75905308568903,0.05920937302767526,
13.603716872339485,0.4023318164936278,
16.984527467383444,0.2000123556836667,
10.309984611520338,0.6684105748906055,
22.610667905920273,0.046592665391231525,
15.736366910009238,0.2636594968708934,
18.113885093910767,0.15324299277676445,
21.3957197511469,0.06546152857604637,
6.980500648240859,0.9031536402515209,
16.146367322552916,0.2413163783288894,
11.497172188231922,0.5692420955626618,
8.57643769244449,0.8041281557195135,
15.721458362320286,0.264498712921736,
11.534131392069817,0.5661638586917226,
7.9623727044641575,0.846042950128094,
10.434455386346285,0.6580797644519523,
12.042248294086539,0.5241825687066113,
12.774631731751759,0.4653666951309806,
11.197970822339096,0.5942370639712828,
12.439956979052099,0.49193891547131574,
14.802525713783881,0.3198424036261931,
16.907983862811196,0.2035447461280484,
4.926431951815723,0.976777070539907,
3.598257913738225,0.9947627250822407,
15.319411247397337,0.2878391785317349,
21.38148076399583,0.06571803149384137,
29.109211668905488,0.00631635241222428,
14.69144541700554,0.3270091368053809,
10.97992371312642,0.6124995494552863,
12.006228610596718,0.5271331738849225,
12.865813317821676,0.45822932716381215,
10.340094677359168,0.6659151351895685,
10.924180833249146,0.6171692577958813,
5.624205075272182,0.9587677583262771,
15.725914221295648,0.26424769140383186,
17.132803375342558,0.19330398824545947,
9.249902866606236,0.7538184192563666,
21.80177596448516,0.058510248440720614,
11.65161845903973,0.5563969731682823,
17.098895160901943,0.19482251627986946,
10.764488699686314,0.6305397132010134,
8.592944671904922,0.8029448509070597,
16.129011536826088,0.24223344853126305,
11.078812996957959,0.6042151997526932,
18.169619322467298,0.15118467162960414,
7.637868774291958,0.8663663360613704,
11.707992636084407,0.5517215401854885,
12.323493955967095,0.5013124741804169,
11.410296622916928,0.5764871193266607,
15.387677886387221,0.2837797810645163,
9.859206601153163,0.7054050272165293,
8.052802454274074,0.8401433420651594,
13.092763949980114,0.44067213196087596,
20.281631996426867,0.08840689967028925,
25.743833343673444,0.018397972278459296,
7.771116065047334,0.8581852343473111,
24.314260548387846,0.028359379949696506,
17.204811438418993,0.1901096600936163,
13.962796299890332,0.3764692684580019,
16.67368878917362,0.2146536935142499,
22.43091143140031,0.049034321889033894,
10.077600567446755,0.6875767128459666,
15.17375014571074,0.2966318957108296,
19.565878375820734,0.10657621025331887,
14.359809867148796,0.34900120631284515,
15.015099607810477,0.3064110866319709,
10.868226652587818,0.6218557575031699,
5.3035281389137054,0.9678894405140238,
7.352265838882613,0.8830971359204193,
6.301995745430931,0.9344678882986437,
11.521058761501882,0.5672523523145827,
8.983016434970352,0.7742250190794358,
25.131100569112714,0.022184806753006048,
9.553454978947558,0.7299783077101768,
13.171131853827577,0.4346816044587385,
6.634446462870453,0.9199949826037886,
5.728353666935393,0.955482943294298,
6.184473200717574,0.9391804784902661,
13.439173049140472,0.4144891767267318,
10.933718512987301,0.616370310176315,
9.600748652382894,0.7262109855876818,
16.865416588052362,0.2055297336715204,
23.86065619966295,0.03243625555483398,
15.29498412573048,0.2893012492658642,
10.708735878856297,0.6352030200648546,
12.725563960655792,0.46922642056485286,
7.781976351316523,0.8575082192513501,
16.107058469239824,0.24339706674775985,
21.276713229066903,0.06763279683373602,
17.057368908498255,0.19669475609605103,
11.124293124340598,0.6004059054940557,
8.146490191669475,0.833927391496001,
6.78418192648946,0.9129281825152348,
16.630221524003733,0.21676417164480066,
16.121892410084417,0.24261035216478255,
10.389740944162337,0.6617954041184809,
7.8521652946242755,0.8530962056478766,
8.669923700796398,0.7973907178116659,
12.723179734811024,0.46941429628470643,
6.9317374945711085,0.9056350162585964,
7.674448170644372,0.8641437052591989,
14.969207812784088,0.3092790109774527,
7.90736116215422,0.8495826810930213,
8.210688703588701,0.8296084260458245,
9.471767628763082,0.7364533873295732,
12.124372350645205,0.5174726582331441,
14.399243949016507,0.34634000554713074,
14.048557075467228,0.37043325006848404,
12.198589548888556,0.5114306659637666,
4.406753719680609,0.9860452755945397,
16.77918746928424,0.20959598581877315,
10.179527997078788,0.6791919552254431,
13.159417796187975,0.43557461045296786,
13.707524640338207,0.39475923238554056,
9.488515088777529,0.735129261747308,
12.939721897982729,0.45247846272461534,
11.109871100604384,0.601613767655859,
6.758382265351867,0.914169903635567,
13.843255297692705,0.3849746840655093,
15.944530881604955,0.2521381395500395,
10.642795570760867,0.640713816700043,
8.966792988333163,0.7754468659780835,
7.019309713661625,0.901153710735495,
23.966060146326114,0.031443691493778014,
6.896248310554554,0.907418772816352,
9.097868506476276,0.7655124289505006,
14.198714148040779,0.3599999337969749,
13.928352017119957,0.37890909861752553,
10.921119932932017,0.6174256563291637,
6.523289516249482,0.9250215027303628,
10.506863735004023,0.6520534484912046,
4.466068485670218,0.9851487022583355,
5.423776781674224,0.9646421653113293,
4.768283781892246,0.9799460078654088,
17.449047596815248,0.17958069598794624,
9.058714950260384,0.7684947334544263,
10.239595978621177,0.6742341877587323,
8.461938813490264,0.8122591904763846,
6.512198891738295,0.9255127120459826,
3.539879137628257,0.9951742719060687,
10.345471600749006,0.6654692547965034,
9.196183009711078,0.75797051603872,
17.570802779372944,0.17450601039909486,
14.410652125126672,0.34557242958594503,
18.914914973988868,0.12576544870668238,
11.149138018964164,0.5983253496317316,
7.380681412533612,0.8814829260628899,
12.370555683801244,0.4975173804526307,
13.822266340464465,0.3864789659124598,
14.067357529743923,0.36911748188358584,
14.278013115365347,0.35456041413695205,
17.52283026326196,0.1764917706894189,
14.231410336931496,0.357751194590453,
8.324412779258065,0.8218419770529306,
16.194419853374793,0.23879052037416182,
5.424903580180671,0.9646107631615207,
16.615015837634537,0.2175061355633674,
7.330277726366253,0.8843384406900207,
13.349502354114918,0.421191975432057,
13.590008413918353,0.40333751040105115,
6.539578460721562,0.9242966620351684,
8.930660702752183,0.7781600249051281,
9.932899363389506,0.6994120081711213,
18.204702299144312,0.14990057500927478,
16.034628057897404,0.2472650113986402,
10.893458786503057,0.6197425702987481,
10.457088636700396,0.6561972667622957,
12.327757945148637,0.5009682230311612,
7.622593302995662,0.8672892339778284,
4.977635666258992,0.9756821479474098,
10.89499167676725,0.6196141819513528,
6.48924007789095,0.9265236149929922,
9.119106159209354,0.763889635809295,
9.85790108082205,0.7055109731064045,
9.695529156417791,0.7186222652832539,
13.24697337526218,0.42892090908688574,
9.436538807001266,0.7392328680882946,
8.244332514114907,0.8273260619878421,
17.851283267848757,0.1632482243113288,
13.660816970076645,0.39815700833580747,
10.130500985127206,0.6832296025805542,
13.992989433636948,0.37433788295883863,
14.6710585548597,0.3283354299750455,
8.174375558024613,0.8320572766022692,
9.48050023743937,0.7357631718361061,
14.093401257043915,0.36729923880015236,
14.85609717499548,0.31642229428543167,
16.961867363430354,0.20105314957685694,
19.550889505149815,0.10698843763001642,
3.4084500890711826,0.996012327858615,
8.52409885865974,0.8078617602455529,
12.674687543395748,0.473241993839457,
20.021333247654685,0.09467959117361935,
7.3482356992044355,0.8833251600690926,
12.819252795864772,0.4618681464970512,
15.9218007851383,0.25337837828769616,
8.67141152657716,0.7972827945506549,
21.345135262060992,0.0663767968171789,
10.079070368922421,0.6874560704468462,
6.439054671273277,0.9287053536867111,
30.65786785343895,0.003782144294868006,
7.5025559852114,0.874432243645959,
12.425734316794715,0.49308033737511014,
11.895407156810757,0.5362386159140877,
15.826361899512063,0.25863353365845787,
8.990098971006242,0.7736909079547054,
9.303351084307476,0.7496663221413477,
15.99744379700782,0.24926791237837176,
9.296267333803119,0.7502178000006314,
10.919411800092846,0.6175687380892737,
19.119920672527602,0.11943218699086966,
14.945255741234483,0.3107828061823592,
13.071193412196084,0.4423276528107697,
20.57246246011365,0.0818266769123841,
25.825445295208322,0.017941650925280772,
7.448986620446731,0.8775566302695574,
7.647198156587411,0.8658011534993206,
12.804164477008761,0.4630499299896056,
8.811875051258856,0.7869986631349734,
15.371978222955713,0.2847098642932391,
11.158306535396656,0.5975576459916083,
14.370816684697276,0.34825717326515004,
15.587715992292967,0.2721113122014587,
18.885017947029063,0.12671206537162238,
15.073618316900973,0.30277951878465226,
9.340711097621476,0.7467519441545045,
2.2740473278684084,0.9995360658484023,
5.427394819274351,0.9645412715817426,
14.159469902915214,0.36270998030312596,
6.529412423024026,0.9247495136655726,
12.991017093986205,0.4485057815986031,
6.066592565113317,0.9436957070729183,
6.713087015544685,0.9163257042418766,
7.305998824845359,0.8857011524735324,
23.825920477222986,0.03276958434943955,
15.431444273710788,0.2811979430978777,
17.580113116460318,0.17412267813283422,
6.672403620781041,0.9182356219023251,
21.584657075956866,0.06214090057839705,
5.1984760578907885,0.9705599964429907,
10.512399580691486,0.6515922761786112,
17.16032554915513,0.1920782056080862,
14.573134781108296,0.33475309496722894,
20.043846639591596,0.09412232938224618,
12.21747934714446,0.5098963200715715,
13.02604573956447,0.4458018412412629,
6.632329256891135,0.920092475161576,
13.184702713148416,0.43364812527661734,
9.246983027660722,0.7540446481185973,
15.487823940004988,0.2778958697640177,
16.18688727457636,0.23918518445372938,
19.198814998341934,0.11706720759420763,
13.281421564916524,0.4263164774628774,
16.15272126971316,0.24098127273015546,
9.169562994695623,0.7600199777103855,
8.888073083443825,0.7813433450281274,
8.60865802445956,0.8018158925000958,
10.821267658396001,0.6257876572940458,
23.379230632911636,0.03734421271473376,
11.809767469791309,0.5433013260769726,
12.157282121680124,0.5147908473861904,
10.73907447256338,0.6326658176766814,
3.889194579959497,0.9923139268883373,
14.065745355376674,0.3692302059795878,
16.15121111642248,0.2410608870875468,
7.50719280619495,0.8741599534713548,
14.267378269947734,0.35528706077672023,
9.95341490031044,0.6977392907329696,
8.547457557559527,0.8061989213884716,
6.493579641676906,0.9263331546449147,
17.356089336492946,0.18353281226861595,
6.463468836478684,0.9276487811347379,
10.485741918145267,0.6538124782353358,
10.131002627704085,0.683188331639207,
11.913877996392548,0.5347182375804336,
8.783962039038986,0.7890570993354238,
18.852586088191696,0.12774564383293063,
4.770690672727528,0.9799001456227264,
14.785688808407425,0.32092218646745274,
10.215757006291994,0.6762031357658993,
15.707939412232404,0.26526133325922374,
10.120384975607424,0.6840616726055097,
20.217554969009264,0.08991676131187254,
12.621246823706864,0.47747451512503536,
9.023921822559736,0.7711344371522171,
10.079445211884396,0.6874253017605123,
5.117653156306585,0.9725109694430739,
13.354020700705465,0.42085295252342303,
12.366306613785445,0.49785962704839015,
10.008620235502738,0.6932293087641606,
3.4829369408547866,0.9955520309816029,
7.691545179946093,0.8630987865810104,
12.526030929976324,0.48505146424530987,
9.599152874055363,0.7263383167904898,
21.824854433855098,0.05813565423523681,
14.046968289962187,0.37054456599933683,
7.102153813705748,0.8968106278298431,
12.976997619520162,0.44959001798463916,
10.88648596531945,0.6203265716923002,
19.785405036623708,0.10069183299678763,
10.311191215519889,0.6683106224331463,
16.610200009546396,0.21774152261003266,
9.60467656164467,0.7258975046928312,
12.00621927092095,0.5271339395421504,
9.764981699050129,0.7130304318212104,
10.243952768652017,0.6738741543853302,
11.916612088201397,0.5344932790558543,
14.97688573323083,0.30879797298968015,
12.613517234686375,0.47808791422920294,
7.0558577943543925,0.8992500605135448,
16.610627622622005,0.21772061407982335,
11.9675586653727,0.5303058361466506,
10.815378115487567,0.6262806923876325,
14.375027341047952,0.3479727973006893,
13.486112098451436,0.4110021118271032,
16.264300441035857,0.23515187711255403,
26.758708588486428,0.01342224875451492,
6.51050952796696,0.9255873704002778,
16.295759187718765,0.2335271998279851,
4.842110926154525,0.9785062298379794,
14.54517988120002,0.33659943560528394,
14.692301758703028,0.3269535006187172,
8.752059949457614,0.791400843795282,
15.114960741205214,0.3002311180154401,
10.232709520159146,0.6748031471918823,
5.098207724097013,0.9729670886532646,
7.677537500010688,0.8639551801526393,
9.167734208101287,0.7601605763622821,
7.913837432093482,0.849167920687823,
17.054934464369843,0.19680494424277262,
9.584896726724848,0.7274751910613004,
6.279222585031179,0.9353975615426189,
7.942175276148265,0.8473469251208259,
6.256959204440875,0.936298763512144,
18.011960489034657,0.15706585739391377,
7.661111539074434,0.8649561191359829,
9.36557756326443,0.7448067787798847,
5.961234157310575,0.9475524302643596,
17.052858198552126,0.1968989581048567,
9.92653042369019,0.699930921423774,
16.44123326069068,0.22612180671531723,
25.21864851901178,0.02160269411820237,
9.05272006354489,0.7689502647402336,
15.361106197400465,0.28535516572552044,
16.320117801079704,0.23227489745534868,
12.929455565694132,0.4532754107804411,
12.527806915605924,0.48490972745225036,
10.327990682682907,0.666918575829653,
6.234852367615623,0.9371861358017523,
9.300686255731655,0.7498738239038966,
8.396577067206726,0.8168390938758487,
16.47699370199626,0.22432842414264287,
6.7794066416774355,0.9131587681725662,
9.214892900132984,0.7565268400009552,
12.510958861833336,0.4862549426612952,
8.491233018342777,0.8101918380278974,
11.95554308350072,0.5312926692684603,
11.041858592057775,0.6073108721228748,
15.795385129945856,0.2603557646909437,
18.063569881136676,0.1551206343670769,
7.634777801034352,0.8665533344925362,
11.484563133415763,0.5702928429140048,
7.8851239949513365,0.8510028171351834,
8.052120934227222,0.8401881755026475,
3.000038166672436,0.9979341798051352,
12.001156924728239,0.5275489896273844,
18.460639481092137,0.14079935442824532,
12.677986763670736,0.47298117975553566,
11.38524641280893,0.5785783962098555,
4.371066622780398,0.986565900999965,
8.257186861154565,0.8264506300404617,
4.8020117970407705,0.9792967414957937,
5.834526922000705,0.9519682848419162,
8.443520783130264,0.8135543548652315,
19.726878539253413,0.1022328603035525,
15.24972949880758,0.29202320845148344,
21.1236351426938,0.07051899054166322,
13.572383421435134,0.4046324641334912,
8.541741174365828,0.8066063720914697,
17.9099957488236,0.16096687143728317,
21.022896545947155,0.07247699330963353,
12.21559274637244,0.5100494968479513,
9.423779133564297,0.7402375915519055,
10.293263251549968,0.6697953173271839,
9.430468879832583,0.7397109599517148,
16.55060241059377,0.22067038648566684,
14.242709816404117,0.35697598808428976,
11.326848064709983,0.5834570358385469,
16.7437974653303,0.21128243919738032,
8.63526549769599,0.7998986069368572,
8.942349945990408,0.7772835150424612,
18.131900713026084,0.152575187137571,
22.247967704902212,0.05163678910451919,
13.721970641457258,0.3937115092199497,
16.199163460570674,0.23854222698898297,
18.57643609679661,0.13683315118260908,
17.351660900158315,0.18372277589625197,
7.868717595008468,0.8520465939364013,
9.777167468075856,0.712046739482934,
5.799257359221042,0.9531545040123693,
6.119534930866062,0.9416940295401438,
9.20130083119499,0.7575758810020599,
7.896768789015656,0.8502599176849386,
14.14275368283298,0.3638679489067943,
12.024718928109431,0.5256179469323732,
29.878140659530878,0.004903835285365754,
28.978672006937423,0.006591679875741163,
24.411011472454717,0.02755315507478384,
12.314472685682672,0.5020410617341831,
18.656183062805358,0.13415560341771293,
10.506296060212206,0.6521007361557736,
12.382809799737371,0.4965308093726737,
18.27635479763892,0.1473055330225438,
21.96884542381162,0.055846377488230514,
11.72940879106702,0.5499474313170752,
9.231706969314274,0.7552272127462966,
12.361560177741755,0.4982420295992084,
5.675046931055448,0.9571842620718508,
11.08166848956596,0.603976009498585,
9.608171798173595,0.7256184795743799,
21.48683280924269,0.06384107050351173,
15.221431519160914,0.2937340161752765,
6.871146776775746,0.908669116452225,
17.31576730771009,0.1852681677490029,
14.08773982405132,0.3676940510324376,
11.766130139412288,0.5469082101716696,
16.680107561982563,0.21434335964179918,
9.235450065452252,0.7549376079856664,
7.768372865744461,0.8583560003453063,
5.2824963081332745,0.9684364140801256,
11.519753975109849,0.5673610132461961,
10.731561747996757,0.6332941947501247,
25.90765724408059,0.017492656158728637,
17.17781487694971,0.19130240554526867,
7.558873263028326,0.8711052662552288,
17.08901057706987,0.1952669152499209,
9.470901330609816,0.7365218320992581,
6.415447242632271,0.9297183626680807,
13.021138219107058,0.4461802227569218,
5.172963051374807,0.9711855052888332,
10.393938264793807,0.6614468206430375,
21.31508065151223,0.06692593942278158,
18.001455511270798,0.1574642053211166,
9.967373454030438,0.6966001573330733,
10.067762996128588,0.6883839784398882,
9.533832651356121,0.7315374581221654,
10.77457352380239,0.6296958690978574,
16.319510349922616,0.2323060668216974,
10.9041497915237,0.6188471180616477,
8.626513690855724,0.8005300220081999,
7.6396665440639575,0.8662575156218052,
15.19779117814659,0.2951683946646855,
6.671018905598933,0.9183001883907679,
9.924023298674548,0.7001351420180184,
6.698927780682948,0.9169932582943823,
11.322094079500857,0.5838543777067016,
20.334412335420957,0.08717974106180604,
6.588743686107532,0.9220843860132366,
10.6615446558727,0.639147478608166,
10.070373530355855,0.68816979512612,
11.448084812756138,0.5733342317154542,
9.730707567747832,0.7157931119897322,
7.400142994607055,0.8803708526585878,
9.997006297248916,0.6941791555163519,
7.038044366552413,0.9001803407899021,
10.40856639659799,0.6602316368320293,
9.683897217234207,0.7195562787777627,
16.983021012280318,0.20008141943970947,
8.400312397429621,0.8165785929712945,
12.020678363742713,0.5259489580185035,
20.030757895908447,0.09444596373920411,
12.607250507145473,0.4785854473393001,
8.675901372592117,0.796956981390778,
14.965181265523261,0.3095314785424885,
23.89386820533905,0.03212045329551394,
30.654022625984098,0.0037870194071082386,
7.4962322289193,0.8748031223533643,
23.89782519249962,0.03208301583521478,
16.844327244443576,0.20651862780367447,
7.964563766875607,0.8459011888738547,
15.356625327861755,0.2856214146374445,
9.296389058756303,0.7502083265950441,
6.820913074577734,0.9111430979993453,
5.893155796753112,0.9499550969604642,
5.076522716241047,0.9734697204295993,
20.98680189038561,0.07319007960309543,
8.713042965562872,0.7942542567752526,
14.44986271345045,0.3429421286726876,
6.492128874593925,0.9263968597119594,
14.223635901998454,0.3582851415879216,
14.253017163314736,0.3562697164048505,
18.88994338941698,0.12655570608041622,
16.198706990633447,0.2385661116587221,
13.9614305379874,0.37656584186382713,
17.93497910512033,0.16000391098821032,
9.289396510675335,0.7507523593546224,
7.128902026951096,0.895386982360036,
10.941550105241056,0.6157142598270675,
15.371625747061918,0.28473076961713595,
8.303823412564025,0.823258845029342,
10.83214094339505,0.6248773525816101,
11.367150984419059,0.5800896188806377,
21.331334956751597,0.06662845280852114,
7.611930850843707,0.8679315800449912,
14.227066889925638,0.3580494438202442,
9.606738795317785,0.7257328849058824,
10.054718739656833,0.6894538152825207,
11.309084624877908,0.5849418545179373,
8.475715214514873,0.8112880843755349,
14.954122839085423,0.31022554319807394,
10.823720159008857,0.6255823424146065,
8.598927611966731,0.8025152859307393,
18.285917768732705,0.146961976915716,
17.615551619875504,0.17266967662443955,
5.3140325104986195,0.9676139288541108,
16.99997324154344,0.19930529781106499,
2.361942853146981,0.9994281284451695,
12.295289748190646,0.5035915029160649,
11.675892680475558,0.5543828344782041,
10.126282171594609,0.6835766559445475,
14.198323889223088,0.3600268247272993,
8.162764149537804,0.8328370907172196,
14.443725084194297,0.34335303980143594,
13.477241699835453,0.411659938177911,
8.83109289438719,0.785577290297804,
17.71155128943063,0.16878194754617026,
3.998074883736784,0.991211847010172,
10.735003006953518,0.633006369218422,
31.20004275063543,0.003151741832256194,
20.695053083980817,0.07918322528823529,
17.142903691287277,0.19285343793534038,
32.81963674951489,0.0018134681942539865,
10.235720404228395,0.6745544058364945,
16.127306716620396,0.24232366696825292,
16.683914624962387,0.21415945648482804,
23.308543894407613,0.0381192465912622,
13.049260428390687,0.44401389440284356,
8.719660722107857,0.7937713028501332,
12.076852962722816,0.5213522031441576,
8.211778916858224,0.8295346701791946,
15.515555105769442,0.2762815511564255,
4.977148503608911,0.9756927269028862,
13.856036705486279,0.3840602245282223,
14.071743093980398,0.36881094114171686,
14.561879532823804,0.3354957129487377,
15.768864066275048,0.26183671941462205,
8.56295858581585,0.8050923633832507,
38.40058198368892,0.00024907853510558464,
6.442055294081749,0.9285759858430932,
11.648315907661436,0.5566711070887017,
16.638543337733694,0.21635891506557814,
13.200816595992954,0.43242249247244846,
5.859867643496033,0.9511044816862563,
18.18291920395713,0.15069682556505026,
8.313304312320481,0.8226069973647895,
15.286877877978728,0.28978755408055634,
4.789716794615396,0.9795350688288436,
10.637226894693624,0.6411789419250463,
18.672929725592,0.1335988610720238,
9.967924007224582,0.6965552106732134,
15.676687167187941,0.2670302304553045,
13.529373818546699,0.4078015601490428,
15.129073089320059,0.2993644873749224,
10.860694762991866,0.6224864922510712,
14.77090663167382,0.3218721164925261,
13.683532631786127,0.39650260058664166,
14.485397984074893,0.3405689817016371,
7.663457313594899,0.8648133946821702,
13.229743879378026,0.4302263966617461,
13.348672545520333,0.42125425271708306,
6.859379521863311,0.9092520274575153,
13.362802901946615,0.4201943881860678,
10.95616644426859,0.614489817808153,
7.52136164188042,0.8733260905083927,
12.842139452621428,0.46007797926091654,
12.536761229650962,0.48419534100369066,
4.9303836601423585,0.9766937855298854,
21.401304321822117,0.06536116937263048,
6.480629655030272,0.9269006704470266,
15.628646286838663,0.2697654927732044,
11.553946093343594,0.5645146165796175,
9.253375939572903,0.7535492444983831,
5.811529932276211,0.9527438554668713,
18.186461052415734,0.15056712473926326,
12.004982921049557,0.5272352969057605,
8.00687419087301,0.8431521454916892,
20.400731979415887,0.08565872162810495,
21.141043973472115,0.07018538144377029,
13.223755069690677,0.4306806165184981,
6.789935110680937,0.9126499220090634,
11.498376109134274,0.569141784380935,
11.328280457244752,0.5833373206555252,
9.87230050142122,0.7043419869485091,
9.485664615967538,0.735354757650839,
22.006755128272808,0.05525719891687708,
13.883154500876158,0.382124042489254,
5.364145800384271,0.9662781226291071,
7.057953023053457,0.8991403348809276,
6.44496380700632,0.928450458057043,
24.498398696583358,0.026843145297748894,
5.7556806864345065,0.9545944177657617,
11.722471275740824,0.5505220055509701,
8.87161442662516,0.7825693024910052,
9.942637808246264,0.6986182194970756,
7.788447101049596,0.85710411795203,
9.942631837786239,0.6986187062805609,
11.921741319622647,0.5340713145379967,
6.7776690158507735,0.9132425884663989,
10.450636441105752,0.6567340364341001,
11.844729654908098,0.5404153721962912,
9.333055071152211,0.7473499715819742,
10.573948296736422,0.6464610327115415,
9.436327699479959,0.7392494998070056,
13.281209621999118,0.4263324778125681,
20.818686562769507,0.07659306503158214,
10.748029641833876,0.6319167172850702,
11.235422225815913,0.5911028027176856,
12.946530363166206,0.45195027761890394,
13.238754820623438,0.4295433959067779,
7.9175300104214354,0.848931201872472,
19.33960037031964,0.11294480656826411,
13.735920447302156,0.3927011971897103,
14.55246894035528,0.336117406324993,
13.342417245669786,0.42172386034625864,
12.461257347655508,0.4902312399519123,
12.436176960101655,0.4922421848177142,
18.40451161621462,0.1427555203494154,
15.578488372109591,0.27264212842513946,
17.1585512606986,0.19215704658188248,
14.06772365496132,0.36909188497239986,
7.364140706706577,0.8824239337445354,
12.234491065992549,0.5085157581314671,
18.073466157675327,0.1547498661239004,
25.349398358544548,0.020759656718621122,
6.739029972413989,0.9150947461446458,
12.247182277187077,0.5074865914886963,
14.328672402221532,0.35111120838800614,
5.746060275102279,0.9549084891382468,
14.69084303176576,0.32704827712624995,
9.59016266758397,0.7270553906373316,
8.088492717609842,0.8377876886581033,
18.293068503591755,0.1467055093319395,
7.324322822768051,0.884673444067362,
15.816701063130196,0.2591697811217817,
6.5519152618575935,0.9237450002956089,
19.774819199751448,0.10096908340087707,
4.784723717188337,0.9796313144624983,
17.054476388730297,0.19682568304949988,
8.392661336167839,0.8171120139712174,
12.990555440615667,0.4485414663843431,
7.233635675500879,0.8897131242070829,
5.239955628106007,0.9695238678006266,
6.71745870773154,0.9161189843263977,
21.09880212626636,0.07099728554033691,
10.557672258507896,0.6478186049042157,
10.778470970141852,0.6293697275750884,
9.098686707901853,0.7654499756441964,
7.0089352585170115,0.9016905037606969,
18.340704983955664,0.14500629205753413,
7.933256235274368,0.8479211421464496,
8.184059023040565,0.831405743620158,
11.419469959272181,0.5757215306012223,
13.56623773387538,0.4050845131067966,
19.857751821527664,0.09881438723897817,
16.238546590630325,0.23648809958595252,
8.354741965649403,0.8197463140084515,
4.9143351371644695,0.9770307606647689,
13.867708062604898,0.38322623620002294,
14.564230616086574,0.33534050460760656,
11.156981606324832,0.59766858271715,
10.611729410172249,0.6433080517544945,
9.019177759673356,0.7714935886382819,
10.734479485018504,0.633050157177516,
14.192011385807236,0.3604619542914067,
11.314940289348767,0.5844523476994942,
4.528125903521307,0.984168101988603,
7.800083540393723,0.8563760601276218,
21.928390707229042,0.056481289992947326,
5.808719578119079,0.9528380908687489,
13.657939777424433,0.398366819372479,
10.540876781450919,0.6492190177214221,
12.775890067785197,0.465267884578492,
13.780117864726213,0.389509487394162,
18.50460871980013,0.1392823580996514,
16.38055123357281,0.22918936763419495,
4.882730018109246,0.9776846526890868,
12.716668265742594,0.46992755102638184,
5.172374847820346,0.9711998210086973,
21.953740763778516,0.05608268690497176,
8.569948750229113,0.8045925624962456,
8.092944329202922,0.837492802341095,
21.664125809762073,0.06078944461961333,
14.500675779003164,0.33955179678181713,
6.2189143917712935,0.9378212579246492,
7.235869468344626,0.8895903938042005,
13.546786615702418,0.40651698005851467,
6.464992854686547,0.9275825246257836,
8.610456456483854,0.8016865228232054,
9.586804663472494,0.7273231092968513,
6.7000772149177,0.9169391797167755,
13.597506491773629,0.4027872656432696,
6.160542383721732,0.940114246964849,
19.211199165985615,0.11669957181314539,
11.114980382188449,0.6011858486317896,
14.993840001240441,0.3077374884776096,
10.539451692571912,0.6493378188366966,
12.510778678267785,0.4862693366511166,
12.676035375560842,0.47313543645323164,
7.156771809509057,0.8938926046773158,
18.109263095572434,0.1534147029809496,
24.16865349737777,0.029613677146938522,
10.012260104019166,0.6929315090679046,
11.644984801843533,0.5569476367421978,
11.21547914331268,0.5927716735509833,
12.52216599160052,0.4853599679006192,
10.139732758553812,0.6824699480190746,
9.558609748448323,0.7295683343857878,
10.301121537648743,0.6691446485255809,
10.666949526289052,0.6386958566022105,
11.863760476913212,0.5388459755547745,
17.127938373695788,0.1935212948912387,
19.159978112566577,0.11822643841921976,
11.963004594851316,0.5306798033401918,
14.89060089815199,0.31423204832002216,
15.946239344096076,0.25204509579958545,
11.26263964740579,0.5888257711489849,
9.181697763959319,0.7590863975050041,
9.17501036527798,0.7596010272918797,
16.95830144639332,0.20121731259418818,
15.761057022375528,0.2622738039021647,
11.82731985708488,0.5418520230276447,
5.5628508213230825,0.9606280754937577,
12.437571322891317,0.49213030795833623,
13.417785092350528,0.41608301793587965,
17.338681301470334,0.18428044048811976,
23.633492890799243,0.034673563833433896,
9.773119814761602,0.7123735685735921,
5.5266392067107875,0.9617002304618502,
20.330972952691877,0.08725925621583985,
9.287439960133819,0.750904519859309,
12.976756146799678,0.44960870313726164,
13.420030253289855,0.41591556272109775,
9.719968229031783,0.7166574996429681,
12.131662985394915,0.5168781890856078,
16.253494118002475,0.2357118794298193,
14.844276708851435,0.31717490188166864,
15.714993945574593,0.26486318554207444,
13.594284313841651,0.40302367621509483,
19.10241211734722,0.11996243440517917,
13.640631997223828,0.39963017808417733,
15.130926284321138,0.2992508076382421,
8.908848332291958,0.7797924333694038,
5.8134524807289525,0.9526793213845592,
4.592529914728876,0.9831033907801441,
10.535719377894448,0.6496489419729728,
10.573812747584531,0.6464723406279378,
8.405237688172598,0.8162348743535792,
9.785011515966874,0.7114131339937577,
6.9156034211854305,0.9064482655044566,
12.574958404952989,0.4811523462496411,
3.0798668110286624,0.9976307743259302,
12.102056340520425,0.5192935219459405,
3.8845970728101693,0.9923581241556666,
18.351919338994605,0.1446086181074404,
12.734660425354663,0.46850990323539643,
8.973982568236082,0.7749056684871412,
10.622965038290396,0.6423699644150791,
6.407849327695713,0.930042583979262,
11.997329620202173,0.527862839698944,
21.729240024119623,0.05970163300621589,
4.9394271916128325,0.9765024232479764,
20.674478505284554,0.07962160996549406,
11.28480452870015,0.5869719696131568,
10.894384759621689,0.6196650148558297,
9.914461935616464,0.7009137179031892,
13.604958347459494,0.40224080318125877,
3.8254847640943996,0.9929100012259015,
13.625011966837548,0.4007721603973723,
15.396446034301832,0.28326124130176733,
17.24356947837284,0.188407400340748,
11.965598566087838,0.5304667854497052,
16.173777611924915,0.23987319243673544,
7.375549008299296,0.8817753203781549,
10.41048513424765,0.660072206275794,
15.8298987965514,0.25843740725919284,
17.71352935531734,0.16870258021971285,
10.352120917147447,0.6649177566226575,
8.705919586287711,0.7947736417176312,
19.87672545998918,0.09832699717975912,
8.692419176246862,0.7957566553678865,
8.720728362070798,0.7936933488934343,
12.818652350431629,0.46191515191396815,
6.202321236353928,0.9384783670315846,
21.59824645412506,0.06190792452534233,
6.947456650787556,0.9048389692405245,
15.660510365624958,0.26794909419752044,
11.209758229348632,0.5932504695838794,
21.001003799431892,0.0729087749683911,
11.818924522338605,0.5425451170555897,
6.654693375194356,0.9190592278577702,
13.151106715188446,0.4362087158650225,
17.834041790198,0.16392306826176706,
9.077455913672278,0.7670687870041976,
16.022136706289935,0.24793654743607063,
13.219498592098475,0.4310035871651908,
14.743928546577495,0.3236104018691782,
4.766294521261708,0.9799838579456447,
13.18662385600742,0.4335019157316311,
7.665535573693188,0.8646868857585416,
8.052128636693766,0.8401876688311859,
6.086023548311248,0.9429660047440275,
14.006480965895753,0.3733877115947124,
14.335853025426184,0.3506239407431577,
12.980475036342499,0.4493209736912729,
9.247146886431146,0.7540319540126821,
6.891814965707946,0.9076402862780992,
14.45871552574026,0.3423499675867774,
9.840477868395311,0.7069241349373295,
11.902763249693164,0.5356329907993576,
8.741996164011926,0.7921382158739998,
10.482247193768032,0.6541034329010024,
9.067618954161405,0.7678176081760465,
12.930131216252475,0.4532229430269201,
12.54790757659227,0.483306619242043,
13.67586639320607,0.3970605308813957,
8.16261319390098,0.8328472184529969,
9.205637922299019,0.7572412934652604,
10.714478050374451,0.6347228818592277,
5.488737073013004,0.9628020312396678,
15.467253959734784,0.27909751157970497,
6.462925754420953,0.9276723830007312,
7.058595148969305,0.8991066943470148,
12.499408880576478,0.4871779306516678,
7.331131060777981,0.8842903939432265,
11.369100330488786,0.579926799478953,
14.752432459759596,0.32306182294773633,
16.351398945036944,0.23067397755784835,
13.402302023804275,0.41723874314973075,
21.586315299000685,0.06211243042262593,
14.04367969835194,0.3707750372985812,
11.822917928074537,0.542215408021871,
14.555988242159351,0.33588482649237295,
21.2496552201038,0.06813525035176626,
19.39488022146303,0.11135997181146085,
13.43417528634875,0.414861336390566,
18.749021157907833,0.13109322611573782,
5.918224426231537,0.9490784983617462,
19.862310962105056,0.09869708476664141,
6.141579871383698,0.9408479508131331,
16.07239384452718,0.24524271996256497,
19.408475755922556,0.11097309096661012,
11.52068205365736,0.567283723730234,
6.363248981994291,0.9319280106588428,
8.93389302309378,0.7779177699615427,
8.54520066216703,0.8063598277009456,
13.227149097466913,0.4304231691695328,
22.487701104263703,0.048250781176385815,
9.277720269073534,0.7516600106275693,
20.079733181420536,0.09323988172518116,
9.23918115455272,0.754648829135393,
13.335704406453623,0.4222281039922333,
12.819690849388609,0.4618338550714729,
13.566175626617596,0.40508908277782707,
10.16841239688672,0.6801081047338409,
14.184266138899835,0.36099626697890685,
23.01783953892447,0.04146269695070648,
17.03945703007999,0.19750660031353717,
10.150908838451597,0.6815499045517666,
20.338344776671644,0.08708890375940503,
8.136831250781977,0.8345730417598294,
24.43514943754745,0.027355328418556035,
6.507477793504442,0.9257212433655939,
12.00460914467224,0.527265940549636,
14.905885172292857,0.3132649719117615,
6.451870011535305,0.9281518777530953,
14.147415120253237,0.3635448244271846,
17.28624188174844,0.18654698601799646,
15.728083944614077,0.2641255205223543,
8.379165558493376,0.8180513747169003,
10.798759813715154,0.6276717347171097,
8.642825529965169,0.799352565050957,
12.755799342368189,0.46684653360462125,
12.280897116891218,0.504755802754737,
14.057639171272097,0.3697972947914525,
18.14809860308835,0.1519767779441149,
4.485142428006483,0.9848519819841064,
8.074777299402204,0.8386947475502037,
36.44135326066094,0.000506584763076301,
15.419856849230108,0.2818799271406658,
10.090578788911355,0.6865111717875951,
3.9389679850942567,0.9918234305924959,
9.845914495239462,0.7064833355814559,
16.195050601437167,0.23875749440198835,
12.321925696562085,0.5014391067011401,
15.751732839967048,0.2627965025363983,
12.83133302446075,0.4609228810375333,
13.315057952677964,0.42378084537750826,
9.66258964685733,0.7212653004947311,
7.446079542504348,0.8777250524969233,
19.290902463834897,0.11435667970787211,
14.75671627433389,0.3227857029321082,
12.513652953961355,0.4860397434127137,
17.980409426141975,0.15826472298094085,
7.07456693469499,0.8982680038696753,
15.275248966067942,0.2904861540503505,
9.194038673942188,0.7581358068594983,
6.154683981719177,0.9403415076190306,
28.37508616333764,0.008019674954975242,
2.814473671246243,0.9985247023953949,
14.260684927566746,0.35574485056678284,
8.703018749076834,0.794985010117633,
5.432565156434496,0.96439676435701,
12.38364802326906,0.49646334913221946,
21.678760517809735,0.06054343118919825,
12.284661960582307,0.5044511588887786,
18.240752194205687,0.1485903414215518,
17.485149870729,0.17806398624018627,
10.850169868348095,0.623367815527354,
16.410316186052004,0.22768087331112508,
8.360552973993398,0.8193436347912298,
20.29737440302089,0.08803932971544048,
14.343660293332158,0.3500946115528938,
16.883874928795965,0.20466717988528416,
10.956352364265344,0.6144742426358922,
9.55090813524407,0.730180806352457,
7.054842367342476,0.8993032145932758,
10.118355180364082,0.6842285850201932,
5.146506593988029,0.9718247205337153,
10.750132102032413,0.6317408348724916,
5.157952818546104,0.9715493424737144,
6.503854212203264,0.9258810669452023,
4.617258465059274,0.982681641129,
6.991637373944258,0.9025820060440548,
18.003705700799514,0.15737880978535757,
9.253934984478628,0.7535059084004188,
12.112782385869266,0.5184181026069141,
7.5077879012630415,0.8741249861462141,
14.9194085638972,0.3124109242948323,
7.740595193890876,0.8600796814467193,
6.789139066582024,0.9126884533710736,
17.60560257318722,0.17307661962050225,
10.251295518497551,0.6732672385327731,
25.88578308118562,0.017611086376431495,
11.74693332884126,0.5484965801740957,
8.015528592653137,0.8425871443180715,
10.301281370756774,0.6691314124821013,
15.877884128162124,0.25578699951811157,
22.011145294937872,0.055189328567175955,
19.029880978268693,0.12218010924033396,
8.277764767727191,0.8250453013091408,
5.620272059286848,0.9588886673434958,
6.884223850542414,0.9080188994387817,
19.55553578428389,0.10686050999143448,
8.411660879110732,0.8157862299020782,
13.338474570302857,0.4220199835691367,
8.628906433515036,0.8003574685750883,
19.47236486129675,0.10917023003107462,
16.539295814345365,0.22122935496678442,
5.669912812018032,0.9573458985858061,
27.17492505084115,0.011772380720455722,
10.799649933184895,0.6275972321699509,
10.94822637296254,0.6151549797910681,
11.222345287424734,0.592197065456789,
16.074978112960522,0.24510477629435323,
11.52564233587951,0.5668706636024914,
13.809377724587124,0.3874042949222589,
8.615134411400907,0.8013498643539811,
12.602515759415066,0.4789614841307295,
13.540502868379509,0.40698030398272045,
7.6615114927876995,0.8649317898246575,
9.27534203592286,0.7518447620072001,
8.276937273812587,0.8251019055531491,
4.493157819677992,0.9847260584912421,
11.292019668825828,0.586368627742984,
6.260574982520425,0.9361529151077645,
21.372163291224357,0.06588635824177691,
9.794754344094166,0.710625724412068,
9.093621192845571,0.7658365404704213,
15.238699393168075,0.29268925395318357,
6.719065626400049,0.9160429270824215,
12.887271223053355,0.45655645423164115,
8.08815252958651,0.8378102138869812,
9.197513185134174,0.7578679652810125,
22.00610777555055,0.05526721305567939,
15.6679911510456,0.2675239004365193,
11.157867749071388,0.5975943855927988,
9.134931248452835,0.762678107039296,
18.13011004869842,0.1526414579566978,
14.705904044844509,0.3260705683831526,
11.275093953192698,0.5877840703638572,
11.564830985305685,0.5636089631860568,
13.905447393076294,0.3805364297639888,
9.120743982904205,0.7637643395404271,
16.35820629679543,0.23032667123166672,
4.390059206112778,0.986290567605458,
13.91131998895169,0.380118820447058,
5.901359314746586,0.9496692799579418,
9.635782721399089,0.7234118281685817,
12.350228618088368,0.499155374566549,
4.287687162549314,0.9877284461329077,
20.371615370703807,0.0863236457124249,
20.346329071612825,0.0869047229026918,
16.32473969701001,0.232037841065313,
15.361636041069014,0.285323694122555,
15.670942917597026,0.2673562578768077,
9.958135298493474,0.6973541601416315,
7.240652194473181,0.8893273785364796,
9.916877348497847,0.7007170706386852,
8.068827619280643,0.8390875257809256,
24.37869588226504,0.027820064518855436,
7.078134320324762,0.8980801686622546,
20.64428876605667,0.08026869737313402,
13.400444377326005,0.4173775141064566,
15.912374090921707,0.25389401423359304,
17.843008095331324,0.1635718421380894,
11.644894485350445,0.5569551346648145,
10.950865793032998,0.6149338694797338,
15.980060071310946,0.2502082746230363,
18.09341202771347,0.15400476458758106,
17.892150895407156,0.16165753235769076,
8.175800916420478,0.83196144245959,
18.57266316540838,0.13696091353226214,
14.039365155739992,0.3710775339449752,
6.753950269605381,0.9143822055174643,
11.602087559071045,0.5605109606552422,
15.626278603136088,0.26990080450591347,
15.64414909922398,0.26888068824653144,
14.492457334307414,0.3400987423528119,
10.48680752560515,0.6537237556943067,
11.386657619908668,0.578460559752273,
26.763922084002434,0.013400302529333108,
11.78920017335846,0.5450006793794164,
15.988334534450036,0.24976035443962785,
8.765687164825113,0.7904008606219481,
9.503874130897971,0.7339133561850734,
11.728723162433445,0.5500042104901599,
4.100570864543957,0.9900737674914963,
9.500005498440043,0.7342197574318207,
11.109084661147739,0.601679635502129,
7.126643197388995,0.8955076078181976,
13.396405966618909,0.41767927339296373,
9.167044569184872,0.760213589712687,
16.779058069454006,0.20960213348029533,
11.196825434072727,0.5943329374203652,
12.0893920079232,0.5203276872336025,
8.21266474710676,0.8294747313215352,
9.903350478019588,0.701818004908783,
18.675345580686244,0.13351870396314103,
9.80765465246488,0.7095824033693237,
6.200538406591923,0.9385487191462005,
8.128082286556022,0.8351569186542459,
15.603967502016069,0.27117820018442673,
7.530392685884212,0.8727931678390607,
15.85136027678274,0.25724960358892424,
9.6674921587673,0.7208723050014878,
19.332417094969927,0.11315213781208122,
6.249344178603792,0.9366052749055529,
8.387089147930803,0.8175001002840375,
14.022361359926016,0.3722710610330999,
10.433501855781971,0.6581590483882559,
6.719044519289333,0.9160439263578164,
14.90130396328958,0.31355463415271234,
7.084200565504404,0.8977603334409169,
5.418493942070313,0.9647891475414643,
15.058302708058287,0.303727218153899,
13.3297937698707,0.42267233464222476,
10.079941451702577,0.6873845674996955,
14.735874699392824,0.3241304938939862,
10.169152365168857,0.6800471293025074,
14.544954038524027,0.3366143775426107,
8.989162451633383,0.7737615574419558,
11.924387590559654,0.5338536474691855,
5.998692711685699,0.9462005242545697,
9.622924885360629,0.7244399627673499,
10.012860211298644,0.6928824055151983,
24.53841273767709,0.026523695204969444,
22.449276306796964,0.04877969451054598,
11.086823903163335,0.6035441728637156,
10.413284877379313,0.6598395562276337,
21.723910930072197,0.0597900071246148,
9.22807030057243,0.7555084837653658,
5.828052825407724,0.9521874248811685,
10.218592271553312,0.6759690540619286,
14.58152869424897,0.3341999335681358,
7.812583701451281,0.855592023540491,
12.086926070402251,0.5205291237313907,
7.798479942248124,0.8564764960225517,
9.385208160723096,0.743268198623797,
10.065040649341357,0.6886073079290327,
15.196648983093215,0.29523781621000933,
11.780597624171508,0.5457118055152694,
18.347588980947613,0.14476207177581046,
8.278479244095863,0.8249964217688409,
20.554340102165437,0.08222390220696418,
9.074734382977503,0.7672760369865114,
10.874951652148177,0.6212925688721799,
17.36691882817638,0.18306891547170923,
17.138884783366684,0.19303261394267102,
13.980205630938201,0.3752394768226419,
13.985740017190091,0.3748490061824741,
9.432868102429284,0.7395220163365469,
9.787302763196745,0.7112279994263686,
9.327107779021713,0.7478142443978898,
18.64814885735457,0.13442338034305124,
9.272757199662385,0.7520455168816748,
13.262082356028964,0.4277776624598645,
16.79478097752765,0.20885615589069306,
14.772906040651572,0.32174352580929266,
12.142668094202685,0.5159812295722345,
20.939104430377036,0.07414183148652898,
15.80764346523176,0.25967326142368763,
10.08136412759766,0.6872677808462335,
10.268976134023237,0.6718051805935665,
11.098101822735817,0.6025995234376265,
4.820756626775278,0.9789297342845444,
6.272694927498238,0.9356625800793573,
12.08726536254622,0.5205014064470526,
6.871689596074225,0.9086421771439043,
8.9902268086561,0.7736812635180166,
15.362641436913652,0.28526398222505034,
5.075864535975702,0.9734848772804179,
8.83671842440259,0.7851605831892338,
7.3574818044618056,0.882801679483012,
9.911611966386442,0.7011457104858705,
14.377367654045079,0.34781479985690456,
17.65701880691492,0.17098172829104485,
13.297862938597179,0.425076146732024,
11.269539005116911,0.5882486771866219,
16.67314488247954,0.21468000581685975,
15.117230641463783,0.3000916123479175,
4.70135061743912,0.981192695713688,
12.780543603244,0.46490254186312663,
6.746599162472928,0.9147336872310465,
24.812865034984405,0.024425363619974605,
16.148432296082174,0.2412074349010126,
11.997484253500833,0.5278501583509121,
10.491580777477287,0.6533263061381976,
11.38424689042873,0.5786618585020586,
12.86783179595677,0.458071853904641,
8.660976074519521,0.7980393013576583,
8.546459153012146,0.8062701094930127,
19.031431206598548,0.12213235384280097,
17.431785848321514,0.18030947320702562,
27.833130474362516,0.0095472716755991,
6.775178702921531,0.9133626381015219,
11.661211809207845,0.555600804741836,
9.682276870205111,0.7196863298893299,
14.348372811727923,0.3497753379492772,
8.927065142511664,0.7784293972682086,
12.586333002307809,0.48024758257911837,
7.035378237603851,0.9003191754200651,
7.387962485009893,0.8810674900158628,
6.112588557184831,0.9419590949323482,
9.284961084424507,0.7510972620590397,
12.789865502270876,0.46417104869901693,
9.451080706956716,0.7380865133103098,
8.11737021774529,0.8358705784271939,
28.368810371868662,0.008035958697545031,
8.923428016521322,0.7787017692700209,
5.870464731660686,0.9507403912250301,
8.67041449448575,0.7973551192159456,
20.10861213144023,0.09253493045157535,
12.99318845276426,0.44833795729729575,
8.017826527027808,0.8424369709006234,
12.975894494481125,0.4496753805713356,
7.721423108809219,0.8612635032338183,
13.062837258885732,0.4429697426766781,
11.950106712567047,0.5317393114660192,
8.343193826617608,0.8205454532441778,
16.498835539550925,0.22323828695541892,
16.326731674596914,0.2319357278985521,
14.425510338200056,0.34457427772813753,
12.324441267490393,0.5012359866140691,
10.667495596315632,0.6386502257664862,
8.598853827602044,0.8025205857112359,
20.370225004558215,0.08635550853193064,
7.4287831011433365,0.878724708868181,
14.56971612811418,0.33497854846104214,
6.2340188172060405,0.9372194486094741,
11.107572823873507,0.6018062593953273,
23.018274405041556,0.04145750283986693,
7.283574589117808,0.8869523600086223,
13.395713854835718,0.41773100051454226,
13.839272300518548,0.3852598974632422,
10.353126668937838,0.6648343289611848,
10.707948174897469,0.6352688819203253,
11.794524419708212,0.544560655216965,
14.155444746804651,0.3629886145124902,
9.792992672086436,0.7107681367810061,
15.05736813344841,0.30378511116484264,
9.801996493519976,0.7100401120606366,
19.979412856503753,0.0957247824460451,
10.520858247486446,0.6508874995444638,
8.14360604111697,0.8341202966643129,
19.607364872804,0.1054422705086463,
10.166140069241152,0.6802953392720996,
10.792690930056095,0.6281796805821774,
11.799409829668127,0.5441569682423962,
5.306281792083498,0.9678173669179087,
18.234777872551078,0.1488068313609192,
10.299510712995776,0.6692780395646737,
12.20896386612881,0.5105878223932441,
4.4781495696982665,0.9849612441945692,
9.740730684278624,0.7149858250892361,
11.515913074270138,0.5676808970625321,
16.520002271857063,0.2221856235706784,
24.075217535600615,0.030445182251010894,
19.723831174601358,0.10231364705714396,
6.599132641563645,0.9216122156396381,
9.821520533124268,0.7084600786414135,
7.743577870338027,0.859895078726863,
10.600259753759975,0.6442654797206129,
11.059125837106683,0.6058643555554313,
11.392241552692042,0.5779943265180003,
6.948868809585143,0.9047672757644302,
16.304975091923666,0.23305281651198007,
7.389364047087676,0.8809874361378648,
10.776797010586856,0.6295098075047361,
15.128994601783003,0.29936930263650874,
15.110857700089282,0.3004833959719969,
17.843595240889936,0.1635488636566521,
9.51326686123749,0.7331690506320929,
5.706526911602414,0.9561846534547663,
10.798977408988968,0.6276535221602553,
4.575858330436028,0.9833836532762491,
9.86467693513924,0.7049610104942396,
11.28613757875448,0.5868604936002983,
10.434005183471175,0.658117198070817,
20.87247172097218,0.075489578358787,
12.842087897054071,0.4600820085868069,
7.35083915765497,0.8831778832227253,
5.967785187812339,0.9473175321650809,
10.698652467094707,0.6360460648264215,
11.299556044439596,0.5857384837552926,
17.914557198809078,0.16079070774953053,
13.36984922287834,0.4196663644728307,
10.01011503607404,0.6931070165568318,
14.024957968927586,0.3720886586016021,
13.003804806571095,0.44751782216868263,
16.68860761978968,0.21393292176039846,
25.5949185849765,0.019258575106742226,
15.692787936744697,0.2661178843328884,
14.257304254884874,0.3559762042046106,
14.6832961242006,0.327538892659231,
13.117029170294506,0.4388132055715892,
12.971904713027554,0.4499841797234382,
11.852785167604452,0.539750934632562,
6.98571102323163,0.9028864258837829,
17.746003075898514,0.16740386267257867,
10.986181432582502,0.6119752988880658,
8.274842113721478,0.8252451893171329,
16.537439359960995,0.22132123443784124,
8.883644302393575,0.7816734687846254,
6.836376279785153,0.9103855616668691,
10.63856702981958,0.641067010773115,
15.483216993837155,0.2781646842081329,
14.466443167062447,0.3418335809870079,
15.065802845984267,0.303262879839969,
19.118511521127406,0.11947479033159925,
16.03650880627175,0.2471640161825891,
15.814083307279189,0.25931522175143074,
13.427902328785382,0.4153286922665609,
11.779568277552501,0.5457969096420835,
17.6183943416069,0.1725535411407727,
11.163986776977922,0.5970820495112352,
6.252831107524797,0.9364650329475279,
10.397849610301188,0.6611219487241756,
10.461584259058089,0.6558232146965253,
10.54441790309803,0.6489237997028773,
7.345776555379232,0.8834641856116974,
10.756966770795335,0.6311690475644135,
11.017613555756139,0.6093420096765826,
17.270274424041077,0.18724144260118036,
12.738552660603327,0.46820345212001446,
7.4647522647297535,0.8766412122741861,
13.857654442254654,0.3839445675831592,
12.788430797415641,0.46428359955564025,
11.641123665389596,0.5572681984703002,
9.591868623277934,0.7269193570883197,
11.772643517370927,0.5463695088392744,
5.595278530608076,0.9596517106151355,
11.385550256587049,0.5785530248732493,
12.749381279042707,0.46735130064615704,
18.462685663361903,0.1407284586703157,
7.623026219447993,0.8672631213545847,
9.642273697555378,0.722892442400094,
6.204198282571713,0.9384042446067621,
23.31427231722516,0.03805589762799,
10.245453970836497,0.6737500856596892,
20.582185941670158,0.08161423646309363,
17.365559095362,0.18312711105488966,
17.16791293816202,0.19174134116163954,
8.667281417453594,0.7975823294252132,
11.122241168318979,0.6005777536470573,
7.703288605240741,0.8623788322453635,
9.56340247017477,0.7291870127544302,
14.163955225153693,0.36239963929224905,
10.856563247780521,0.6228324603531412,
18.890448427618296,0.12653968261600346,
10.69321410791835,0.6365007008045225,
5.594091862318545,0.9596877112828915,
4.898846309012757,0.9773528239814658,
9.328177851625892,0.7477307278750689,
5.527932246657978,0.9616622746569037,
18.124917357725362,0.15283376660091552,
10.124836129202482,0.6836955975907737,
11.975322904614966,0.5296684179992933,
3.2060744601655635,0.9970833232125762,
6.03880911424546,0.9447290996957597,
10.199477775046567,0.6775466657796289,
6.439921535501492,0.9286679941073563,
8.826272670879804,0.7859341160072305,
13.077847356347188,0.4418166651766622,
15.037543261476277,0.30501489657047776,
8.187303011335672,0.8311872351455108,
14.32514489602607,0.3513507292657496,
6.108879127906259,0.9421003412717965,
8.20328646477243,0.8301088460615474,
13.301147542631858,0.4248285682546513,
9.46584009609769,0.7369216160217402,
15.027573802610897,0.3056345651935969,
6.531188440581909,0.9246705134102305,
13.133445208282904,0.4375576552127455,
18.167458084031374,0.15126406791718305,
6.412672923074255,0.9298368517229968,
9.56310211680804,0.7292109137009176,
8.547366907611417,0.8062053853196454,
12.113082066357448,0.5183936499920927,
2.045347387008278,0.9997432607818112,
18.21305079162998,0.1495963158285467,
7.586380272515187,0.8694646411026371,
7.558706139798398,0.8711152028941538,
7.4256525172077765,0.878905199615296,
19.480301545067675,0.10894801049083858,
12.70142995931984,0.4711295636245235,
10.648056278355401,0.6402743746870702,
12.402245922720688,0.4949674053477229,
9.170228649458391,0.7599687952395748,
8.356069041906384,0.8196543856250806,
11.86686534061634,0.5385900322804604,
11.10501987060735,0.6020200840300861,
8.39736142456094,0.8167844055114917,
18.276335730556582,0.1473062186738563,
4.519201630033496,0.9843118343080026,
21.78476849443574,0.058787676288407975,
11.64016442885208,0.5573478421098446,
19.618666911022533,0.10513513910419037,
9.216291816654667,0.7564187924759851,
13.275565188342382,0.42675870395754945,
7.037763290482042,0.9001949823161646,
11.017436499573392,0.6093568428392213,
19.437202975768678,0.11015935478630345,
7.32461523709917,0.8846570054686909,
17.201706618049506,0.190246540355397,
8.441173568863192,0.8137191534770949,
10.089848617222954,0.6865711371550185,
14.543003850717374,0.33674342067963126,
6.874777174497005,0.9084888617020768,
10.8398956808174,0.6242280835995844,
20.793439767278777,0.07711589158478593,
13.694020513385983,0.395739997187596,
16.272846990498927,0.23470967314938707,
17.14322867482566,0.19283895474721513,
16.23934527351929,0.23644657687078163,
7.151641590607332,0.8941685311479455,
14.47031511591799,0.34157502421679575,
21.309602512953322,0.06702646437196058,
5.616093244759838,0.959016883579248,
16.043816951575973,0.24677185564221127,
8.222854380156015,0.8287846121872056,
13.237366657891643,0.4296485803757122,
23.210849152741602,0.03921448916489689,
8.64764772671774,0.7990039757442862,
9.922474374902443,0.7002612974222154,
16.948808681410938,0.20165482957168201,
16.6785728433031,0.21441752915247048,
6.473893721155212,0.9271948529330607,
19.280470964040102,0.11466104268234834,
6.369268462602921,0.931675317993573,
9.135188941648423,0.76265836244677,
8.60222184814593,0.802278612053005,
10.47941200571168,0.654339459167149,
8.199428748241585,0.8303693926033371,
7.23257423507456,0.8897714175054303,
9.014194697120292,0.7718706322719935,
12.184108041411582,0.5126079089745903,
6.869249831197342,0.9087632245156158,
8.775196542877392,0.789702019504533,
10.413420806443016,0.6598282604724438,
15.38971921506031,0.2836590009370803,
8.231928506233361,0.8281690430547335,
13.004913189596483,0.44743223592095394,
13.982758883864557,0.3750593071043913,
27.236605836376555,0.011544756023050384,
14.431630599866358,0.34416363941910266,
6.546752324852772,0.9239761518496783,
11.322949818799797,0.5837828523407379,
9.830020039947057,0.7077716536021118,
11.677823734499297,0.5542226665762129,
14.011907776275619,0.3730059038882275,
12.770341261475638,0.46570366823964127,
18.11908708409439,0.1530499218203688,
5.948216477817197,0.9480172735682496,
9.183682418769457,0.7589336024382702,
7.461741314288366,0.8768163052157965,
5.821517583498456,0.9524079970751949,
5.1683664451634135,0.9712972514008913,
11.980013425237532,0.5292834394462917,
12.048404944783806,0.5236786937031974,
8.490481028878278,0.810245020014372,
12.149824935306153,0.5153981678953414,
6.950214810143185,0.9046989135806253,
14.118287545584037,0.3655666507032934,
13.84786031006659,0.3846450749572924,
3.0837968403786586,0.9976150083981096,
11.26452768733805,0.5886678421546526,
13.642038466316933,0.3995274355424493,
6.6428899110184165,0.9196055052563896,
19.5559393092598,0.10684940573097923,
9.845094026505132,0.7065498678491211,
10.52599978596529,0.6504590397446411,
16.159310484632332,0.2406341176952812,
9.91476072137942,0.7008893941105704,
9.668146209274228,0.7208198649085837,
11.62077560368007,0.5589581068496621,
12.039522574391393,0.5244056910394953,
4.863041532344338,0.9780855098130684,
9.455364799095253,0.7377485321274708,
14.520134448413904,0.3382589660876564,
9.70180425441508,0.7181180877105622,
6.839530875142448,0.9102305800138467,
7.691717638157049,0.8630882268109143,
21.371280079949077,0.06590233383830635,
16.983914404295646,0.20004045948022897,
9.713796289583039,0.717153990425802,
13.829542728114268,0.3859571000299128,
20.495578602003103,0.0835234593555294,
21.588843347700642,0.062069048436624974,
8.18199047583933,0.8315450131188225,
10.950334068256101,0.614978413399152,
9.702118019427532,0.7180928724527926,
26.400469871323025,0.01501361610908658,
9.501916524357767,0.7340684131129744,
4.660799720779453,0.9819213314135979,
14.737808919276452,0.3240055395971393,
17.19220077538473,0.19066609500573495,
11.486191075188696,0.5701571661698434,
12.823155272065101,0.46156269292437035,
11.400469764802104,0.5773073897228125,
19.3547785923711,0.11250777162883385,
12.544746666825557,0.48355858335181956,
25.036518653303098,0.022829999087303654,
11.5403203479847,0.5656486492180399,
20.343147157892602,0.08697808247659977,
9.51663928557827,0.7329016770173565,
9.68440874094927,0.7195152202595458,
10.912907801090878,0.6181135371947272,
15.574981074031665,0.2728440736608797,
15.296090011800699,0.2892349485364718,
16.73058066963308,0.21191489651789575,
11.575959418982796,0.5626832953140876,
11.273339002533243,0.5879308482101101,
15.181556910820433,0.29615612622781273,
7.4731174978511286,0.8761541015785085,
8.343425072309449,0.820529465266642,
7.90617538179276,0.8496585653120711,
17.87537561145781,0.16230896530658012,
15.87966624869322,0.25568894131649267,
17.615646238035946,0.1726658101321994,
11.263733431004756,0.5887342789386425,
10.41208509794748,0.6599392564626967,
15.757166021598907,0.26249183769610007,
13.593432524659342,0.4030861839736204,
17.569418733305778,0.1745630524050661,
17.240568758527772,0.1885387669187557,
16.91172491053544,0.20337099810504522,
10.805006518649572,0.6271488757982547,
7.930340866130673,0.8481086222402283,
11.866758472421985,0.5385988412661029,
9.689340890970385,0.7191192578419916,
8.431674157414236,0.814385510792742,
5.851230741461474,0.951399976079124,
15.582846057933095,0.2723913640297314,
17.539654326901896,0.17579333652954965,
14.353726403512486,0.34941284450863064,
20.90503422335453,0.07482829448816108,
9.638830616596978,0.7231679756343827,
8.503972923967172,0.809289953408427,
8.768282557133398,0.7902102099167888,
12.916365344576958,0.4542924552958685,
5.721205631806757,0.9557135253189569,
13.522066217010138,0.40834128173683626,
7.555324602522326,0.871316177592369,
11.549221331757757,0.5649078037478378,
14.042806067924795,0.37083627693686316,
9.991646413081185,0.694617327850791,
5.995242923865507,0.9463259184392067,
19.174501228110216,0.11779181820321427,
9.028821383904093,0.7707633177099402,
16.872754667580455,0.2051864951042185,
14.00744945925728,0.373319556135965,
22.293047628210466,0.050984249257123526,
11.035163547268445,0.6078717451250208,
9.788459900481467,0.7111344918379396,
8.278035708233586,0.8250267661061116,
13.438750052317022,0.4145206687576273,
10.707991962178099,0.6352652207771996,
4.005336276765559,0.9911344908644377,
13.823198620115349,0.38641208071363875,
13.555623910785377,0.40586583665571474,
15.468689958267918,0.2790135084043557,
14.480733416913685,0.3408799183515303,
17.461111896538494,0.17907272906849403,
13.97428119610272,0.375657722105587,
10.50550408600064,0.6521667070481207,
21.65291892812527,0.06097843540275194,
16.211237890742673,0.2379110707386336,
15.901477204245998,0.2544910046722496,
14.30242085718899,0.35289606144651575,
17.747889079188027,0.16732868175762894,
17.153487614126345,0.1923821891368902,
9.19380694628724,0.758153666929618,
15.780648551995897,0.2611779308931905,
23.692303627418166,0.034081202587673554,
27.451750604219836,0.010782801644217077,
7.048122517082972,0.8996545950017358,
16.081206932565063,0.2447725241624651,
17.84120811089012,0.16364230230898025,
13.8739707590481,0.38277914357719534,
19.131630557233695,0.11907865096987058,
3.6459978153910693,0.9944072916446712,
19.5122816469292,0.10805648008088031,
11.81734571025038,0.5426754816956414,
11.752923429472116,0.5480008460176361,
11.94141694034034,0.5324534473837383,
5.742516571890281,0.9550238307060136,
14.853120328007725,0.3166117211078129,
13.904482720320367,0.3806050536405512,
12.721563124304524,0.4695417015868253,
7.591662300990492,0.8691484330000943,
10.809003949796693,0.626814269068803,
7.165972774614994,0.893396782382864,
18.674675196958237,0.1335409430393163,
15.617049091882974,0.27042871847832095,
15.240049227243784,0.29260769021459443,
19.499391298354098,0.10841508557999235,
13.839779817057071,0.3852235488732074,
16.383107882323642,0.22905950602939407,
30.423117701792375,0.004091047277451909,
11.58344109091197,0.562061110398961,
18.95290144098285,0.12457121104436986,
14.663990594324915,0.3287960361129767,
8.864877947742997,0.783070386867974,
8.704635183758935,0.7948672391928342,
12.463625588028485,0.4900415065503403,
7.635812736199628,0.8664907369167494,
18.246921971720067,0.14836703807906226,
13.834458796518733,0.3856047371084239,
3.9379349631086935,0.9918338360581005,
6.6149365136200435,0.9208907994801843,
6.92828838720358,0.9058091954783438,
13.371157882084454,0.41956833495194124,
19.137080606045068,0.11891440694450217,
3.8661560992580273,0.9925335410996314,
19.564490196080985,0.10661433150698896,
15.241430971800963,0.29252421414623986,
9.616834698958703,0.7249266151057869,
20.54438550168629,0.0824428109075499,
24.699131515278104,0.025275592273627856,
13.983211664210213,0.37502736188185837,
8.164803400125251,0.8327002497118737,
12.731316911465154,0.4687732162217805,
11.414670629401066,0.5761220573766503,
14.624274979281802,0.33139179090208315,
12.042720598409598,0.5241439094286556,
21.64136246921607,0.06117386780108758,
17.238455487989675,0.18863132525089377,
8.38097139321751,0.8179257958844873,
12.913391537648465,0.45452364308482207,
10.331213093642205,0.6666514710564058,
15.010935845532506,0.3066705703453878,
20.959372052272727,0.07373609440205242,
11.073872503045662,0.6046290457671981,
24.468199560426733,0.0270865814078316,
13.53050002548751,0.40771841401833375,
10.161106313991537,0.680710046844451,
21.26941879871535,0.06776792780236518,
16.03244592316916,0.2473822282827669,
12.087514802905403,0.520481029559605,
16.58659035267631,0.21889828235391595,
14.623339719856228,0.3314530725960676,
18.689562024493135,0.13304781350736938,
15.418930420735913,0.2819345015214203,
7.931489861715192,0.84803474583155,
8.148081978767191,0.8338208837556452,
3.3396601867217806,0.9964048357983202,
15.463021233909746,0.27934521932448475,
9.992882508231798,0.6945162871444218,
14.394425764984,0.3466644980069751,
10.355111700043572,0.664669661856104,
5.015421069238929,0.9748520929284958,
8.579968427927387,0.8038752856728097,
10.619665955640134,0.6426454317482332,
12.423743101444865,0.4932402143878367,
22.05225819704271,0.054557344296180754,
7.039496327242502,0.9001046882966153,
14.22227248261729,0.35837882953790334,
6.873233441774145,0.9085655343816919,
11.101575523278532,0.602308572163741,
21.648632078894433,0.06105086592982767,
10.820619084684555,0.6258419529518678,
10.084104947448752,0.6870427671768533,
3.8961370887564213,0.9922468334646876,
11.792456849590437,0.5447315209126669,
9.126575707257365,0.763318031272709,
6.1642459180203275,0.9399703084035637,
14.474187665643473,0.34131654736807415,
12.610809927315499,0.4783028305424849,
10.932209371966275,0.6164967287760652,
25.42955854217539,0.02025801549996631,
8.049473448943614,0.8403622858564685,
14.6422214358877,0.33021724818543474,
6.088576267868642,0.9428697140882758,
22.440500589081804,0.04890122036258038,
23.038476498786316,0.041216854789941415,
9.784121267659655,0.7114850596522173,
11.804772610896064,0.5437139124635307,
10.498540421826178,0.6527467221870684,
7.907354231743254,0.8495831246570006,
6.179105988781508,0.9393906645805942,
9.013655943445217,0.7719113847066933,
8.724200299895031,0.7934397694482178,
21.220692105800165,0.06867672627257604,
6.095962867779413,0.9425905267307592,
3.958529870638869,0.9916245617280651,
12.58394316125874,0.48043762278446633,
11.74665992826903,0.5485192087637953,
4.0809298412218284,0.9902996453106288,
11.978663745761427,0.5293942080070189,
5.587624607107148,0.9598835496666104,
25.15179546626436,0.022045907503529083,
20.315733869067643,0.087612324738919,
12.823893245055235,0.4615049400220599,
10.782773666240809,0.6290096592568961,
16.419337685607054,0.22722512021281138,
9.979851762056459,0.6955811263451679,
4.715652621323765,0.980930937664867,
8.71499584881375,0.7941117818451175,
14.435221393657947,0.34392285450900906,
8.510334036174045,0.8088390046903654,
9.281265408140127,0.7513845332795138,
12.27895247232423,0.5049131830679032,
8.526726934186135,0.8076749553138071,
10.060793211147011,0.6889556928566308,
9.678166595063068,0.7200161614335358,
8.089891757518936,0.8376950380533988,
6.659835937651908,0.9188205646300367,
9.314994077824084,0.7487591287035711,
12.439456684982884,0.4919790500501071,
12.577299743387734,0.4809660575734186,
11.207766939549586,0.5934171311103578,
9.281671932969777,0.7513529382182718,
12.833421753426121,0.4607595226293678,
4.749224743099681,0.9803066284154486,
13.968215504044641,0.3760862129600884,
30.279282013311672,0.004292084272756402,
15.823377234240025,0.25879912026464713,
14.44012046235554,0.34359450758479126,
18.947200092420108,0.1247498470586077,
10.127480260644605,0.6834781036382936,
9.450736017535132,0.7381137014435106,
18.944603005812137,0.12483129043666974,
3.9179693540265315,0.9920330599769752,
14.967622941187479,0.3093783675494185,
6.451612217889418,0.9281630361839474,
16.82162729811964,0.2075870947301458,
34.307624177019804,0.001080586377628312,
10.972851434428783,0.6130920373809794,
6.3881346828164585,0.9308797440300752,
11.006144105131897,0.6103028844826596,
11.756153261623252,0.547733588074501,
10.219170233732523,0.67592133393821,
7.661663886505189,0.8649225191086225,
17.10164637106582,0.19469896445802326,
9.805145700809192,0.7097853809081344,
10.654372796913309,0.6397466873261268,
9.23271616073079,0.7551491414365863,
11.009694905559417,0.6100054088995888,
5.715706498770685,0.9558904002177654,
11.646016502720343,0.556861988010322,
7.215191578015815,0.8907237621133594,
14.35970780756583,0.34900810977031804,
15.686455675718449,0.26647643861017956,
10.295575836581992,0.6696038526221635,
13.731318949784537,0.3930343049303887,
24.66464990535773,0.025538710803094666,
11.690060666506504,0.5532079052687315,
13.024202111196152,0.44594397246040407,
15.897867604695062,0.25468897931650336,
11.345347669246566,0.5819110870456141,
12.771792358944483,0.46558968796305733,
17.7605544270037,0.1668245065353826,
6.201290789621386,0.9385190353328249,
11.27949612156361,0.5874159024914242,
18.605104244609223,0.13586557149830558,
14.90819488110768,0.31311899875924354,
12.564100951096659,0.4820165764952924,
9.490016340841068,0.735010479739692,
9.842922245786681,0.7067259632995928,
12.24164015157515,0.5079359368794562,
9.693290729105842,0.7188020620115979,
25.29107340945447,0.021131874899623093,
12.961869824982827,0.45076126879982814,
10.879520817347355,0.6209099092295481,
9.336344224884385,0.7470930992206133,
9.292452678736629,0.7505146269964227,
12.8587989176662,0.4587767405673019,
13.129088711046972,0.43789069113814305,
25.923827158933605,0.0174055875062461,
10.69417564476031,0.6364203208052998,
13.21832922013677,0.43109233633971134,
11.272136001169736,0.5880314647808949,
21.093728199938703,0.07109536196854427,
10.778296280609592,0.6293843460205356,
7.801193709382635,0.8563065091269642,
6.731945686179511,0.9154318928042527,
15.587590312870612,0.2721185370360345,
7.614953989084897,0.8677496093610474,
9.467240421659906,0.7368110215133787,
11.635549687890736,0.5577310248480762,
16.676490935371056,0.21451817406938434,
15.168628808871066,0.29694428414930196,
18.310996019607877,0.1460641280830789,
30.036292349215397,0.004653320678315143,
5.494977829013241,0.9626220459387334,
22.060828846665853,0.05442641470415932,
13.388180214764773,0.41829425744391546,
14.459497074712088,0.34229772018399596,
13.025021584291162,0.4458807941384624,
14.661294670071877,0.32897183180885003,
22.450087328104797,0.04876847723428801,
13.35581192662079,0.420718589692894,
6.154282932201835,0.9403570460912487,
16.261797703718234,0.2352814862006487,
13.93075793966296,0.3787383891489309,
15.193537118779519,0.2954270079594792,
13.804346128965213,0.387765864365452,
12.019818134590015,0.526019437043773,
3.268003077598973,0.9967820644253716,
12.079966177418678,0.5210977809690046,
9.20947933662876,0.7569448270731148,
8.814646036304271,0.7867939263466384,
7.87072544232102,0.8519190368936467,
11.345537076627044,0.5818952611298596,
9.949889400516758,0.6980268689433096,
5.405862617012716,0.9651389651343815,
8.600698453768466,0.8023880735989505,
4.728773579873212,0.9806885910838353,
8.979124134546463,0.7745183661803894,
5.526099868529312,0.9617160549769939,
9.710795360668905,0.7173953216360379,
14.993797396267219,0.3077401504093241,
5.920484134676173,0.9489990151570977,
7.065222904490532,0.8987591184777265,
8.74236900120775,0.7921109152058188,
12.243184525840517,0.5078107091284254,
13.490695002886188,0.4106624554453706,
15.014538339566604,0.3064460561850679,
11.210092791504845,0.5932224686195913,
14.832160150737291,0.3179475581047937,
9.726517668964867,0.7161304208172019,
9.507164571139585,0.7336526751449828,
10.55288274053508,0.6482180076788892,
13.423799896851769,0.41563448028868466,
15.461805615540218,0.2794163877664283,
9.47581015311111,0.7361339310369653,
19.6529652480406,0.10420774286253243,
8.35836761496402,0.8194951146675032,
11.269239313082142,0.5882737438240601,
12.169234936479663,0.5138178485979801,
15.984530667279236,0.24996619680781673,
15.396102770977905,0.2832815293609703,
8.188575352592112,0.8311014995590812,
14.70385411318232,0.3262035339076177,
17.04483404751287,0.19726261952891533,
16.917064346567997,0.20312321176338188,
4.619292119899538,0.9826466340325491,
11.679768695476952,0.5540613542594758,
5.566275582711217,0.9605256855524082,
13.050200235228573,0.4439415808515206,
16.45427690907797,0.22546643678918576,
27.407007276112296,0.01093725265057921,
5.090265011128215,0.9731519262085953,
7.997150351722426,0.8437858751558702,
8.199120338361666,0.8303902149113376,
7.08273314932913,0.8978377503544273,
10.664356123083103,0.638912561866796,
5.899412047476701,0.9497372160982361,
14.97519206295943,0.308904042896171,
17.357058352106613,0.18349126559802376,
11.577214731346718,0.5625788938908016,
20.370642833031106,0.08634593214638553,
21.889835550782482,0.05709237597526329,
16.247401656628718,0.2360280327749611,
14.951449647167136,0.31039347429334707,
16.618882562733102,0.21731727716293703,
6.804339326122003,0.9119510643890639,
11.239690471877338,0.590745672989416,
19.834537636966537,0.0994135193955179,
6.321125043647246,0.9336808447456038,
15.717062437417091,0.2647465226818918,
9.10920341493271,0.7646467609584396,
4.511310486067725,0.9844381634459675,
12.784575424903487,0.4645861047779837,
13.167599412735832,0.43495080491265936,
12.04874027813177,0.5236512530899264,
8.037556211581222,0.8411449694763389,
5.6823908517474715,0.956952377156495,
18.943564524093333,0.12486386913558323,
15.04524212014446,0.3045369280846709,
19.52715814765445,0.10764387186586277,
6.325892953136892,0.9334838063706237,
16.47656297768762,0.22434996166018828,
7.959448793434552,0.8462320342520665,
13.661329103619956,0.3981196686251536,
23.954785655786907,0.03154851593470254,
10.985608517223056,0.6120232958987624,
8.289025822844193,0.8242742305597686,
7.947195124767554,0.8470233079832131,
9.690935786951814,0.7189911882566795,
18.3574747560189,0.14441194719070538,
7.2855245499952535,0.8868438408312326,
7.914881096699872,0.8491010321145418,
11.892869853715352,0.5364475503429658,
15.745980643734915,0.2631193282761175,
10.297542071571584,0.6694410511873792,
15.01681100816472,0.30630447484014534,
7.450282254402744,0.8774815298058247,
27.554685248211246,0.010435245941707527,
22.157483582438932,0.05296920474140543,
12.041681522445096,0.5242289614114146,
24.281305810157082,0.028638907575658568,
8.280181327084813,0.8248799538763043,
4.715521246117703,0.9809333535091984,
16.597979631917756,0.2183396873869301,
9.778440589696489,0.7119439237432013,
13.395739940368355,0.4177290508732632,
8.370893979231468,0.8186261317717191,
10.166432430983107,0.6802712503182637,
14.279819696542843,0.35443706400112873,
5.823792762111645,0.9523312797489873,
3.2207415397809207,0.9970139866241523,
13.710638824957615,0.3945332437181852,
12.632798520706576,0.4765583717731148,
19.34218838159169,0.11287018730947507,
6.2218130514665475,0.937706036093223,
15.680986413506904,0.26678640004686605,
7.957691336524681,0.8463456350718985,
15.055385523474849,0.3039079497448526,
9.791909573259085,0.7108556860818187,
10.45963232727275,0.6559856278297064,
9.03148937507384,0.7705611460139875,
16.549529597900595,0.2207233780598592,
6.562004806698286,0.9232921076238185,
10.817959503401612,0.6260645980042391,
20.050111041104024,0.09396777256507927,
8.591501778620154,0.8030483943849307,
8.275600475326083,0.825193332205155,
13.663680014880955,0.39794828733957643,
20.494703657837984,0.08354294355582437,
25.116346787660095,0.022284325284962936,
13.143685293405403,0.4367753079286649,
7.800494401856305,0.85635032190477,
28.15673501311263,0.008605000513679406,
13.577637536127394,0.4042462039046868,
18.987656307998215,0.1234868758588854,
21.87142488261396,0.05738625324458135,
9.025388292923493,0.771023379554275,
11.942034307100785,0.5324027033449672,
21.544487810991253,0.06283411588032206,
12.229933524978879,0.5088855033345261,
11.109348838588714,0.6016575094232512,
14.839483059557024,0.31748044153238464,
8.87150211863095,0.7825776597015531,
18.136433480751744,0.15240753790650896,
9.21437608099884,0.7565667536396778,
20.33293666005934,0.08721384954079714,
10.044386098225429,0.6903007914854075,
11.032939030113395,0.6080581039761008,
18.827929469753606,0.12853611679687216,
16.49447710747807,0.2234555020733292,
11.131175859164271,0.5998295016344606,
22.775977686451586,0.04444454445072876,
11.04141012704069,0.6073484417768116,
16.20519111615375,0.23822699556858162,
14.609805461000647,0.33234068245729664,
8.890246583099536,0.781181267597058,
9.501051890351215,0.734136890910421,
9.39009427505716,0.7428848359598729,
5.722692941765795,0.9556656100882628,
10.227532969750447,0.675230737336585,
14.210009689435303,0.3592221227602338,
9.678206718421809,0.7200129421569645,
6.476122404252466,0.9270975949006778,
17.749527737530975,0.1672633825254165,
24.57969958346789,0.02619775925989598,
7.882517454517884,0.851168872221944,
14.178900309727561,0.36136670596426923,
12.884739673095664,0.4567536793610196,
24.725289879939087,0.02507765735250056,
3.4585152176520766,0.9957070992437519,
6.593865606396009,0.9218518033284336,
8.424177966697203,0.814910667837826,
14.428635704395228,0.3443645443058353,
20.67800457398728,0.07954632966722386,
10.195273302189651,0.6778935235428559,
18.33982974135033,0.1450373667407674,
12.761397960117026,0.4664063962338941,
12.038844423344257,0.5244612073012929,
19.95561996973872,0.09632240126212899,
16.147200866354602,0.24127239808916756,
11.204297598348411,0.5937075058712342,
20.002945424240956,0.09513683687311258,
18.478110193765776,0.14019497507856582,
15.972631689988635,0.25061088626984773,
13.720125081968842,0.39384527837046357,
9.575455881417104,0.7282274056842889,
10.967555941034426,0.6135356698442174,
16.25441659002624,0.2356640371286829,
10.711035852933394,0.6350107095739516,
19.515032956550872,0.1079800699568223,
12.82390981813051,0.461503643067383,
14.302142122512057,0.3529150418253615,
24.836667206379715,0.024250804801314696,
10.093029206948344,0.6863099167352713,
12.22234672062083,0.5095011951142213,
9.692188600076806,0.7188905781282444,
20.035285253270438,0.09433391150442783,
7.97489543862641,0.845231934824008,
10.382887789426622,0.6623644595956055,
9.404341483281826,0.741766090370042,
14.747731577478913,0.32336499888154036,
6.106313678348821,0.9421979049498493,
11.468313169021574,0.5716474086030922,
11.396643612704791,0.5776268058975664,
12.044093397463127,0.5240315469169525,
18.84952831673158,0.12784345353840298,
7.987668888873709,0.8444026954813134,
21.7223449254055,0.05981599880217092,
13.311557560559933,0.4240443735559003,
16.001577854980837,0.24904465831169575,
6.791854773652043,0.9125569643832605,
16.827977790058558,0.20728775913387487,
7.740650224963034,0.8600762765328511,
16.850772466409087,0.20621602244320503,
12.365162137738643,0.497951824029379,
30.887013841755298,0.003502226538319664,
12.855338837696799,0.45904687223928786,
6.64921834022529,0.9193128808972814,
8.4929220825228,0.8100723629713708,
16.811618079418526,0.2080595555958793,
6.36388152110122,0.9319014832350532,
7.09225158872532,0.8973350245506846,
11.582736663611813,0.5621196864509553,
10.761103548154308,0.6308229438961901,
7.914021897011773,0.8491560993021091,
3.648334012818676,0.9943894523154867,
16.956550929738185,0.20129793823028785,
17.685039682406597,0.16984856516418267,
19.38008049929298,0.11178241560390834,
10.397439787130942,0.6611559899015849,
11.941707356540713,0.532429576668846,
15.362787241908563,0.28525532336549786,
7.712547370841098,0.8618099276624179,
14.092084388763409,0.36739105156870644,
12.78439895695995,0.4645999529833168,
16.371083852989464,0.22967072571864822,
16.739208721763287,0.2115018599090559,
7.383900753981028,0.8812993314750666,
6.648202372827043,0.9193598997480552,
13.205697297092113,0.43205158731796145,
11.207134684266933,0.5934700485282642,
15.627220555005348,0.2698469668283078,
12.54007083329148,0.4839313957713526,
15.341652224681164,0.28651232971696183,
9.384812114134572,0.7432992652358703,
15.839594091440677,0.25790033067195806,
13.789399076342635,0.3888410460029441,
15.505743184027308,0.2768519909777938,
9.964160221533326,0.6968624571040726,
9.736360233845804,0.7153378966962354,
10.764742105708262,0.6305185106646,
2.812673579165808,0.9985297066706532,
25.39210677351074,0.020490970188629,
10.404469732608327,0.6605720051662434,
12.526210687822227,0.48503711754152345,
16.383182827762322,0.2290557000973411,
15.847187365142801,0.2574802518620165,
9.896241223210481,0.7023962880918266,
8.71805395765308,0.7938886005818395,
5.583173029498108,0.9600179943515941,
10.511795620610101,0.6516425929111123,
11.634129930067564,0.5578489234683683,
14.329016653393928,0.3510878386748135,
26.65442425170379,0.01386837959628473,
9.430509684033774,0.7397077468537577,
8.15323057808767,0.8334761837399713,
5.294855643021171,0.9681157370769932,
26.961765879486123,0.012591936895847033,
5.061341160666685,0.973817847924605,
12.498660763927981,0.48723773662932246,
14.679308731041502,0.32779829597950116,
12.957813191458046,0.4510755770710879,
9.575827688161393,0.7281977913453328,
28.710138920530802,0.007194316166861725,
6.98912580097855,0.9027110816440294,
15.147568877774276,0.29823119711341883,
17.49511635994597,0.17764706330675328,
13.15675561369379,0.4357776783443509,
16.46242217177996,0.22505790107180346,
19.142445617438216,0.1187529113963115,
8.627084760649169,0.8004888442774674,
15.547811485138869,0.2744119848108215,
13.98884807155469,0.3746298229930123,
15.540636682517988,0.27482707256633243,
10.143664738569422,0.6821463067907264,
19.818491266860963,0.09982947278907206,
4.654432592353079,0.9820339321312563,
10.827261905772549,0.625285832388621,
11.579547286887621,0.5623849093267324,
11.784710671750672,0.5453717767406073,
10.021634207450797,0.6921643111827974,
23.711508684743777,0.033889774317342414,
9.631905567236778,0.7237219510708341,
8.57773498908007,0.8040352584330457,
5.686750682529462,0.9568143375890816,
7.701968785262185,0.8624598369042094,
12.060196845022036,0.5227139937645554,
16.406650915724363,0.22786623121374905,
14.75209641438682,0.32308348964717293,
18.178579966937168,0.15085585010932767,
12.9207441637093,0.4539521327948868,
3.9681983578917,0.9915249837944106,
10.285380543908973,0.670447831908763,
16.756976060423973,0.21065323579365047,
11.867367161520438,0.5385486683927252,
14.662486690030764,0.3288940953300654,
14.139448710742379,0.36409714648408065,
10.51405760370786,0.6514541404146941,
10.154433106795166,0.6812596882828511,
8.893631594464399,0.7809287647456968,
4.862526057074907,0.9780959382833279,
11.334448577195241,0.5828218357290469,
12.466214660579245,0.48983411119585185,
7.903012064237804,0.8498609162301753,
16.421317274407482,0.2271252049738609,
7.728295547208367,0.8608397015428876,
12.86945505931595,0.4579452303906002,
4.841575104783184,0.9785169270752062,
9.519791824253844,0.732651672885593,
14.595861253354222,0.333256731264054,
8.586649424593352,0.8033964505244772,
12.366499803242624,0.4978440646198007,
13.458537766003259,0.41304877374438953,
10.250173124657783,0.6733600207072696,
16.71344848146222,0.2127368484445491,
6.960222932853248,0.9041897691946105,
18.57151182248003,0.13699992090299662,
19.775734450535765,0.10094508661782775,
29.41840608818096,0.005707181892571023,
19.068162359454337,0.1210053978728809,
10.614683808696675,0.6430614009633637,
8.32505379805664,0.8217977894667743,
13.763465567604602,0.39071036986824115,
16.223099370048327,0.23729223740983207,
16.389922510482172,0.22871363235689302,
20.78616279874408,0.077267165825467,
11.414316472905677,0.5761516147992385,
11.990199122935998,0.5284476941951076,
11.665037505782799,0.5552833639092092,
12.139699567630293,0.5162231305525242,
7.495978061295961,0.8748180174536916,
21.872732994628564,0.057365328302316776,
13.435111717248102,0.4147915919902949,
12.076339816047,0.5213941425759294,
16.068354398592987,0.24545845113401565,
10.909477720984272,0.6184008478130925,
7.427776759915046,0.8787827433061974,
16.046240185013335,0.24664192252377137,
13.604891163582309,0.4022457281962243,
10.32894264655433,0.6668396707095496,
11.255249902164472,0.5894439348381839,
12.479967200295052,0.4887330065994784,
10.414929171918118,0.6597029118465831,
8.234596806758208,0.8279878523665474,
11.797093491376163,0.5443483616014555,
6.748001474300481,0.9146667006604183,
11.791820620641074,0.5447841017862354,
12.835907732299722,0.46056512727866517,
11.264581105609027,0.5886633739240125,
12.468989707992515,0.4896118535500671,
18.254880406080463,0.14807940149329835,
6.811029094389024,0.911625435075738,
24.260836969704105,0.02881380053797067,
13.492462422814775,0.4105315036466797,
11.563634879714577,0.5637084708168901,
4.928178604833568,0.9767402836087014,
8.100524776306127,0.8369901112035261,
9.928116244648551,0.6998017323542775,
8.596264696422907,0.8027065231424519,
12.71134354228844,0.4703474304176005,
6.127819033446805,0.9413769567305438,
2.544890839884606,0.9991405973258536,
12.857208483384309,0.4589008988728258,
16.753573244132095,0.2108155647315152,
15.633010065753972,0.2695162296460636,
7.984289463579533,0.8446222791422404,
14.118254062520014,0.3655689786096532,
21.165572518682144,0.06971769371758241,
10.205925243324064,0.6770146558225334,
6.774543957657024,0.9133932221415134,
12.785669636900744,0.4645002410221787,
7.4537522865854,0.8772802777776576,
17.340994960180623,0.18418093785454692,
19.05362601583558,0.12145034486007189,
12.58274336426299,0.48053304144412123,
13.83158151965002,0.3858109465833198,
13.330057630619258,0.4226524985425333,
17.0489810449424,0.19707460940592436,
16.138719796171028,0.24172015719405704,
10.757055620064984,0.6311616141551286,
21.21132711647493,0.06885261797380604,
11.937664885395888,0.5327618715071625,
11.922019476133311,0.5340484339305696,
13.662470470000393,0.39803645818345823,
17.139148357605166,0.1930208589919079,
11.783298287524705,0.5454885343820117,
8.415859064710933,0.8154927569530228,
10.714995781564694,0.6346795893598947,
12.825571748787548,0.4613735935724621,
13.105111862514438,0.43972572205116434,
15.720880878523975,0.26453125786069964,
26.825063773616726,0.013145426707710794,
9.989528595818733,0.6947904275024069,
11.190735999149608,0.594842662861086,
7.524174023773816,0.8731602507319675,
14.742642850055603,0.32369339244482886,
12.51502824600448,0.48592990106474,
9.576843465627958,0.7281168806829568,
12.95227427200874,0.4515048885118532,
7.730641768100372,0.8606948761568566,
9.550278677021776,0.7302308483267266,
19.978193692385194,0.09575532728395952,
9.753490866067105,0.7139573316556396,
14.217897885494288,0.3586795295567814,
14.014467023692966,0.3728259231712334,
13.96401670740103,0.37638298493988764,
9.251571493287036,0.7536891061390263,
6.2018186199389795,0.9384982056529845,
11.589394673892798,0.5615660868999763,
10.533451589626111,0.6498379707320545,
11.219867297769714,0.5924044369256525,
12.21634260636673,0.5099886125375398,
9.63933739488844,0.7231274248007773,
9.601205336505846,0.7261745428764159,
6.794102737827266,0.9124480388308046,
11.269210622850537,0.5882761435176158,
13.6186293658699,0.40123928834115274,
14.36955027655123,0.34834273041244446,
12.136037115583976,0.516521624969551,
8.809717986197954,0.7871579911335274,
13.30275223172406,0.4247076396769811,
17.820587405827876,0.16445123359769287,
6.760575865443933,0.9140647162775837,
14.917654345966932,0.3125216235201612,
5.540139777542245,0.961302737465907,
13.043491051196892,0.4444579367049517,
13.265831405653506,0.42749421199609383,
15.136434231697354,0.29891310575297025,
13.033349741335963,0.44523895273823666,
20.200044790347345,0.09033321249850979,
9.424677793151803,0.7401668641823633,
10.18541985473832,0.6787061805685565,
10.879044933390954,0.6209497641416601,
10.259021890857554,0.6726284386103218,
10.59779593678134,0.6444711196941348,
16.681664540026546,0.21426813418833202,
11.427298823756216,0.5750682507734589,
5.640284111541824,0.9582710885283005,
10.793647254574088,0.6280996412663253,
17.474891114308914,0.17849394099459592,
7.888513074713748,0.8507867808834926,
17.216375839042797,0.18960050160497655,
14.533972762575079,0.33734140376046007,
12.486859791191309,0.4881814847689444,
12.896271094391402,0.4558555986652554,
11.68890400132386,0.5533038074381108,
7.505921083395579,0.8742346626923427,
14.100824622113906,0.36678192605233717,
14.11546898187775,0.3657626411678585,
11.862083737204895,0.538984206299498,
12.524217134137343,0.48519623440023907,
8.797482266746718,0.7880609524572221,
5.530171414970793,0.9615964887897211,
10.43373584176133,0.6581395931666627,
14.366894527250501,0.34852219118116823,
5.005206168386946,0.9750783495103816,
19.927018124882206,0.09704504475565101,
16.402080989217385,0.22809749570430926,
7.745119922765844,0.8597995931620698,
12.5466660901417,0.4834055754129418,
8.20659075501375,0.8298855411291114,
4.977517498477677,0.9756847143002163,
8.886694184481598,0.7814461475527563,
19.58239212099463,0.10612360866915083,
13.401721611041124,0.4172820989909958,
9.06407753843556,0.7680870003565364,
5.566748888297301,0.9605115216849872,
7.079361606381185,0.8980155048574289,
25.608615061253253,0.01917788388373254,
9.260073366798773,0.7530299225085375,
15.06963643476899,0.30302572129962413,
7.029338020164672,0.9006333249006921,
17.80723118622047,0.16497689214801137,
10.366830405840272,0.6636973370792282,
13.22293062143713,0.4307431645259242,
11.046794502989446,0.6068973739044226,
23.572520933432422,0.035297603715016224,
22.357421691629035,0.05006524915229926,
10.813134723501298,0.6264684884293914,
17.683398322969627,0.1699147764878215,
6.439088633398775,0.9287038902238384,
12.512454557654634,0.48613546483453807,
8.429617623649532,0.8145296441765377,
14.063098389662079,0.3694153261954152,
10.811149764798536,0.6266346477913307,
7.059353532828779,0.8990669553712783,
7.2172341347501305,0.8906120808472339,
17.2290187470046,0.1890450735442002,
14.565070773152515,0.3352850519013293,
11.659448215750675,0.5557471522019057,
17.52527833252333,0.17639000544510153,
7.591594767903215,0.8691524782299863,
9.180607875343462,0.7591702933346438,
7.988051719937628,0.8443778115810349,
11.95709616536657,0.5311650887269861,
20.812205044070602,0.07672699174116882,
14.145399717631161,0.36368450883762815,
9.796643737073492,0.7104729700113788,
9.43496105425101,0.7393571614046397,
10.267519613244195,0.6719256593431118,
18.861582854701126,0.12745822302682774,
14.268505189075833,0.35521001986027656,
24.792859381641552,0.024572976962393356,
22.695254995969357,0.04548206920284947,
7.308265057784721,0.8855743070517847,
15.479277985576529,0.27839466683415637,
6.735461107561544,0.9152646856909682,
2.9293830207308633,0.9981770994717223,
8.754290861258141,0.791237255942579,
8.962650482654272,0.7757584940348659,
9.868934484806257,0.7046153364176594,
15.111862583657269,0.3004215970765244,
13.18334368049416,0.4337515691974001,
6.4599390273835615,0.9278021031119722,
14.732373750760914,0.32435673977669044,
13.640281036815072,0.3996558179165445,
11.503732344319186,0.56869553248253,
8.68288004740921,0.7964501732829734,
18.35949583058212,0.14434045211452706,
6.685353763942391,0.9176303792028934,
12.881567254841698,0.45700088408659945,
13.40774064038516,0.4168325974051854,
14.003300476969013,0.3736115809050353,
9.387464169915159,0.7430912129948033,
11.538610197244058,0.5657910060064226,
16.51491826047317,0.222438122275604,
12.357139867075908,0.4985982473617895,
7.812650685593657,0.855587816755623,
4.873310839888224,0.9778770460367354,
8.960899725039463,0.7758901541046996,
6.7814592445191835,0.9130596954656705,
17.877969335455962,0.16220810599765778,
9.347657813072402,0.7462089703519379,
7.088332035341959,0.8975421995972153,
11.917444618023305,0.5344247839733474,
10.073873459497413,0.6878826002308778,
22.2491517695472,0.051619554231547515,
5.817554149681804,0.9525414557954645,
10.470034664071852,0.6551199935619216,
8.464361324193025,0.8120885713107214,
8.224662533930253,0.8286620260457926,
13.996583493971457,0.3740846290350093,
10.751730254319007,0.6316071377263481,
16.776714459413167,0.20971349985055499,
7.11696648217923,0.896023523321514,
16.655692315252,0.21552559289059314,
16.805976017347184,0.2083262359476472,
20.416568464621083,0.08529893831293378,
10.180558036272831,0.679107038362841,
14.171669700410174,0.36186623567400833,
17.475404496706457,0.17847240518849805,
18.325097432094253,0.14556124113883007,
4.000995690898114,0.9911807904822861,
3.1541541240228783,0.9973190192267665,
12.858476775495044,0.45880188765693786,
9.99573822593886,0.6942828314381337,
17.069285442512303,0.19615607517547695,
11.800270667679605,0.5440858431316185,
14.45882723864511,0.3423424991578329,
8.420824655417722,0.8151453945357205,
6.805847152353942,0.9118777284116644,
10.545839021763104,0.648805316803297,
16.656470391318237,0.21548784122637332,
8.076323524965579,0.8385926014813847,
22.07677832330769,0.05418351008209954,
7.827628472165372,0.8546457296599828,
25.402866546059226,0.02042378961109914,
14.1783208419907,0.36140672382564687,
10.351883322887279,0.6649374648133413,
12.266028314133079,0.5059595407351889,
20.502631877394656,0.08336653358032253,
17.68577016474586,0.16981910460731398,
7.449265264276891,0.8775404808431916,
25.184845998677847,0.02182575058461389,
6.357556324224278,0.9321664742687502,
15.521598909789054,0.27593058504036505,
12.754192283929829,0.46697290443909123,
12.669090841288536,0.47368456130804726,
20.656772290676184,0.08000057141732608,
16.390778113165613,0.22867023396281905,
16.60469865115263,0.2180106512164215,
19.154199040517554,0.11839975777274525,
12.564226762537254,0.4820065588201261,
11.992093108520008,0.5282923297040973,
15.37202935490079,0.28470683174770317,
7.790649449538694,0.8569664571818805,
12.64726884185141,0.47541172287125566,
6.328441878018326,0.933378327139802,
7.283001089069539,0.8869842661494258,
12.49848177338661,0.4872520458976347,
26.037403515745076,0.016805321225692227,
15.74356293216817,0.2632550990655249,
12.181753649267385,0.5127993827644656,
12.057922112216948,0.5229000517739182,
11.751695405382506,0.5481024682162674,
13.037538859003211,0.4449162597942742,
13.567194954526236,0.4050140869961739,
8.49368504260593,0.8100183856274915,
15.255847208551753,0.29165423563458504,
18.203413851191073,0.14994757704145345,
2.538972209728352,0.9991513802296937,
18.117878305804005,0.15309476782290754,
12.32786111475039,0.5009598946606777,
8.714083911359506,0.7941783178733126,
9.991990176004455,0.6945892286651877,
16.763762120435512,0.2103297948081878,
14.735972948141935,0.3241241460985378,
14.786781397831168,0.3208520459044727,
11.44893694270636,0.5732631597447944,
11.481898207805253,0.5705149545386012,
16.62659708297445,0.21694085363946303,
13.182365787666402,0.43382600954027684,
13.77307680551241,0.3900170086759518,
18.902394121766584,0.12616117128387438,
11.899576994832946,0.5358952936245034,
14.458394870236374,0.3423714051706621,
11.812516103180998,0.5430743129922897,
19.179207668573355,0.1176512611427799,
7.914571478951349,0.8491208769679984,
17.537942644880022,0.17586429529839775,
11.8926301452488,0.5364672901857144,
11.376551183620457,0.5793045136413373,
5.0924900486746765,0.9731002324033431,
13.147493083132222,0.4364845574698264,
20.733557125408442,0.07836847251810741,
10.252929468905018,0.6731321619718442,
14.541616869069712,0.3368352153495382,
13.390040361572908,0.41815514727169156,
9.546243234642658,0.7305516094482805,
15.412496399944548,0.28231371900242674,
13.528538394153575,0.4078632439056574,
12.801930689910584,0.463224997020791,
11.883678065726285,0.5372046151342769,
10.317774158763752,0.6677652349485061,
20.826505776940497,0.07643176990643952,
11.954229802016092,0.5314005571806821,
22.068064416797874,0.054316099241941584,
17.10102747491832,0.19472675266791528,
7.577587244836882,0.8699902016657748,
13.863210564090128,0.3835474903851105,
14.788294926494707,0.32075489867023066,
17.13705655574036,0.19311416497586187,
11.311630635021489,0.5847290148371554,
22.531252638093825,0.04765754201714101,
7.08588460777838,0.8976714492204918,
7.646381000543058,0.865850703832351,
5.6079800527146855,0.959265083627734,
16.85983628482541,0.20579104562450712,
8.76517889918109,0.7904381891011274,
4.478869996587246,0.9849500133130573,
13.192601345747182,0.4330471448714658,
9.10744099012919,0.7647814276676986,
16.996294478730068,0.19947352505937954,
16.143478298512242,0.24146885701333165,
8.901549479657318,0.7803377398699105,
7.862911559253439,0.8524151602929086,
9.21504117219724,0.7565153886674887,
12.359997706678067,0.4983679339182966,
15.069553972302852,0.30303082141024684,
11.194182641054486,0.5945541531399205,
18.35259280624087,0.14458476459643588,
9.792549804037042,0.7108039355025533,
9.422287288290192,0.7403549927852517,
11.236437679330301,0.5910178369361827,
11.753654045484327,0.5479403875318333,
10.876944155811634,0.6211257013681797,
8.012152408104745,0.8428076664613366,
11.649672665176396,0.5565584840567668,
10.14288133528553,0.6822107929992185,
15.2486419674228,0.29208883285363374,
23.031733588279156,0.041297035443881636,
6.642928059279461,0.9196037431114706,
10.714092747612058,0.6347551005463802,
10.468837421720158,0.6552196342174567,
12.215290096932693,0.5100740708819316,
13.619269664040687,0.4011924134387921,
10.212634949777943,0.6764608657060949,
15.52562492119313,0.27569696432529667,
19.530045843546574,0.10756393514329576,
27.017963189987732,0.012370813372512335,
20.910654615331705,0.07471466987938669,
5.843849272963697,0.9516516300610361,
16.00187575668105,0.24902857611346318,
19.079920561041334,0.12064648747212714,
12.101869553459453,0.51930877059961,
11.280184131102445,0.5873583637891069,
13.941327485590849,0.37798895113043085,
12.037384500823443,0.5245807281348709,
8.763650895628716,0.7905503954746418,
9.2104089460373,0.7568730665491173,
27.236770666411292,0.011544153326278117,
10.390971209145437,0.6616932362224578,
19.277082854806938,0.11476004534962425,
10.50964580218003,0.6518216914637998,
12.615482332412096,0.4779319406335246,
6.813742186113936,0.9114931822268064,
15.729149558855143,0.2640655334352524,
11.975379313593168,0.5296637877459123,
15.705699531500633,0.2653878369919568,
13.637087888131713,0.399889137213286,
6.09300192188479,0.9427025397636578,
13.301229814232759,0.4248223678990968,
10.811708283329663,0.6265878949258038,
11.566968899082875,0.5634311109364134,
22.414762093394934,0.04925921775272957,
16.18173388969178,0.23945546692838282,
11.021083176442145,0.6090513371484738,
5.41412167548156,0.9649104932136909,
11.971142939132978,0.5300115542748277,
16.086206826147002,0.24450606075054937,
18.23581091975663,0.14876937874483664,
7.9034176690775695,0.8498349775282158,
9.256350767343752,0.7533186152373459,
19.197099472876946,0.11711821132053912,
16.890476233444794,0.2043593750940218,
17.406460190712703,0.18138291020034947,
21.486013016399774,0.06385549082356856,
13.384901755339483,0.4185394916156353,
13.448936117522445,0.4137626543853017,
8.255746393376688,0.8265488248278038,
17.09643448567879,0.19493307207735533,
5.614767300727282,0.9590575131553011,
19.811546454692618,0.10000995696361936,
15.376681461920924,0.28443101575149154,
22.29787206843325,0.05091485471406865,
11.869541169373738,0.5383694789312434,
9.721225417289272,0.7165563425771672,
4.74533641522632,0.9803796475323674,
13.139171479420064,0.4371200850620104,
7.689914402077491,0.86319862120007,
11.435349422110999,0.5743965680876126,
8.190869061003067,0.8309468927443973,
14.437417930612298,0.34377561383515043,
11.970240502340129,0.5300856435834447,
6.911298780863963,0.9066645909092291,
9.846140881609179,0.7064649772210925,
9.164038937190377,0.760444593465589,
16.37840609803057,0.22929836904566891,
8.1757644480268,0.8319638947105855,
17.578277254517342,0.17419821279565184,
13.461489131578315,0.412829465979644,
17.637787239189013,0.17176292413780303,
20.447167052432107,0.08460749225760344,
13.41866495395159,0.4160173894653596,
10.11573508476808,0.6844440166894019,
19.178335764817167,0.11767728976032255,
8.650593193332094,0.7987909398786683,
7.690361580403282,0.8631712488679524,
10.355046886884866,0.6646750385550486,
10.243653415383266,0.6738988939878892,
9.086952907077205,0.7663451046459956,
9.282667849985343,0.7512755306430596,
19.183097745171963,0.11753519108226185,
7.284773651308851,0.8868856362166752,
6.0752538430433125,0.943371154983232,
10.263776179596556,0.6722352754780376,
7.058780217922694,0.8990969975924681,
5.130250167624142,0.9722127547066886,
13.780950706490062,0.38944947977780375,
7.1140555971239,0.8961784515537351,
8.440169539493143,0.8137896287806382,
15.507855093471678,0.27672914127690373,
10.871309523484642,0.6215975836345133,
12.152278526485402,0.5151983213266792,
6.390535111136426,0.9307781299343528,
8.600447927421902,0.8024060726213103,
6.687186655427257,0.9175445117113383,
6.499766413547132,0.9260611253994406,
12.066073556058699,0.5222334040913947,
7.489478240843232,0.8751986286167708,
10.793719594426054,0.6280935867726261,
8.813850462598232,0.7868527152465528,
3.798515357595324,0.9931518474590126,
6.7460759440023335,0.9147586730980058,
16.022514241411635,0.24791623183459754,
10.36903982213746,0.6635139781328866,
7.148906991120582,0.8943154548362974,
12.895406897624717,0.45592287698926015,
8.310875993472349,0.8227740487884232,
10.38417298692106,0.6622577513017656,
10.105350949664663,0.685297586266067,
15.631511639208442,0.2696018030051812,
10.003438986602177,0.6936531254881877,
7.555816032118806,0.8712869801024653,
10.476543077888746,0.654578277312365,
17.645617653403967,0.17144450729908578,
13.28690382934212,0.4259027024289477,
6.52632714962459,0.9248866376635381,
10.149899162079244,0.6816330414554956,
12.815588447554592,0.46215503839945904,
14.608487013043737,0.3324272289286032,
12.54859545230271,0.48325179343494373,
11.153736078374664,0.5979403361387702,
12.857203403075978,0.4589012954933176,
6.462261073289347,0.9277012633325463,
7.278476102916016,0.8872358457520372,
10.61075760739434,0.6433891807318293,
2.1349836308904493,0.9996734107765348,
17.563826383679952,0.1747936855709682,
18.8247868439622,0.12863715863951364,
12.709139040960649,0.4705213097564187,
11.667260520082758,0.5550989230608645,
11.960025434086424,0.5309244805766256,
7.116369866933231,0.8960552874542285,
13.584151121043513,0.40376762016655365,
15.162231794495549,0.2973347945481106,
7.855920421348787,0.8528583905690619,
9.248643734871601,0.7539159843420089,
16.691123508515698,0.21381155231854287,
15.065236551108347,0.303297923125323,
16.269236920869005,0.23489638582006112,
10.139939304675947,0.6824529485512101,
7.6588022185000995,0.8650965543682628,
17.34680143302297,0.1839314064126818,
18.71937398085788,0.13206481617265475,
4.953878562037975,0.976194419471073,
17.171884618403638,0.1915651897016527,
12.750954836499835,0.4672275231021146,
22.249076545083195,0.05162064902175745,
17.20775023296778,0.18998016988570887,
14.819748183995808,0.3187403071046673,
15.249447007956903,0.2920402537099439,
8.343187302490593,0.8205459043039186,
5.62289895377239,0.9588079364163847,
17.971903205155293,0.15858919863099696,
13.749066152971567,0.3917504055615795,
15.0686976543756,0.30308378602747843,
10.91524742735855,0.6179175629843716,
13.320767911630414,0.4233511413361386,
13.057716579517962,0.4433634270386647,
10.16153491251728,0.6806747399629929,
15.757171093113094,0.2624915534283885,
12.674736865450221,0.4732380943519474,
12.079915503542644,0.521101921922118,
12.624825112879783,0.47719065487897283,
6.1339019726017865,0.9411434671528012,
10.644023219272496,0.6406112711428915,
8.079149594062857,0.8384058330792691,
10.734297612934066,0.6330653690953705,
18.002547413297776,0.15742276256260457,
19.492419872560276,0.10860944870531408,
8.343032034176884,0.8205566389789302,
11.457518083764464,0.5725475154940771,
8.609346135366605,0.8017663972600874,
7.695874582245782,0.8628335749554232,
12.941779600464695,0.45231880242919553,
9.970212125183682,0.6963683970952068,
14.835648541767402,0.31772498410097016,
8.737044039382905,0.7925007059799539,
6.2805120425099235,0.9353451334196704,
17.030589234696524,0.19790948242334316,
12.475847957965124,0.48906272213120405,
14.000523280433857,0.37380712559293505,
8.782456733700045,0.7891679027862062,
18.968519242274407,0.12408296360419113,
10.030496124743923,0.6914387088360479,
10.532463691043706,0.6499203128625773,
14.125896046369839,0.36503789381056573,
21.60009649389186,0.061876267496340565,
17.843968042091316,0.1635342750815978,
14.182190878377346,0.3611395096157155,
12.879345732573801,0.45717402613587255,
8.826957117246206,0.7858834615220797,
7.466930374538592,0.87651447287369,
18.612529199840036,0.1356158940019302,
4.9035053888660824,0.9772562721443239,
12.951951670485418,0.4515298982889169,
10.359655998659527,0.6642926539277156,
6.242770203304506,0.9368691706080021,
9.95991147841481,0.6972092194892611,
19.1381400334502,0.11888250186095661,
13.660350467128149,0.3981910227358738,
14.513951021147005,0.3386694620582318,
18.373062089384597,0.14386129778454793,
8.203548884393792,0.830091116259176,
29.685032187758363,0.005227185786639166,
16.203024178926974,0.23834028588594636,
9.336764207095818,0.7470602945328181,
9.583907735676632,0.7275540151765636,
13.652487155286329,0.3987645973637267,
14.950238263755054,0.3104695934691857,
14.959486973085065,0.3098887449478669,
11.418621600511718,0.5757923275943014,
14.257039875492417,0.3559943005653532,
13.07761165985482,0.4418347608079385,
20.9681594847788,0.07356078513188957,
9.061924300609421,0.7682507453596767,
11.318231536512595,0.5841772319264389,
12.700368075514941,0.4712133719061897,
16.34300444448731,0.23110279210742057,
18.663359739898066,0.1339167805656939,
10.896854253477919,0.6194581791990419,
12.37553425064948,0.4971164781270654,
24.63769290545323,0.025746169071896086,
13.898393791576266,0.381038360967358,
10.033076639635235,0.6912273610431046,
13.640007450405836,0.3996758057029246,
16.720870055146605,0.21238048740737603,
14.687521078618897,0.3272641761068791,
8.490523115714899,0.8102420437171116,
11.359031896007002,0.5807678217075505,
10.751849270836974,0.6315971810238572,
25.337123620526643,0.020837482327383694,
5.95748199599848,0.9476866777199148,
6.261611032361614,0.9361110875023498,
19.092852479021325,0.12025278072188172,
16.092398456044304,0.2441763769554428,
11.213026047539682,0.5929769754179963,
9.26060053967962,0.7529890313556296,
6.989586497869661,0.9026874123181076,
21.521616955090803,0.06323186233055123,
9.859867777911699,0.705351368193025,
13.459662390222213,0.4129651990726939,
12.59083568020117,0.4798896073296185,
8.672973123992833,0.7971694968831418,
15.72604969173719,0.26424006228680064,
9.228617140648542,0.7554661957581156,
7.633717734313109,0.8666174373385843,
9.682638702741349,0.7196572899929982,
14.755605937036659,0.32285725702229606,
10.672845241774112,0.6382031769618413,
17.88362511844524,0.1619883501870345,
12.176489689136739,0.5132275597381603,
15.614897604781426,0.2705518838485459,
17.93781288880296,0.15989497863714797,
15.563678474485396,0.273495569209499,
22.01339322890966,0.055154605180106286,
12.651498863139192,0.4750767336321926,
12.96553151840654,0.45047764335937335,
15.454164283085225,0.2798640358433715,
11.75322717145517,0.5479757111921405,
12.123290753968048,0.5175608674080288,
8.836013571323258,0.7852128104205685,
12.62995041716456,0.47678418614730544,
8.497320089634334,0.8097611325582025,
9.2246954651857,0.7557694159624857,
12.982678699516747,0.44915051539046436,
17.681659490701605,0.16998494220537308,
9.663941544398483,0.7211569428826858,
12.422391211608616,0.4933487696043741,
14.22938787728536,0.35789005149358966,
11.175687603535781,0.5961024234879785,
10.98460355990482,0.6121074879546782,
7.742425975874222,0.8599663850884207,
6.696650742348052,0.9171003294740205,
19.54494589289715,0.10715227479655676,
15.791344285407465,0.2605810240258344,
14.899641895024276,0.3136597669292167,
8.835712797094077,0.7852350954025258,
23.657414307394372,0.034431494280491304,
6.206971057631075,0.9382946524426207,
15.815951036982927,0.2592114461100046,
19.433807072764775,0.11025528416441865,
9.738529598997495,0.7151631509928738,
17.75014592126272,0.16723875367976715,
11.411358260590175,0.5763985106082581,
9.195114656557536,0.7580528717482075,
10.387831075715852,0.6619540026666437,
13.83843478535949,0.3853198848587249,
9.569931744008205,0.7286673056104229,
9.617152955247308,0.7249011892695654,
11.684816001425935,0.5536427804799442,
16.002294623497068,0.24900596489016658,
15.127509131659512,0.2994604469220903,
23.282403925545857,0.038409539891142486,
8.72151234212612,0.7936360994983195,
16.94716166188912,0.20173081415990135,
13.528706970278833,0.4078507966599103,
5.565319162213694,0.9605542968502281,
25.320653405420934,0.02094233407304258,
8.063253790031553,0.8394551067092564,
11.500917493052077,0.5689300438346743,
8.910467745075024,0.7796713815926783,
16.842392889374224,0.20660951247322656,
27.987333950831232,0.009086712709552636,
18.529968746884666,0.13841353149535796,
7.442544861417048,0.8779296777005781,
15.307607409639415,0.2885450627876529,
7.666432635037722,0.8646322617023712,
7.904857715633729,0.8497428689357733,
25.378039499639886,0.020579111292074126,
15.443760687304545,0.2804742969755756,
12.538407272939088,0.4840640601932872,
17.843116134660285,0.16356761372535322,
13.508743543449887,0.4093262082806779,
7.4325339532023715,0.8785082782646075,
7.5586768059965666,0.87111694695379,
13.571064068342862,0.40472948760388094,
7.580978255477916,0.8697876438629983,
10.501259608379577,0.6525202480307717,
15.487568839572376,0.27791075013548605,
16.12360780671409,0.24251949595878064,
19.861801727074766,0.09871018099566153,
4.263965505022357,0.988045665914775,
13.677974357319924,0.3969070765994174,
16.660130971811952,0.21531029954191117,
6.6509031736278095,0.9192348725526435,
15.686862235046775,0.2664534076369288,
22.173927401102016,0.05272479681425213,
6.360833806404894,0.9320292420591798,
9.488159598632368,0.735157386745672,
18.744887034311603,0.13122835202102467,
9.873395063590163,0.7042530877644365,
9.543585792264466,0.7307627850823881,
5.120917167064098,0.9724339057533464,
12.001961624856577,0.5274830082514248,
9.190823020569367,0.7583836123000247,
10.693635073301735,0.6364655101964027,
15.974192983567793,0.25052622688800663,
16.561291276506896,0.2201429305695506,
14.50549867527179,0.3392310807747636,
10.012630726065527,0.6929011832297687,
13.242890226753335,0.4292301193063749,
7.134089198824389,0.8951096982364465,
14.706545050461665,0.3260289976309574,
23.68753200208929,0.034128917176801,
17.36329585714103,0.18322400818250661,
18.033061489015687,0.15626816695459234,
10.720032390243658,0.634258414449159,
13.819350273532367,0.3866882164606902,
16.391875013609027,0.22861460525000654,
8.923245746001864,0.7787154158589554,
18.092366918570782,0.15404373363640955,
8.848126623456428,0.7843146485175145,
19.718462311574562,0.10245611010005562,
3.900822226844173,0.9922013149533448,
5.684844495377668,0.9568747252943509,
12.595466643473811,0.4795215392479427,
7.667768871280591,0.864550875556984,
11.94899648667416,0.531830537461622,
5.333814699167662,0.9670908583746246,
15.8630830623854,0.25660244085846573,
20.703910039583786,0.07899515860524287,
15.153084234199113,0.2978938099863938,
4.477608671518684,0.9849696724950106,
8.008486481595774,0.8430469565133483,
8.810390108845189,0.7871083504992747,
11.24866999663573,0.589994397816094,
11.745415421593496,0.5486222155341283,
8.79054898945273,0.7885719956942974,
11.603532229974382,0.5603908908483611,
19.36097884931445,0.11232965558831876,
12.811652657652683,0.46246326516369407,
9.477862974391902,0.7359716691782978,
10.430068585242383,0.6584445001397206,
12.270910608232183,0.505564181102762,
8.464283853522724,0.8120940285842976,
17.400870247864233,0.18162051708860183,
14.224594057289703,0.3582193101942066,
7.002555313028752,0.90201982758166,
13.766192507284144,0.3905135785328544,
8.699712951687658,0.7952257871549442,
17.488456127620154,0.17792559186427492,
13.958613537063783,0.37676507696804373,
10.036543955675981,0.690943341622329,
15.794096661152935,0.26042757616674717,
7.0224473266687335,0.9009910534328207,
14.88229663434978,0.31475829153719914,
10.587935062937323,0.6452940506342775,
22.48693183472371,0.04826131927738708,
9.423052803339754,0.7402947521681661,
12.479998253463155,0.48873052132372063,
18.899106957915563,0.12626523417180469,
15.258280495364474,0.2915075661200407,
6.59995961876273,0.9215745597204965,
17.587285879895898,0.17382781080346832,
18.689172214004085,0.13306070683031823,
18.04332497600961,0.15588135637058365,
12.320996635700416,0.501514130769177,
9.06498139549964,0.7680182544692362,
13.267910914456566,0.42733702787229133,
11.419578878969643,0.5757124411455851,
19.461101939568273,0.10948624031182519,
17.11332077537562,0.19417536257379553,
18.40753043521224,0.14264974475032122,
21.292166586785775,0.06734730514231602,
17.019546673949417,0.19841205358028824,
15.18816141180755,0.2957540258031064,
6.457603135640191,0.9279034611905598,
15.312964336514174,0.2882245664270531,
10.757580647339601,0.6311176885702343,
16.367109697542496,0.2298730100117985,
20.444808468872466,0.08466061635241073,
11.402335863882598,0.5771516111583183,
13.596133743281433,0.4028879750432479,
14.128793309415705,0.3648366638905318,
17.56379938786276,0.1747947994857103,
10.949466932076387,0.6150510554583288,
12.570919746425842,0.48147374643868524,
22.234299143023076,0.051836118270627174,
24.563572030758387,0.026324635067736524,
25.603587225359004,0.01920746819724628,
16.578220074515382,0.21930949201757155,
12.181596390492915,0.5128121728040744,
10.195170020678619,0.6779020432682994,
11.520416265867414,0.5673058581240071,
13.411929210041386,0.41651993797930875,
7.565603150116848,0.8707048136764997,
3.3671239221356304,0.9962517833670869,
11.431322371741919,0.5747325427850742,
3.7963926363183527,0.9931706224958297,
15.636293637196827,0.2693287752147647,
13.336119424877912,0.4221969207389824,
12.13484804664802,0.5166185465838503,
14.424891119906434,0.3446158407456468,
11.86938310426042,0.5383825067395983,
10.712405108320574,0.634896217544642,
8.929869871111967,0.7782192821045901,
15.067033035601597,0.30318676285095436,
15.423598456532163,0.28165958892596965,
12.768429214339202,0.46585387252833077,
10.683687484330601,0.6372970216631377,
8.958479102772873,0.7760721459831564,
8.997870585777502,0.7731043450257141,
13.146929896180467,0.43652755490253825,
12.879880702475086,0.45713232883325206,
8.983181843774338,0.7742125500382356,
13.381228818653696,0.41881431841959804,
16.61923624639992,0.21730000872313893,
10.662106567793,0.6391005279739291,
8.741209325167034,0.7921958271257576,
8.58751038685717,0.8033347115726932,
10.846017841326077,0.6237154765196508,
14.202770879346195,0.35972047322343625,
11.450390415865344,0.5731419354339858,
19.33451006844748,0.11309169506695205,
19.970703840360095,0.09594316111829304,
9.360120203661431,0.7452340418810097,
15.52511776682382,0.275726385849851,
5.848469908991811,0.9514941960403958,
26.208645772096958,0.015936714877236358,
7.513601948456936,0.8737831026884122,
5.787889926055658,0.9535328555149951,
13.692782854478692,0.39582994996192067,
6.186659215101424,0.9390947456955472,
9.017756807497245,0.7716011260999278,
10.725319353484847,0.6338162744176272,
9.63737632043972,0.7232843358625286,
11.642795053567427,0.5571294312222186,
7.9789004688386225,0.8449721479694786,
14.471291033152145,0.3415098744175862,
11.046400126266015,0.6069304120447272,
20.876350916306404,0.07541053148286792,
6.350362757758726,0.9324671023154774,
9.291386211270668,0.7505975926636305,
10.239384175221536,0.6742516891386235,
8.375277518416834,0.8183216309691614,
11.803723729721579,0.5438005613055918,
9.825423160486778,0.7081440253182302,
9.563293997358949,0.7291956446591725,
14.770243486470402,0.3219147734921364,
25.61192517777662,0.01915842995827055,
5.520161894392644,0.961889999446364,
12.415924540855151,0.49386815202197254,
12.177339269930183,0.5131584464138995,
13.106550563406728,0.43961551328672677,
13.88750117420323,0.38181420019632173,
10.367860280297347,0.6636118695733291,
14.078967823466341,0.3683062692850032,
6.462476227640914,0.9276919156341032,
9.809847684149489,0.7094049588189878,
15.098165710014255,0.30126466216558634,
20.635749813512337,0.08045255113846994,
8.81881825556813,0.7864855254175912,
10.322943037632232,0.6673369174274426,
20.487968292244314,0.0836930662038613,
7.687528480128532,0.8633446218705886,
12.364131726016177,0.49803483717183095,
9.644241025270563,0.7227349766106541,
12.865050030749483,0.45828888164995085,
12.168973937095904,0.513839088866428,
17.31895893404009,0.1851303422125241,
8.696639896396082,0.7954495181180306,
14.946279222280753,0.31071845101532514,
6.851134733400568,0.909659215959576,
15.846788560079222,0.25750230262020435,
12.917296742963472,0.45422005760509754,
15.182249354565608,0.2961139511512476,
7.888745641771807,0.8507719506426314,
12.207452344896996,0.5107105964755384,
11.334058971278822,0.5828543946728062,
9.473561857135282,0.7363116131332743,
21.629575646011073,0.061373768717335575,
11.12682116103137,0.6001941890310245,
19.085415494707977,0.12047906476745407,
8.94301463843242,0.7772336380295946,
14.869084585251212,0.3155967176721044,
9.3746119326486,0.7440990204078307,
10.810829085195744,0.6266614913640528,
9.927340406879978,0.6998649374417851,
8.791393101925538,0.7885098009832877,
19.029136392571168,0.12220305205094717,
9.493319981958837,0.734749039233219,
11.989468789659643,0.5285076070101473,
7.519558666328875,0.873432351169663,
12.078149975561105,0.5212462026795555,
15.27772234958386,0.29033747172887614,
6.263657041950495,0.9360284374330426,
17.54933687828495,0.17539236690363968,
7.095914982885472,0.8971411868917782,
10.779530933261686,0.6292810267181517,
10.71928472729973,0.6343209378203695,
6.563894747169882,0.9232071011102628,
17.824761346181337,0.16428723578769922,
11.928141287622834,0.5335449281867963,
10.552728445875223,0.6482308737961433,
16.114118767727426,0.24302239451016905,
5.240257986909125,0.9695162276095577,
21.11692865931387,0.07064788015680146,
14.416051141597707,0.34520952865795895,
13.599536366350716,0.40263837148446124,
18.419714473201147,0.14222348398665652,
11.135430791147225,0.599473178263495,
14.852846908631014,0.31662912337409654,
27.75239037325632,0.00979712653696585,
16.520966226754954,0.2221377726866649,
16.075971494723678,0.24505176630655434,
19.74607151529057,0.10172529752148074,
13.79236628290983,0.3886274773157845,
5.022058175366112,0.9747043421981115,
4.608069527183565,0.9828392058465983,
14.450509465073148,0.34289884650748115,
8.478630470413538,0.81108233038709,
11.976546997261998,0.5295679424280109,
10.331055398889012,0.6666645429813518,
13.381830978258877,0.4187692557806313,
10.955005956678951,0.6145870358046499,
5.248565381444144,0.9693058142662959,
11.927445669847293,0.5336021352178346,
21.182249758878715,0.06940127688816355,
18.339727880712967,0.14504098356253015,
6.360120814801376,0.932059109862368,
7.948509454198977,0.8469385248549297,
11.336073082071698,0.5826860796383629,
13.038326981968424,0.4448555615015575,
15.937468683748573,0.2525230120593669,
9.427012769899017,0.7399830692562799,
9.695235778564342,0.7186458317540148,
15.108744486604852,0.3006133831263237,
13.624383222802162,0.40081816399043535,
10.262453519022536,0.6723446616551536,
17.93010664615183,0.16019135082225544,
9.807893097077917,0.7095631112697711,
11.402435363350074,0.5771433052671688,
9.790197883165078,0.7109940338919429,
12.788476937768795,0.4642799797251028,
11.038924306435478,0.6075566891742012,
8.970344692181833,0.7751795655652618,
13.765863578336157,0.3905373130408998,
14.227701657374281,0.3580058474012102,
15.48227108210773,0.2782199001735619,
9.154841543592035,0.7611510447465815,
12.033260416022049,0.5249183990080086,
6.684775257818127,0.9176574705769612,
14.946888355014218,0.31068015366259427,
12.908660859813489,0.45489151735226163,
12.14254848326105,0.515990975843895,
12.644603167090105,0.47562287380395607,
9.042561329827404,0.7697215219384126,
10.414778208629368,0.6597154574810546,
8.487109859452476,0.8104833622492116,
6.01540853684835,0.945590374934946,
11.682930261225355,0.5537991579541515,
10.805898143342409,0.6270742429987184,
14.507818709629607,0.33907686821720007,
11.46151175605175,0.5722144955631233,
10.4146229160594,0.6597283628400552,
13.078999599011958,0.4417282064618162,
5.7420692002898015,0.9550383786056523,
14.827409248867328,0.31825084695882233,
10.681501018821203,0.6374797703915833,
13.816536873363535,0.38689015887211764,
17.125603062561147,0.19362567421432708,
7.7010590593094905,0.862515658498139,
5.942069151395392,0.9482358951888277,
14.041439934513145,0.3709320516078547,
3.3763804360990957,0.9961991121151093,
4.078361002407549,0.9903289112202738,
6.267089168822214,0.9358896504980828,
14.974930473004884,0.3089204276809303,
20.353121273100125,0.08674830678355727,
10.03769638389158,0.6908489319082014,
24.538726875499478,0.026521201219442347,
8.21458164136814,0.8293449956584754,
13.30090492587493,0.4248468531947506,
8.438209553938785,0.8139271740919227,
9.912596177480113,0.7010655980441172,
13.244629984958102,0.42909835715498157,
7.966629117242964,0.845767506956668,
9.310390574011336,0.7491179370325755,
6.110537871716697,0.9420372061183956,
21.228279396722268,0.06853451359746665,
18.015088687069895,0.15694739364222188,
8.842967223409804,0.7846973714082248,
7.593679269970414,0.8690275883558534,
8.416658972190461,0.815436818182749,
11.932877754654472,0.5331554462649841,
12.461182350087027,0.4902372488704503,
11.946266815874738,0.5320548484908473,
4.061808760991223,0.9905159603511788,
12.73300661961801,0.4686401385223521,
9.821484753897755,0.7084629758714369,
10.704433268448721,0.635562763199843,
8.624052025740154,0.8007074865396557,
10.004524657595958,0.6935643286154127,
11.349970816097732,0.5815248135397022,
9.22694605687319,0.7555954163325168,
21.767614693562052,0.05906867665522675,
8.616324862337219,0.8012641563275819,
14.326846110557323,0.35123520300533073,
9.374574631199419,0.744101943769865,
13.937683262112028,0.37824725204130927,
11.243400967456468,0.5904352241691339,
21.87967108264944,0.057254458289631494,
8.472090814122527,0.8115437640815997,
10.749843600912156,0.631764969840515,
15.561508141775077,0.27362079348131396,
13.550051202639928,0.4062763779599632,
12.75658313372011,0.46678490534196593,
8.587547838751796,0.8033320257562117,
13.453093514282545,0.41345347604321003,
14.64384507638557,0.33011111481795063,
11.231205051106464,0.5914556749250659,
5.069783972722714,0.9736246278765012,
17.205055699324284,0.1900988947677682,
14.939278864805297,0.31115879807712,
20.38114598748315,0.08610550810230799,
31.73453863755384,0.002629659614396873,
17.36746544879249,0.18304552459103962,
11.130135257013118,0.5999166467872818,
21.072780399320624,0.07150153484377042,
17.6872234732908,0.16976050436318757,
13.312954345891269,0.4239392065012313,
10.382179236181655,0.6624232881173437,
7.565234483791795,0.8707267665099868,
22.614962384383816,0.046535696721363595,
19.41252366855535,0.11085812158557184,
13.130619732736632,0.43777363753969256,
7.49136929553853,0.8750879535121315,
10.014634332556906,0.6927372302183744,
18.304062596664664,0.14631190872128275,
6.676115191449244,0.9180624157802921,
10.266338677989854,0.672023337943565,
8.979981040472495,0.7744537956299969,
17.113021231214855,0.19418878361649794,
12.153959650840306,0.5150614060917453,
15.746999359968864,0.26306213530868927,
10.355080374335834,0.6646722605411692,
6.285489089497937,0.9351425331031181,
11.44559460046103,0.5735419348677576,
15.56922799640282,0.2731755530101464,
24.642639187132023,0.025707986925445958,
6.800948601034838,0.9121158542005757,
20.1927911822164,0.0905062149200454,
13.99133635573812,0.3744543990782754,
13.13865415241833,0.43715960797275144,
8.39497382639596,0.8169508572061935,
13.565591042354038,0.4051320960996474,
2.8634577372148686,0.9983834136063334,
23.471996225233745,0.0363488648018071,
12.122835262818,0.517598016125456,
16.3908096633793,0.2286686337706243,
32.25790870667754,0.0021995763415261216,
7.3954844517724485,0.8806375320551635,
10.215971307973948,0.6761854437411744,
11.581279369728898,0.5622408697757433,
16.938172977074636,0.2021458906030681,
8.34943424736494,0.8201137937388563,
11.325404356210788,0.583577699280311,
4.325705511741157,0.9872076196986534,
3.2552899730170215,0.9968457418023229,
4.116990335910447,0.9898820518943645,
4.4817537893119646,0.9849049982719885,
11.104314560209907,0.6020791583220582,
12.208314741524156,0.5106405467449966,
21.198091872935073,0.06910187722756622,
15.206271911629909,0.2946532861414233,
13.788739273066417,0.38888854494533576,
15.461347337706773,0.2794432209067472,
10.07107780600487,0.6881120078581777,
13.908611811009035,0.38031137128316783,
11.23916460198196,0.5907896723389323,
8.76705020075018,0.7903007434383287,
20.492821009104546,0.08358488180042689,
15.652711491440362,0.2683928717152875,
10.492297986074169,0.6532665830688336,
7.06533477600477,0.8987532461475284,
18.685969137411494,0.13316669054892438,
10.260601146501193,0.6724978471292999,
9.481062798417803,0.7357186910566199,
6.764646822842816,0.9138693142409515,
12.162642527210178,0.5143544238206144,
5.8394665333073705,0.9518006622304149,
6.210601089781354,0.9381510002995956,
9.52601095424011,0.7321583009010771,
10.631057495788635,0.6416941910952418,
22.023013118013946,0.055006229075355795,
8.978149383371868,0.774591809170454,
13.108312774874863,0.43948054001228387,
13.788173149253616,0.3889293024714118,
17.536541484742965,0.1759223980565079,
11.95199599188791,0.5315840807960082,
11.512096277327508,0.5679988006856291,
10.083286692829,0.6871099465368677,
17.489303743882452,0.17789012573384944,
23.408697119199292,0.0370253886163745,
8.888975552146801,0.7812760531969836,
9.306316492375078,0.7494353559291,
10.819475032741398,0.6259377270941404,
12.145450574992703,0.5157545198702356,
16.987386976877215,0.1998813112693798,
15.07188907107639,0.30288642297832946,
14.305523546902805,0.3526848256905091,
23.569109885806895,0.035332816159257985,
9.473934921743318,0.7362821321847561,
14.20607428183331,0.35949300245208105,
10.112234936191296,0.6847317702999912,
12.204439364549287,0.5109553547117986,
15.56089957307316,0.27365591394642763,
22.055991091173233,0.05450028413734598,
6.754904005169805,0.9143365445405893,
8.747115871373104,0.7917632150913656,
21.17558519107889,0.06952757148553468,
12.061410316374715,0.5226147474876041,
8.4973291802834,0.8097604890382413,
7.322714276993837,0.8847638497999633,
17.68982420954646,0.1696556777656224,
7.676739122562676,0.864003912904593,
15.311771359016353,0.28829591944358857,
11.046224584564001,0.6069451177170253,
14.115427189362471,0.365765547693479,
18.81342923182808,0.12900287970599367,
5.115568860629161,0.9725601043514855,
17.14736939880752,0.192654493419666,
6.482875925472692,0.9268024139160341,
8.59427283485233,0.8028495220961668,
16.014707400607115,0.24833657155509248,
8.554390589270174,0.8057043022494449,
27.352859576229193,0.0111269542861262,
12.919253846766361,0.4540679480355626,
7.193117036526293,0.8919269161869023,
9.366558223747523,0.7447299801267484,
17.262710594483902,0.1875711121220126,
9.430437177340476,0.7397134563344975,
16.053845266639545,0.24623446154782558,
7.437323786194962,0.8782316133203695,
10.719571675081522,0.6342969418623273,
6.414276047799064,0.9297683978323029,
11.093872853690097,0.6029537407361627,
16.80707885961992,0.2082740880442343,
14.347634915596014,0.34982531890091684,
9.661411235326733,0.7213597445458675,
9.582412862717957,0.7276731479293901,
6.670796626781929,0.9183105501042914,
22.522956665436148,0.04777003719372963,
10.631132896234423,0.64168789421354,
12.88708700375646,0.4565708049473124,
7.949131839434117,0.8468983693381643,
19.156345107411884,0.11833537048425635,
10.45043913880256,0.6567504489363925,
11.45056517850791,0.5731273599037305,
10.293138955804158,0.6698056076532172,
15.772280494311236,0.2616456097794846,
19.495636540110265,0.10851973143286953,
17.114346186619176,0.19412942457354587,
6.203418490973812,0.9384350442236689,
5.759152121664191,0.9544807494080545,
13.411918764028627,0.41652071758462617,
8.468356598877387,0.8118070460045572,
14.753433026444643,0.32299731637574536,
14.717310011527843,0.3253313659148276,
9.18970530425805,0.7584697276606605,
12.720973163657796,0.46958819994027,
18.227891847658334,0.14905667695199365,
16.265512707596656,0.23508911641487418,
23.557212762229813,0.03545588179325143,
18.1505514216382,0.15188632811025082,
12.415313900587343,0.4939172066140348,
7.747086321786414,0.8596777867064959,
20.49542264205553,0.08352693215063167,
18.881589082315795,0.12682101042735794,
15.307170092226425,0.28857123745819513,
7.560111635702201,0.8710316246054245,
9.94245953230343,0.6986327546228154,
5.918835229243442,0.9490570215186953,
7.411286282286565,0.8797317263791317,
16.767564829404687,0.21014871284552072,
13.994675204149694,0.3742190837339543,
17.29391924879199,0.1862137989057715,
12.513250282442694,0.4860719058642238,
15.821297904729226,0.258914524166743,
17.154749348434063,0.1923260700992393,
17.533813575557573,0.17603556145499255,
8.343003325189905,0.8205586237826792,
12.498820700493432,0.48722495074712335,
12.066699737272671,0.5221822031621093,
10.742745846029988,0.6323587167824034,
7.48535335547265,0.8754398698242297,
14.193076388851562,0.360388520487395,
10.121227362658612,0.6839923978169231,
13.904325389622487,0.38061624632221003,
11.259926418796175,0.589052730834096,
12.858233309168757,0.4588208935344922,
10.902224766798142,0.6190083566328173,
14.055592845902442,0.36994052979807224,
23.27647209743395,0.03847569404785245,
13.662778267010456,0.398014020062303,
10.598842394747207,0.6443837793173447,
8.11670917156826,0.8359145742839309,
5.680444757544763,0.9570139029519246,
15.184749451974938,0.2959617097332965,
14.530778901055138,0.3375530388863214,
9.358762373824147,0.7453403162779373,
12.529213840275704,0.48479745534916074,
14.936701204538187,0.3113210443902473,
14.964543958573442,0.30957145052019475,
23.809152875536864,0.032931607509773086,
15.229981156790643,0.2932164223081444,
5.611611143674743,0.9591541202207531,
13.270026670623121,0.42717713258205836,
12.121950001925136,0.5176702180280162,
10.675557398366385,0.6379765186744262,
12.02535365957838,0.5255659536391954,
11.717961280421994,0.5508955953107665,
15.253572934196038,0.29179136548150286,
9.55861362112306,0.7295680263210831,
12.01684401550422,0.5262631279854606,
11.812209459165887,0.5430996380444696,
9.387308955069551,0.7431033908161543,
33.53733845171641,0.00141433505641686,
14.317340475180856,0.35188100502573905,
5.389592052297791,0.9655862118602297,
33.78679408015304,0.0012966150116033859,
21.1899903754904,0.06925484471058807,
9.226886149287548,0.75560004844567,
9.821661955171708,0.7084486269019652,
17.911016354599553,0.16092744206769471,
13.586638084823807,0.4035849694033826,
7.529372850157842,0.8728534040584879,
11.418554843144447,0.5757978986578106,
20.76561101065386,0.07769579984830544,
9.921070020776277,0.7003756688729602,
6.092162972643646,0.942734253073552,
10.980178388503296,0.6124782136659425,
8.263618287720803,0.8260119216979978,
17.58490919016623,0.17392547100827938,
17.339872466832155,0.1842292072397489,
17.197202406351778,0.19044525093098152,
10.992927317051763,0.6114101492236519,
14.378638898072953,0.34772899478967256,
9.387108685673542,0.7431191032802664,
15.763370141422392,0.26214424805742464,
9.823919703689725,0.7082657911448101,
11.3019896424335,0.5855350150780818,
12.410716801724002,0.4942865603333284,
9.927673879141357,0.6998377708193926,
6.989253586298406,0.9027045167029735,
23.771651876857852,0.03329662997287208,
16.83395408240516,0.20700636222456148,
8.940274226613722,0.7774392477565839,
7.461039773411241,0.876857083310598,
4.3983240369525,0.9861695167801118,
6.396569518783163,0.9305222947944749,
16.324865753818045,0.23203137813181585,
8.437302861849323,0.8139907889071424,
9.983783184313797,0.6952599348343828,
8.893810292385933,0.7809154320689193,
13.07787807513539,0.4418143067623441,
7.228317329110632,0.8900050408141964,
3.275238997438694,0.9967453908603725,
10.791221520025005,0.6283026610142866,
10.913165315099247,0.6180919671270634,
14.076295064467828,0.36849292414152945,
6.857467993281788,0.909346523213413,
4.989131196874044,0.9754316116554912,
10.810107278629122,0.6267219123526913,
12.383551755948393,0.4964710965668707,
19.904460542694785,0.09761825110188449,
17.750288339312338,0.16723308006146798,
14.317527744942094,0.35186827525809194,
16.412427440307887,0.22757415501855405,
13.920209294847602,0.379487176392445,
11.21723519285827,0.5926247110991661,
13.894867735020469,0.38128941208796374,
15.499148116224893,0.2772358685420373,
10.625427761695594,0.642164321019218,
12.119968246658022,0.5178318607614323,
7.821461356012329,0.8550339822038413,
8.53149429508732,0.807335907186507,
15.619514050659467,0.2702876560531744,
11.50244632178932,0.568802672014746,
15.973844091939252,0.2505451433573629,
8.873804604279297,0.7824063016037797,
14.911491594092283,0.3129107236780857,
13.548442702317411,0.4063949162074293,
16.38788834781886,0.22881683489438398,
17.22238134844278,0.18933650946834912,
16.29718451184465,0.2334537856300205,
10.809159234007394,0.6268012706956847,
5.473668128274012,0.9632343040134547,
10.767018413073146,0.6303280489125762,
20.341148891998134,0.08702418025425085,
12.80007751295755,0.46337025564978673,
7.200070353469565,0.8915486865873875,
6.590924034016662,0.9219854266965612,
6.148658120465197,0.9405747182716961,
6.918276293639605,0.9063138044863375,
22.070412531343564,0.054280342246166735,
11.648417952938173,0.5566626362682918,
12.230855743935225,0.5088106785019464,
15.432896956639226,0.2811125246407532,
15.44452295615448,0.28042955225965494,
14.347778685463147,0.34981558039774097,
12.819366899377394,0.46185921421623677,
14.655171126616539,0.3293713554066041,
15.756684756197064,0.26251881449855086,
6.710156657057123,0.9164641078108473,
16.330425604164454,0.2317464567202545,
12.849622118498807,0.4594933295939039,
17.00330669832861,0.19915295545196954,
6.602827554308705,0.9214438895370122,
4.106580490900749,0.9900039045908134,
8.058138907971253,0.8397920930416767,
11.323386682266023,0.583746338262837,
12.911445777389515,0.4546749367020546,
11.38963591807288,0.5782118797316028,
11.99938887047988,0.5276939689876976,
11.339674248527645,0.5823851502186571,
15.897291369275594,0.25472059412288406,
5.730655584064224,0.9554085261417291,
14.974524563863751,0.30894585307817257,
9.019746453602618,0.7714505452586512,
13.812416566138921,0.38718601398236174,
14.095687496427395,0.3671398724685331,
7.497476383733842,0.8747301978203466,
20.389781135335962,0.08590827877650453,
8.882269010042588,0.7817759484160931,
12.753923366738029,0.4669940520723922,
10.00795282052432,0.6932839082095565,
3.8031570290339602,0.9931106610035617,
17.566003070455427,0.17470388853670438,
6.38928943702633,0.9308308723621723,
4.6818516730605175,0.9815455503098979,
6.986507965735885,0.9028455193392748,
9.348868807713773,0.7461142816075504,
12.128441467717273,0.5171408427110951,
17.03191486438146,0.1978492161176778,
11.83872843030873,0.5409104914281007,
12.842001377490607,0.46008877055764974,
8.839108524900642,0.7849834512808325,
5.850221761825315,0.9514344231812333,
11.693353474226173,0.5529349078157115,
7.2825306148480164,0.8870104370581392,
16.07684611769053,0.24500510054473257,
11.99108344662757,0.5283751512106925,
16.644219105198538,0.21608284349487872,
19.284587972990913,0.11454083801223858,
7.383087519298882,0.8813457227942125,
10.846853222738893,0.6236455284803015,
12.516427010867877,0.4858181933594342,
10.873791586317077,0.6213897207835578,
8.31095519404992,0.8227686013751621,
22.23963160020919,0.05175827292384905,
11.020903686317004,0.6090663741729215,
18.35223680098603,0.14459737353221702,
9.826457513103458,0.7080602461527814,
10.136989978945586,0.6826956742327102,
12.64463374561244,0.4756204514390414,
5.763612538496687,0.9543344341607461,
15.979624397045363,0.2502318749221907,
8.671952872447966,0.797243521288175,
11.960571147898131,0.5308796591367492,
10.30809823371425,0.6685668302459646,
7.361419123915425,0.8825783986335809,
18.65846035009053,0.13407978257372533,
12.847707336503133,0.4596429089958417,
5.915987727293762,0.9491570963263668,
10.573462802653896,0.6465015339397493,
11.229055260074608,0.5916355646591838,
9.64712467196858,0.7225041288977927,
14.332570647748225,0.35084662810461853,
13.117868618998234,0.43874896143546604,
16.121949561698887,0.24260732472334956,
17.12277980520226,0.19375192105762995,
32.13599622622406,0.002293259877657383,
8.2537563278157,0.8266844462988057,
19.443309996849386,0.1099870180350484,
15.302425160015948,0.28885533845488354,
14.269243254462546,0.3551595680045291,
10.119750977152407,0.6841138086159764,
15.416198618758399,0.28209546967011145,
12.228305019146514,0.5090176416827585,
11.283646401020912,0.5870688193040693,
14.674804067748736,0.3280915067355177,
10.17009777812581,0.6799692219805453,
14.211282269704633,0.359134555007964,
14.247667103014079,0.3566362053402077,
10.096479919886582,0.6860264689974818,
10.9888434002418,0.6117522875627074,
9.680037200506055,0.7198660650144431,
18.732876223141268,0.13162158660923773,
13.834563221897792,0.38559725426409885,
11.875342082965176,0.5378914169144305,
16.312625615365363,0.23265955013423667,
7.973223647439689,0.8453403174527883,
13.703703756204636,0.39503659945044023,
4.654679765484056,0.9820295700543352,
8.605809011024817,0.8020207692953228,
12.420893759007315,0.49346902315308794,
9.097837890151173,0.765514765790614,
16.74801659051654,0.21108084492221324,
13.165457610008625,0.4351140656522914,
13.432997067565683,0.41494909730714225,
9.745701350168918,0.7145852808709583,
15.198704175198008,0.29511291143366547,
16.705402156957348,0.2131237191503308,
27.91110983066566,0.009311682377143415,
7.313439784298537,0.8852843954352033,
11.538856869767754,0.5657704720804749,
11.541727890866044,0.5655314864623892,
14.641621938068491,0.33025644129498,
11.613203781585431,0.5595871833964896,
14.325628606756116,0.3513178790639897,
18.22597613478837,0.14912624542608122,
11.400863826982066,0.577274493701182,
13.838104334192671,0.38534355498805906,
10.34146328133272,0.6658016511859359,
18.67696704039853,0.13346492688872313,
8.806940751748524,0.7873630639944218,
19.184991076603332,0.11747873368589279,
9.797074090497626,0.7104381741455733,
18.23842612607677,0.14867460003880362,
11.073716491201909,0.6046421143877525,
9.14180122181522,0.7621515485264363,
11.212886000321236,0.5929886962448419,
12.579660393641108,0.48077826003839386,
9.01412368515361,0.7718760039014184,
14.36642064580205,0.34855421932705033,
11.776795557599833,0.5460261664735353,
12.220318287415383,0.5096658481442344,
6.929943283713763,0.9057256455573234,
15.971420996776468,0.25067654890759905,
4.962141647034277,0.9760170820040007,
15.980371244004772,0.2501914195045597,
10.567534815013202,0.6469960305600184,
13.02135074607842,0.44616383343353594,
8.96823348291634,0.7753384676491539,
20.971691714087644,0.07349042026380204,
18.54230129621912,0.13799263681276708,
11.874568095526318,0.5379551964888728,
18.283638140075094,0.1470438147065194,
6.8622058171363065,0.9091122106035252,
7.842195804495095,0.8537267125919891,
6.818518333651145,0.9112600953814722,
7.61287664792651,0.8678746631696247,
8.979515316939967,0.7744888901317821,
18.100133579699026,0.15375432838799885,
6.908299428209695,0.906815157668569,
5.972053151527375,0.9471641477260336,
9.503252829511974,0.7339625704434729,
17.282011168282324,0.18673079202690435,
3.108236965620533,0.9975151632058861,
11.863281998802735,0.5388854205227627,
18.00956704251939,0.1571565450874961,
5.846552561459045,0.951559562707104,
9.504547812896526,0.7338599900564039,
17.216198960923908,0.1896082812117601,
10.691210526014851,0.6366681873488126,
11.606280917461259,0.5601624537922733,
12.17996718732659,0.5129446835367184,
8.86353411977604,0.7831702972208274,
8.414209227693565,0.8156081109161802,
13.041485749837893,0.4446123225119969,
8.71745383407739,0.7939324047441675,
6.862519175647503,0.9090967014144834,
9.646716074775387,0.7225368416153743,
8.486783979333156,0.8105063957263305,
9.11693744855694,0.7640555132582212,
6.880812441693838,0.9081887668311568,
8.581077559178768,0.8037958240745116,
9.526513788624959,0.7321183999808497,
10.431309726467216,0.6583413112551065,
11.944039787425403,0.5322378727907809,
5.907491681799725,0.9494549607548741,
24.072203814879362,0.030472355116339833,
16.071871440090646,0.2452706118216892,
14.658258387800945,0.3291698924192781,
8.88007216878297,0.7819396107425416,
9.854014204126322,0.7058263543550546,
14.326051667884325,0.35128914926495114,
14.741938019410702,0.3237388943889743,
7.138122103283758,0.8948938468543037,
13.39965854712766,0.417436224588583,
12.386438503832919,0.4962387939925412,
14.624316963345214,0.33138904011584003,
15.1296347632085,0.2993300298206818,
13.026193510623315,0.44579044997869244,
17.37092735823625,0.18289743767276245,
26.12497366953389,0.01635575403834233,
16.427079780531795,0.22683454140358572,
6.532904391995414,0.9245941393915582,
9.864822539772838,0.7049491901268392,
17.911480776222874,0.1609095024976006,
10.795950416882045,0.627906875738046,
7.642918991772082,0.866060533023489,
15.11120472000079,0.300462053791146,
10.855284796139799,0.6229395144518626,
8.739771139493998,0.7923011139544409,
16.869740794470502,0.2053274159545596,
17.171024916050584,0.19160330845229046,
4.931713752002919,0.976665707301722,
8.602044775432681,0.8022913365794104,
9.729662314005134,0.715877269041128,
7.715462615177399,0.8616305678420634,
21.72464964574379,0.059777749818143655,
5.16261632595652,0.9714366326377906,
21.167670500363748,0.06967781902950221,
7.750198943721687,0.8594848759060583,
18.236670803171346,0.14873820994968856,
7.661586824780036,0.8649272071183741,
17.170898870620732,0.19160889773543033,
9.03187040918347,0.7705322676884129,
13.913373578811132,0.37997284704412015,
14.765432247340648,0.3222243658985451,
17.34173640149665,0.1841490598760409,
12.455522858551964,0.4906907720352579,
18.710700995949182,0.13235017039430308,
21.165333095524197,0.06972224552258499,
8.111516410764402,0.8362599981825118,
18.844743691704753,0.12799662554894042,
18.827434757313412,0.12855201843599073,
18.01823910821862,0.15682816120920007,
10.68594746605557,0.6371081221004982,
13.378768791240637,0.41899843974919326,
10.08436601558919,0.6870213327478945,
19.068596976560503,0.12099211560602141,
8.594398235307677,0.8028405205706961,
11.13126116469665,0.5998223577523848,
6.718887103174101,0.91605137870787,
25.871084724647577,0.01769108510154005,
8.008973714980929,0.8430151622268178,
11.758175757287269,0.5475662473648484,
15.909909516811807,0.2540289491411448,
10.076638240244092,0.6876556969840829,
4.547345614537883,0.9838554272159205,
12.504591625334678,0.48676368516532065,
15.914570091586675,0.2537738269032589,
4.880201441560457,0.9777364123267587,
14.012904799023518,0.37293578173541686,
8.08163923474439,0.8382412193840283,
5.173324479020729,0.9711767064966692,
6.847117548806737,0.9098572463824041,
10.513240207279093,0.6515222412659285,
14.036274466437833,0.37129431195573004,
7.859911463733147,0.8526054388037136,
4.171747458978706,0.9892234410204922,
8.9339264474687,0.7779152644085212,
10.438053312717653,0.6577805864915697,
7.316062254381935,0.8851373283034676,
14.069111334526852,0.36899487741152415,
11.271793695887656,0.5880600947610859,
14.871012102911441,0.31547430903592977,
6.982013316963803,0.9030761042068673,
15.07211582690357,0.3028724032196186,
11.910565682020176,0.5349908033145506,
11.53881135889249,0.5657742605638216,
26.218415989068397,0.015888444089928067,
13.373956076989758,0.4193587649141294,
14.664713158351946,0.3287489292525564,
18.50520293227316,0.13926194937211223,
5.8994914214264655,0.9497344480223958,
7.8855750371324325,0.850974073873175,
16.54770361343223,0.2208135944683277,
28.307144129649604,0.008197637882468523,
14.7518834526628,0.3230972209439562,
11.543229550211144,0.5654064937939411,
14.468523209998995,0.341694667236081,
17.191804120114003,0.19068361760211816,
15.945315950956681,0.2520953812061739,
13.602373190396785,0.4024303348373306,
13.451998838109432,0.4135348738407596,
16.98756318645523,0.19987323816963387,
13.388795858654627,0.41824821425980274,
5.611128386731863,0.9591688840672526,
16.99011955041797,0.19975614571330025,
13.117041866344664,0.4388122338934112,
9.437955375970029,0.7391212587791645,
12.18291503973678,0.5127049285440498,
9.409622490371852,0.7413510610019927,
19.08793918343996,0.12040223688450591,
10.449287202377983,0.6568462705428327,
8.742020390591854,0.7921364419444143,
14.193754263669279,0.36034178442636977,
9.53419054124405,0.7315090418631033,
9.482031427342646,0.735642098449998,
8.487451180229616,0.810459236222118,
13.646879242967847,0.3991739238747022,
16.64342709037475,0.21612135146438383,
16.28481507090218,0.2340914652859688,
12.557928968142155,0.4825081138832916,
10.08813790203662,0.6867116219445533,
8.88769956861158,0.7813711937413947,
7.47072211617176,0.8762936839692029,
22.668464340469203,0.04583120872497293,
10.451698486608079,0.6566456892010162,
9.634710177968614,0.72349762649703,
16.204380982463203,0.2382693458053443,
6.775008857781742,0.9133708223722159,
21.30086269906367,0.06718711775789687,
8.223162327643943,0.8287637371295112,
10.16888113286065,0.6800694798083297,
20.953894552581016,0.0738455558489941,
13.66193652111824,0.3980753841659558,
11.724992400186736,0.5503131884090287,
14.057531424653678,0.3698048358508188,
12.230600514979164,0.508831386321277,
11.793449601533487,0.544649477592059,
4.333141591699221,0.9871039449577741,
19.087074389620135,0.12042855891204429,
8.581374935410802,0.8037745170080097,
10.839779753258433,0.6242377899664748,
3.9192095072813613,0.9920207894347521,
10.050122344246903,0.689830637167929,
11.83876305171393,0.540907634754623,
10.490386266000469,0.6534257726522874,
13.20194211529956,0.43233694609410545,
19.13231047363681,0.11905815045135548,
11.591311471213407,0.5614067265648884,
15.670184097851713,0.26739934722667336,
10.610763432738137,0.6433886944191612,
10.117499685818414,0.6842989289086847,
9.523250866300438,0.7323772917740868,
14.379341503246664,0.3476815765968557,
12.24584953003837,0.5075946366252908,
16.8676915045018,0.20542327762314228,
8.31658002310089,0.8223815474151726,
18.067964454474712,0.154955901200014,
17.507211794913538,0.1771421163440252,
8.621181448924998,0.800914354035736,
12.570973888512896,0.4814694372244358,
18.90217241786259,0.1261681875931273,
16.71143764371186,0.2128334805352342,
12.795584161207463,0.46372253917377093,
15.734511102145815,0.26376385953784043,
15.718015390201172,0.2646927883641461,
18.149645765283836,0.15191971989370756,
10.72907284757051,0.6335023576824368,
13.24161496927228,0.4293267144091574,
6.390104416514886,0.9307963684278003,
22.808509881905195,0.04403248856778452,
6.275924268187714,0.9355315523803157,
10.447557308922686,0.6569901629227317,
12.453860649422726,0.490824001625334,
9.8523881536866,0.7059582709880665,
10.956794635495948,0.6144371919957021,
11.182422682530147,0.5955385842565581,
10.634031528896555,0.6414458158490434,
11.635884706284823,0.557703205131326,
15.700965088575185,0.2656553680391178,
18.85775170633037,0.12758055133874835,
11.136594359750159,0.5993757384197334,
6.000896238166181,0.9461203352011545,
23.34359355177152,0.037733139533732585,
13.861073236783191,0.38370021098063245,
6.2657101250524745,0.93594543733253,
7.099401598475868,0.8969565214219781,
17.96906215752024,0.15869769168646686,
20.758287054563475,0.07784905181596624,
11.972758304230926,0.5298789409198628,
13.738481980330995,0.3925158309604273,
14.663756498812642,0.32881129865475067,
13.30167661226577,0.42478869597294655,
14.48389834983866,0.34066892720536757,
12.48572311316199,0.48827242234461654,
28.121990492205068,0.008701787554042606,
13.741508494437037,0.3922968771956946,
17.07308832953719,0.19598440758578373,
8.852514143395828,0.7839889944836589,
12.032712011140662,0.5249633056863413,
14.051141791461726,0.37025219672643495,
5.321216089027486,0.9674246220897235,
11.549376148696984,0.5648949194256494,
12.082745975101261,0.520870636648676,
19.26704814878497,0.1150536885026392,
8.153697243188716,0.8334449250663234,
12.485287666224002,0.4883072610061364,
8.876133310759544,0.7822329439859819,
10.178746607626838,0.6792563709481706,
9.624890450163797,0.7242828538266998,
7.025174770800267,0.900849542253478,
13.023006462547478,0.44603615973308,
9.686265952266861,0.7193661353300606,
7.533295782311185,0.8726216200418034,
15.53475095799373,0.27516790760450904,
12.064194594502917,0.5223870495494096,
12.405577721776842,0.49469957374292917,
14.650874941272026,0.32965183730118564,
9.081187622753262,0.7667845128292119,
13.690318913877459,0.3960090612064372,
18.20213398083905,0.1499942780307829,
8.537904049461883,0.8068796856953416,
17.00818642364427,0.19893010866815874,
11.91655064203476,0.5344983345295611,
11.14810528573636,0.5984118260640624,
8.512848254334346,0.808660652215904,
14.556004866662612,0.33588372806726596,
13.613405800198583,0.40162180252163204,
11.030452924345514,0.6082663781349049,
10.276578357722801,0.6711762478313928,
16.262480604859416,0.23524611563845432,
4.636194087170275,0.9823537786995385,
13.095198520890815,0.4404854593817784,
5.30866394918474,0.967754930828061,
9.412922896664506,0.7410915910723337,
17.290295661376327,0.18637099960925396,
10.076667984980618,0.6876532557019495,
14.797365263369093,0.3201731053701705,
30.591981775971448,0.0038665130365491684,
8.115822804545825,0.8359735582386562,
9.397919677120207,0.7422705235250611,
18.396277923825533,0.14304434519937015,
12.415631801826315,0.4938916684264243,
16.01958677395888,0.24807379372244753,
25.147139792129014,0.022077084842662575,
12.28336459061692,0.5045561327916469,
6.90384591232289,0.9070384764420151,
15.487137775452615,0.27793589596920043,
6.990207270641736,0.9026555137903886,
11.748046296491419,0.5484044650300703,
18.807961420304398,0.12917925396558894,
16.745662404666138,0.2111933124233618,
11.301287216531705,0.5855937429461298,
11.347313484903797,0.5817468357292561,
15.844532862377738,0.25762705013538034,
11.287796096459065,0.5867218030586796,
11.578987038543914,0.5624315007680085,
13.899761761403264,0.3809409879523843,
9.035029854140898,0.770292769260942,
12.805626309247826,0.4629353777476287,
16.177017690041076,0.2397030156199047,
10.149026277614215,0.6817049120601784,
11.54852935155021,0.5649653929607261,
14.42087330014169,0.3448855980746086,
16.190657227821156,0.238987600881995,
14.851526135919904,0.3167131950112463,
9.516114193601311,0.7329433121496572,
9.643078692432397,0.7228280128847282,
11.212780819899304,0.592997499011235,
12.16375081826121,0.5142642049659453,
9.947445252189503,0.6982262089468564,
23.260480396086493,0.038654556339939306,
9.340156435879171,0.7467952835760242,
13.663951872230417,0.3979284714882353,
16.307529900862857,0.23292143503006302,
11.706563948010004,0.5518399335850944,
8.147191778234198,0.8338804514392084,
28.92294951074707,0.006712646762941699,
13.283169385407515,0.42618453917736554,
19.38504744207627,0.11164048821993655,
6.471953722484717,0.9272794513366094,
10.475851344250332,0.6546358567350706,
13.834765357016295,0.3855827700277311,
18.418845075861523,0.1422538653767459,
18.324238851371973,0.1455918195015593,
10.576611612323255,0.6462388446939203,
14.154414851474392,0.3630599272598539,
13.600092673292192,0.40259757062891455,
4.714656683749567,0.9809492465773757,
7.734457411535814,0.8604591941318867,
12.12163546569962,0.5176958723234563,
16.9758477952788,0.20041052856634223,
5.416481573416363,0.9648450317705732,
15.013912310152763,0.3064850637479627,
11.525820213460918,0.566855851976578,
15.04264714064036,0.3046979770461624,
9.791006680858422,0.7109286644238287,
15.281859316804669,0.2900889015759961,
14.279686151268468,0.354446181358121,
9.899064486896433,0.7021666646651517,
11.881642736666743,0.5373722863646893,
11.698114377536,0.5525402418260528,
10.793613931716246,0.6281024302260132,
12.826754651579371,0.46128103836342416,
9.651438151902063,0.722158730078879,
21.41993140021774,0.0650274091196843,
18.664041411871327,0.13389411442417276,
12.867241593434393,0.45811789666227387,
6.330681504810265,0.9332855652959727,
7.134270868075547,0.8950999799019426,
11.468292925703023,0.5716490963304852,
14.04362437939351,0.37077891486821324,
11.23988696573692,0.5907292324804594,
14.5543279091304,0.3359945403427216,
9.004501199472505,0.7726034980080795,
7.5305909782611105,0.8727814541296419,
13.638307191188012,0.39980003579047296,
8.012487128164475,0.8427858097566101,
15.184314187035694,0.29598821107130213,
12.910613162158356,0.45473968379800445,
16.863952635077936,0.20559826248256607,
7.3722960281997505,0.8819604526691793,
10.341023401151642,0.6658381263853481,
10.209046291173077,0.6767570759491762,
8.416387006189936,0.8154558379574541,
10.20746480284028,0.6768875999774646,
7.668413622030049,0.8645115972674988,
11.6197598060367,0.5590424932447255,
6.0857775244858345,0.9429752797223995,
13.704122481343115,0.3950061980937941,
13.226204767953412,0.43049479205840746,
9.670689963857244,0.7206158907367735,
1.9079928721644193,0.9998267507274293,
7.933504833075966,0.8479051505531653,
9.479054940646192,0.7358774399018485,
19.255468253549488,0.11539333472954638,
15.210194255915189,0.2944152523532588,
20.676730659876462,0.07957352010894869,
9.60090768498759,0.7261982951608424,
8.484413329286234,0.810673921779915,
18.030278774598973,0.15637317547531793,
12.092017771575287,0.5201132195270679,
18.196747636946988,0.15019094913039832,
15.788711305481408,0.26072787541858333,
16.700893133451853,0.21334074747036125,
13.889836582495631,0.3816477839611724,
10.030783346068935,0.6914151863083778,
18.092220622757583,0.15404918921435162,
16.6371310891478,0.21642764866129127,
8.622359156357724,0.8008294927085597,
10.153352920272235,0.6813486439620626,
16.39138601527121,0.2286394032966358,
12.963354605086996,0.45064625203647135,
12.154651954341858,0.5150050262303483,
8.685395295136294,0.7962673941366787,
12.651543968200027,0.4750731621126726,
10.744632069199804,0.632200933831029,
5.470928605674129,0.9633125387643133,
5.806660715255743,0.9529070525770079,
15.052439558827125,0.3040905364557931,
18.050555019583776,0.15560933505415886,
17.93241127230241,0.16010267158397717,
15.084844741903126,0.30208609430689903,
17.049184778043443,0.19706537643478161,
10.345189796095493,0.6654926252851429,
13.23964044726097,0.42947629627094486,
12.952085855759833,0.4515194954625793,
10.926208257959805,0.6169994275894659,
5.6979540920994385,0.9564583277066333,
19.496512851468193,0.10849530080242786,
16.100057017034587,0.24376903053636856,
14.173471627981945,0.3617417109018619,
15.278514342525044,0.2902898735955586,
19.499337019865973,0.10841659772229117,
11.005239724434684,0.6103786508829367,
12.724446007897882,0.4693145108642136,
9.591302150718578,0.7269645297136098,
9.182697885006771,0.7590094037035275,
5.897990949457245,0.9497867591960607,
13.385762448648746,0.41847510339945704,
20.56180217297512,0.0820601377846939,
9.02621742580166,0.7709605804196556,
18.65145382854045,0.13431317351461014,
10.049827020336798,0.6898548456316803,
15.923008976134387,0.2533123450601451,
17.089576411940744,0.19524145486617783,
10.710905407722908,0.6350216168058387,
19.816605850051225,0.09987844408285329,
18.68963385146404,0.13304543788027534,
23.39455356858086,0.03717810969521251,
10.808635703353783,0.6268450937970138,
4.094318750371799,0.9901460754375726,
6.581641734098425,0.9224062212205252,
10.196915144688822,0.6777580827601772,
14.773383372756486,0.3217128313604297,
16.63795799599712,0.21638740142722868,
5.978556145561663,0.9469299092058433,
15.811948974675666,0.2594338466278553,
7.0795157602930825,0.8980073811723388,
13.01767239109329,0.44644753321043273,
11.61262667452321,0.5596351353568394,
11.469516097791221,0.5715471191935559,
6.866180383936778,0.9089153870899337,
13.050893669061995,0.44388822792333227,
20.927574781453988,0.07437351582475726,
5.366847987186804,0.9662050839655693,
12.978063985914222,0.4495075066922639,
5.720488774636746,0.9557366078770037,
6.818800896604042,0.9112462949637675,
15.296809672143592,0.289191808568106,
9.370484358507293,0.7444224462426023,
5.728448580693194,0.9554798764476653,
14.463156122149726,0.3420531738383914,
10.178894730419277,0.6792441602446909,
15.204225437833104,0.2947775309816967,
9.70336488999773,0.7179926643284362,
21.694063686069313,0.06028712743715747,
6.2683476813383745,0.9358387141885922,
14.899250622148028,0.3136845199024687,
16.752650836653693,0.2108595838703432,
12.381521067135294,0.4966345327471753,
11.328912392713493,0.5832845061246281,
21.966208278987246,0.05588757093437091,
19.39128717825403,0.11146240747757452,
11.640777524246808,0.5572969376881745,
3.2709650440677187,0.9967670902766741,
11.554591861880281,0.5644608801969901,
10.637658747572337,0.6411428728633943,
7.07852974935024,0.8980593365184539,
13.413260158674934,0.4164206128038377,
10.79055850683043,0.6283581505016059,
5.588900103164783,0.9598449741926539,
6.172459967452069,0.9396503210926508,
9.26719124749259,0.7524776400788805,
16.53741682232422,0.2213223500439747,
10.053673097790671,0.689539546308577,
5.08462232775983,0.973282722323329,
12.957739116525428,0.4510813172985131,
11.060893051915127,0.6057163153722003,
22.63479852256002,0.04627337313850599,
6.358195076168401,0.9321397418151388,
6.115509047554549,0.9418477420458576,
26.798788633814798,0.01325439493433167,
14.75145683247239,0.3231247295805637,
15.5319163011698,0.27533216359093393,
13.793155459160921,0.3885706860892367,
8.346737075361743,0.8203004138191325,
10.67084232767075,0.6383705569320262,
13.720126519393949,0.393845174174031,
9.587932989411044,0.7272331602953149,
24.384744929172516,0.027769922344869413,
8.914998773687604,0.7793325632452794,
10.748998080261698,0.6318357025957714,
13.947236494858036,0.3775703342534126,
4.40122343805111,0.9861268723738055,
9.322502426507825,0.7481735892501895,
13.004017639354435,0.44750138724731037,
7.284896784255409,0.8868787831255778,
14.492260778580103,0.34011182996630307,
9.717821329164,0.7168302261585783,
6.952433048568711,0.9045861926982588,
10.779530885058477,0.6292810307519607,
7.765442593245468,0.858538304174787,
13.02013200581943,0.4462578220127509,
15.296219444528344,0.2892271893827937,
7.491269865571215,0.8750937739314788,
16.51724548199551,0.22232251362380684,
11.4035845737883,0.5770473739843818,
18.350475706159813,0.14465976092704613,
21.647536738304936,0.061069385037333945,
15.506734235696804,0.2767943368407706,
11.493562646119955,0.5695428597133652,
13.728701551719174,0.3932238494538369,
10.26300959682571,0.6722986737507464,
14.31364292540464,0.3521324046097438,
17.71291084008469,0.16872739414408344,
10.569320435561993,0.6468470852196226,
19.355506274289837,0.11248685501287792,
7.940257425369722,0.8474704816830638,
10.2427840452876,0.6739707402270063,
7.7954058599107015,0.8566689382462229,
13.065488378145284,0.4427659837537685,
17.430061364502095,0.1803824071890845,
7.166277712758004,0.8933803289256522,
12.234255288156625,0.5085348842854388,
11.267346000550797,0.588432105054009,
9.004644818123102,0.7725926456176573,
16.24051780462028,0.23638562785682293,
22.964510049321138,0.0421041608040823,
13.494776006718906,0.4103601177353122,
6.400332614457509,0.9303624728071258,
10.149436976911597,0.6816710966788622,
12.033676171685427,0.5248843551472264,
20.905044281057908,0.074828091021513,
12.703876108668073,0.47093652603960634,
6.575300402477919,0.922692940247811,
11.928497290135851,0.5335156514331595,
6.848261659949998,0.9098008710329938,
12.578466076479375,0.4808732684420042,
20.190889870899188,0.09055160948302232,
9.79343001555682,0.7107327836735156,
12.948766040806516,0.45177689779068264,
14.07253143427857,0.3687558535403068,
16.037589710748716,0.24710598566612452,
9.062960653654194,0.768171939617263,
10.779630945222411,0.6292726573710037,
8.945282276678281,0.7770634509149765,
9.858386364879335,0.7054715921566601,
9.678637179038214,0.7199784038210872,
11.632281104799098,0.5580024592695652,
17.417023300465633,0.18093458008805463,
4.1272919279435465,0.9897604179548308,
11.41654582768939,0.5759655590335402,
15.36054371261265,0.2853885787329231,
9.984499425782824,0.695201412013664,
11.386925865746017,0.5784381614175356,
6.918509169126064,0.906302084472676,
22.153249156611036,0.05303230593701391,
12.614892524375746,0.4779787527744752,
7.204650335311451,0.8912991763955681,
7.505125461088632,0.8742813914483567,
8.489632490854651,0.8103050229839073,
18.160564733807202,0.15151753156805392,
6.519398710182668,0.9251940417862188,
8.266850046339568,0.8257912965188366,
15.494764293947526,0.2774912400606593,
8.987055148053358,0.7739205019074058,
22.040580457087348,0.05473619255594164,
3.8938906522755063,0.9922685899025124,
14.213984735361972,0.35894863691051127,
10.946432042072951,0.6153052942475683,
14.003168240416453,0.373620890469212,
11.155285534096718,0.5978105968831819,
11.376146119521993,0.5793383421238674,
12.771642915929013,0.4656014258289519,
11.989788319742491,0.5284813941704967,
17.8430671285123,0.16356953170327315,
12.47798660264663,0.48889152906542754,
5.435155755398915,0.9643242148257839,
14.189226353548984,0.36065402865938534,
15.239926026239685,0.29261513400152483,
13.682654788216905,0.39656646667449924,
12.538177278876853,0.48408240266100333,
7.357492323005972,0.8828010832781956,
10.79102810992619,0.6283188481003419,
10.309008402137247,0.6684914390048606,
4.521025743140756,0.9842825301934013,
21.525777272045133,0.06315934474130114,
13.810389257076753,0.3873316287321422,
5.043836297784362,0.9742154201424951,
8.771629565392402,0.7899642545070638,
14.837112085819342,0.3176316337218765,
9.985441402052414,0.6951244415575573,
10.80615198965648,0.6270529948673185,
7.748936101172055,0.8595631582169784,
23.888329985487957,0.03217291812436274,
12.972910732950096,0.44990630745016724,
14.622420157401487,0.3315133326890898,
13.484996706007315,0.4110847994997222,
6.947151615432183,0.9048544516140192,
15.472465449462502,0.2787927324900009,
15.82196706892491,0.2588773812047984,
7.882791500812415,0.8511514175563599,
7.424042929993616,0.8789979458777674,
5.454123387564126,0.963790092218037,
34.95201341260605,0.0008611643587793649,
8.329810922855748,0.8214697226838577,
8.675841836187223,0.7969613030322621,
11.397077620211759,0.577590572857184,
11.28500807147319,0.586954948272737,
9.686952566929138,0.7193110135837517,
4.328160820263418,0.987173453150315,
19.59421465169334,0.10580058630411615,
17.237809253988985,0.1886596364754889,
11.073573301515221,0.6046541089425856,
12.17622731693671,0.5132489042673734,
6.104540449018728,0.9422652820163295,
7.2846156276513865,0.8868944308709903,
10.199452781565345,0.6775487278443874,
19.659067809706855,0.10404346716790824,
9.35744542096773,0.7454433792355756,
10.15430065908648,0.6812705958513243,
5.850133857000286,0.9514374235744815,
15.918602767039152,0.2535532242958636,
8.236730410230635,0.8278429118038155,
11.568601525774982,0.5632952996043552,
13.75989563122404,0.39096807803284395,
10.743139495149933,0.6323257882468911,
12.425463569857888,0.49310207489146896,
14.085669579078454,0.3678384852217096,
15.223513342135503,0.29360792634532595,
15.375747490606697,0.28448637477422123,
22.149452209734747,0.053088945069328486,
17.211452273493567,0.18981714693210483,
11.821736200346576,0.542312970680833,
11.229143557704074,0.5916281760319312,
19.01014003302797,0.12278960411329076,
12.116358912582557,0.5181262956821829,
8.21402174724162,0.8293828937296195,
20.136816500271976,0.09185088226512272,
3.1976592296827717,0.997122551036558,
11.15487340490699,0.5978451052094078,
12.83727959788291,0.46045786670833444,
15.054755910232732,0.3039469661952714,
10.986292176058319,0.6119660211529494,
10.444851793767045,0.657215194223798,
13.099067070378384,0.44018891019223505,
10.258913154057295,0.6726374299774525,
15.99815732553044,0.249229368963654,
13.931704927180498,0.3786712085848294,
7.98687649194482,0.8444541953287524,
11.932164474868463,0.5332140949952371,
13.70741837877262,0.3947669447509672,
13.425645839217118,0.41549687298445626,
11.972399511108724,0.5299083952804124,
11.361585440035444,0.5805545098694856,
10.902008519230646,0.619026469274139,
14.444286152218066,0.3433154640919245,
23.28288545326684,0.03840417423894693,
18.230773532356707,0.14895207928968113,
8.343648639052107,0.8205140076404338,
14.698547585167448,0.32654789278713103,
10.146683923104675,0.6818977612732484,
10.026547657871491,0.6917620427759354,
12.238019376243026,0.5082295709565445,
23.576601118912283,0.03525552577272961,
11.724642277062403,0.5503421870805171,
12.715039245119423,0.47005599093219486,
19.361046883724146,0.11232770247216572,
18.369506762475044,0.143986744344756,
22.07410788052021,0.05422411224384882,
21.809455836028366,0.05838535598089101,
13.949086292026779,0.3774393412136847,
10.354317695625978,0.6647355292557066,
7.109082321677341,0.8964428630496034,
7.729737073473825,0.8607507288379783,
7.805526296106828,0.8560349253877102,
10.22978155587615,0.6750450112799753,
8.089059481939032,0.8377501578300972,
10.996522177144094,0.6111089822135127,
14.173368009752883,0.36174887090661545,
8.305607131093478,0.8231362841144083,
17.47003545144013,0.1786977318354379,
15.409090850555764,0.28251458154845177,
28.24771486415721,0.008356362858031874,
13.424172260749943,0.4156067202662508,
8.627764434542401,0.8004398312916348,
9.016372803180646,0.7717058512089439,
6.729923941177223,0.9155279705136399,
21.90838975831115,0.05679756594757834,
11.517889626813576,0.567516279321346,
16.85805342731851,0.20587458591702767,
5.703313860398017,0.9562873529337328,
11.000100765630048,0.6108091782213075,
8.171295458665965,0.8322642868179017,
14.452237223670883,0.34278323716000414,
8.95565203339336,0.7762846326085187,
11.518025635952508,0.5675049520301884,
5.263653189345608,0.9689212077622156,
15.933416339378727,0.2527440451245815,
13.211714727135718,0.43159450539395794,
9.847836611828383,0.7063274575516211,
9.971813737549937,0.696237620184865,
11.34657344265795,0.5818086684730145,
17.538482341337115,0.17584191942544425,
5.73472959973811,0.9552766268395623,
9.475545422897447,0.7361548542491452,
5.843752851880207,0.9516549118989572,
16.417790220901992,0.22730324770626842,
8.97932633928864,0.7745031299797303,
17.003293395436827,0.19915356322950073,
23.7755276488918,0.033258733779074734,
9.962890009325196,0.6969661338776444,
19.728367042897037,0.10219341931697257,
15.837513888571989,0.258015497757093,
13.50204636050932,0.4098217823293103,
15.439777933726193,0.28070816197920956,
6.517224996223364,0.9252903354631284,
9.788103874128577,0.7111632628331831,
14.127270905920504,0.3649423946506225,
5.379194372441346,0.9658700483771272,
20.589316568883767,0.08145875048911122,
15.370796934112281,0.28477993059163786,
16.931681845749452,0.20244604283733403,
6.755227591413603,0.9143210494388386,
14.260117533261772,0.355783673501342,
11.162705262771771,0.5971893466973766,
8.27052146017218,0.8255405139881402,
17.651701237174134,0.17119744763445632,
9.988763519237995,0.6948529564287933,
9.912859234795896,0.7010441850717624,
7.01576824949645,0.9013371303491592,
25.818856927456164,0.017978093822358376,
25.525956227204865,0.01966967845908596,
11.080096956661244,0.6041076486001884,
12.190307254572433,0.5121038553273035,
7.9279639230588925,0.848261399244063,
22.555726130351417,0.04732706454939961,
20.637538143040906,0.08041401592982345,
10.291900880813651,0.6699081043000075,
9.48722312149491,0.7352314733628071,
9.832322066206581,0.7075851389048992,
11.42872435265865,0.574949307713194,
11.234739521681798,0.5911599269540118,
8.558745743597216,0.8053933441931393,
15.235198013711607,0.2929008962222375,
11.417685841601891,0.5758704195565586,
13.615021655795676,0.4015034552438437,
16.432997739523188,0.2265363245550931,
12.481922144140173,0.48857655565986613,
11.524432708900802,0.5669713891994026,
18.10364611722966,0.15362358712928492,
6.178587557890593,0.9394109436375215,
13.138386103926168,0.43718008708015565,
11.511760597884333,0.5680267609495546,
11.766209779128454,0.5469016227255198,
6.375254297307932,0.9314234888369546,
3.6459712673829623,0.9944074941253351,
5.52470178111658,0.9617570560470223,
9.336514783568447,0.7470797770796542,
5.329766490824363,0.9671983480621816,
13.042456029740372,0.4445376187697545,
12.629864966236818,0.4767909618402386,
16.178628334464808,0.23961845346273491,
11.723609350199917,0.5504277402605201,
19.305868926630403,0.11392118883031932,
7.637503710889298,0.8663884283825787,
7.569351304961266,0.8704815194679748,
16.143248178868234,0.24148100542729733,
12.039232972016201,0.524429398894169,
18.886786893325542,0.12665589126211008,
11.093148670545576,0.6030143987630471,
9.500928737230062,0.7341466440845155,
14.395756135202983,0.3465748825186926,
25.5013481337966,0.019818338628565857,
18.636142962250258,0.13482435516281233,
15.671952986440681,0.26729890898259345,
11.6019528684452,0.560522155321792,
8.698556640756417,0.795309981983103,
14.585396944235244,0.333945206550872,
10.782154261276293,0.6290614947265496,
9.292377457875741,0.7505204790579009,
6.560017863484455,0.9233814186031447,
15.954883751658173,0.2515746947814316,
18.61413045650861,0.13556209853148893,
12.98897218071356,0.44866385846319345,
14.773326970145831,0.3217164581864903,
7.353855393459723,0.8830071366491768,
15.290719905370771,0.28955699668625523,
4.992890142834675,0.975349310821756,
9.650488139753001,0.7222348105731392,
8.02239147545759,0.8421384543763508,
8.368373221542601,0.818801140325708,
7.360457383392472,0.8826329578991116,
12.104880158102446,0.5190630109948708,
14.198374633307994,0.36002332812022475,
17.961345195592394,0.15899268647216835,
8.311028021827513,0.8227635922212864,
9.522672836739066,0.7324231478591936,
11.947053666402969,0.5319901864627036,
8.068521013954978,0.8391077553635813,
19.19916396344136,0.11705683491347585,
10.251755464395217,0.6732292162162098,
29.161930167562936,0.006208290227804003,
12.784426015637374,0.46459782956040374,
15.601871309239762,0.2712984316527952,
25.960981880118922,0.01720705294065661,
15.191474014452192,0.29555248313667026,
8.32284673552573,0.8219499105794037,
10.149191597722439,0.6816913003160463,
15.868326458548614,0.25631335239782693,
13.248353483987982,0.42881641989205077,
9.539216485196143,0.731109902207294,
4.208773232865197,0.9887610382887287,
8.743118066582083,0.7920560615951552,
10.737691216686832,0.6327815199110702,
5.20291810308652,0.9704501742443913,
11.285391226723798,0.58692290689051,
14.077122904341987,0.3684351052684285,
10.13046942540932,0.683232199019586,
5.396042641231752,0.965409349260809,
6.466492299341148,0.9275173018759132,
23.919964912296592,0.031874285803150326,
13.27441541877979,0.42684555139928815,
15.774361031466102,0.26152927616895183,
4.510277441531725,0.9844546484708296,
21.418268068050093,0.06505715130134648,
10.416327739419918,0.6595866829385227,
14.301255198404021,0.35297544079835075,
18.38743992829813,0.14335490047450872,
18.481264550465642,0.14008608115112287,
3.276770045013644,0.9967375908772906,
13.895419026824815,0.3812501546693199,
11.664085368953154,0.555362365144989,
5.83901997051716,0.9518158311156288,
16.845662930982716,0.20645588906224588,
8.28305168665585,0.8246834709438512,
5.59878773542761,0.9595451289925032,
10.77625079260218,0.6295555154781238,
18.630296673326217,0.13501996787740134,
19.285163136917205,0.11452405336117477,
9.85286282763286,0.705919763393694,
11.647213913634129,0.5567625855981639,
10.588780610717741,0.6452234922885752,
11.29777422101113,0.5858874629182642,
21.60570631449382,0.061780362640759146,
13.083395968328903,0.44139076764403473,
14.488133596465138,0.3403867089185504,
7.819768862266237,0.8551404486281151,
8.72010388776012,0.7937389463374407,
11.13421528424748,0.5995749682729067,
8.199467823746671,0.8303667543404327,
14.108647310001496,0.3662372423976241,
7.89888095105005,0.8501249862415661,
9.964603073953167,0.6968263091639709,
11.308323015819335,0.5850055244525038,
10.445386186006271,0.6571707474135426,
9.833803402410995,0.7074651046449775,
7.2988090391303,0.8861030976337041,
8.685284813703134,0.796275423937816,
16.944463490584027,0.20185534067639754,
9.004540417490164,0.7726005345574709,
8.692733522505334,0.7957337866549484,
12.45917432640128,0.49039814458382347,
9.13665097751782,0.7625463306353377,
15.14310318982484,0.29850456030380124,
10.085565704893675,0.686922831615286,
14.644623865329791,0.3300602149161559,
15.382390810824488,0.2840927670656299,
7.0186573278156175,0.9011875129708642,
4.158655528642422,0.9893836277133282,
10.851194356874403,0.6232820306550999,
20.85463774715557,0.0758539178765254,
18.63279218237402,0.13493644124594284,
10.308874321100337,0.6685025453749097,
10.056491892036966,0.6893084268407437,
9.650877839177602,0.7222036026098305,
13.531714919865896,0.4076287300475341,
6.942767711036727,0.9050768088717593,
7.034135712249943,0.900383842433765,
15.686495044045104,0.26647420839263947,
21.641016305445486,0.06117973038146185,
6.598704028105894,0.9216317282157988,
6.200605631300786,0.938546067277272,
7.4857643320942575,0.8754158445973458,
14.823336109825078,0.31851101679216454,
14.697361383287792,0.3266249009664681,
9.77340293394155,0.7123507107200273,
6.250345652945534,0.9365650152880892,
11.465876747389228,0.5718505431227523,
13.90830840579114,0.3803329467226002,
6.593012083847689,0.9218905888307481,
13.342694885038828,0.42170301149724776,
9.791240717679788,0.710909748253249,
7.611782094178531,0.8679405309433059,
6.136906009991193,0.9410279511204324,
6.766569911645426,0.9137769211661886,
19.632755588567147,0.1047533473005492,
14.327923128386454,0.3511620765566488,
16.300620657917985,0.23327686989272423,
10.838804340766698,0.6243194588409755,
23.621566701180555,0.034794828783501486,
6.241251253706545,0.9369300511257531,
11.555973001050575,0.5643459541625426,
2.952154107403907,0.9981013401882524,
10.65212127419485,0.6399347877129354,
10.771155482560356,0.6299818826705786,
9.771000760623336,0.7125446392006527,
6.131148521368111,0.9412492264173122,
13.346673237024293,0.4214043198525792,
12.629804638984876,0.4767957454144829,
9.663654045130018,0.7211799874403253,
17.75897219113085,0.16688742493266628,
12.118478316407025,0.5179533973210693,
27.197233957351052,0.01168956960499401,
15.339255135840112,0.28665513445950264,
17.033196644257714,0.19779095678056302,
7.712887143103862,0.8617890289764176,
7.263505861193992,0.8880660853290596,
20.117594620250372,0.09231660097240191,
10.072853431238533,0.6879663058214498,
14.519212968715578,0.338320120383624,
10.44889899705681,0.6568785619976627,
11.264260385339984,0.5886902009694254,
8.686581307155322,0.7961811872250155,
12.59621581882981,0.47946200506993153,
7.590736377745804,0.869203890430565,
9.894474038968534,0.7025399994232508,
8.364509205585504,0.8190692725703927,
20.851715969441706,0.07591375492689678,
12.923584449362698,0.4537314445577183,
16.547751722153926,0.2208112172066493,
9.329618336279594,0.7476182889608274,
10.333310058805138,0.6664776392080605,
6.258756711521023,0.9362262830508127,
20.11328864082031,0.09242120719755109,
7.705469716092462,0.8622449152514811,
8.328536625573387,0.8215576269190117,
6.97641093669127,0.9033631007552847,
15.251747629688778,0.29190145566274683,
25.798017487692967,0.018093819744639306,
12.631991193155397,0.47662237722418477,
11.320624032109869,0.583977250894747,
9.82088833447621,0.7085112701373222,
17.132535679851593,0.19331594057113788,
7.814485688588559,0.8554725512635976,
8.429905329208488,0.8145094828801912,
9.799004967087624,0.710282043424652,
9.659482214778079,0.7215143296788064,
12.770116759899818,0.46572130333209105,
6.768654229092342,0.9136767192203687,
10.623394839719033,0.6423340755957991,
20.07276441267042,0.0934106840404354,
13.568636725478967,0.40490802284306726,
11.706027892477454,0.5518843570812273,
8.58160939115507,0.80375771757751,
11.62183521850479,0.5588700828249793,
10.574398169748399,0.6464235027356706,
8.162904742240675,0.8328276580000951,
5.69989449470928,0.956396478715345,
15.277217888237669,0.29036779219809605,
11.741665047731946,0.5489326553983525,
20.702983834293633,0.07901480718057097,
19.196256634233787,0.11714327632492105,
14.669965880660893,0.32840661096677004,
14.266251458808624,0.3553641042510114,
23.3770114763078,0.037368324638404005,
15.607993764283762,0.2709473698684244,
8.90065266104814,0.7804047100045497,
10.366404333483684,0.663732695303845,
9.762920642117114,0.7131967352842012,
9.50657483369202,0.7336994013199463,
9.064623975077954,0.7680454400738068,
9.234604446809707,0.7550030428837088,
10.994926298501499,0.6112426803549607,
7.970031677839871,0.845547158099536,
11.602632056648718,0.5604657057233657,
24.8697652026049,0.02400998865723669,
6.188742456457975,0.939012975658975,
7.286021941537489,0.8868161513711167,
10.595656184432087,0.6446497041453191,
17.89787161913905,0.1614358607324855,
4.913776929347182,0.9770424214648928,
8.643841234239686,0.7992791603608603,
12.527362999936381,0.48494515376884917,
13.524094552989599,0.40819143688278303,
9.335888536204287,0.7471286915417723,
13.312338882943362,0.4239855444946232,
8.098155660394038,0.8371472905673476,
18.136702095920082,0.1523976075802187,
13.88445344796962,0.38203143546911644,
16.368988764471307,0.22977734917714743,
10.340938149013697,0.6658451954983835,
7.8640934937948765,0.8523401658149077,
12.617264184427968,0.47779052856665527,
11.311302039064543,0.5847564841674902,
18.93186500202939,0.12523139075665812,
18.08572453117288,0.15429159539734438,
15.833388185019208,0.25824401895793836,
9.582217701702458,0.7276887001649157,
5.691833140646404,0.956653063143403,
17.28487834477582,0.1866062103016588,
18.902456983362605,0.12615918194912523,
5.27803358860421,0.968551678870836,
7.491942909948703,0.8750543726953557,
12.01918906105869,0.5260709789961392,
11.162332863394358,0.5972205267236159,
12.603332872294853,0.4788965803957037,
21.8670051873444,0.05745700232215145,
11.875973909343724,0.5378393533128272,
7.747201055475728,0.8596706780993413,
13.117486614738839,0.4387781961945192,
13.781010636421351,0.38944516192233347,
10.526057104900744,0.650454262905473,
14.543809009476469,0.3366901399345371,
13.961644103432509,0.3765507396686958,
9.640736777207234,0.7230154430192783,
18.408825567744216,0.14260438463502267,
9.930015822755887,0.6996469684688247,
26.792667455774847,0.013279902135707289,
7.125121012254379,0.8955888534254821,
12.345353286228038,0.4995485098105933,
17.604482373141014,0.17312248644602568,
23.19204808720595,0.03942851732461072,
19.5512319518234,0.10697900448707964,
7.944774830346407,0.847179377332689,
8.892152909082451,0.7810390788390085,
10.991554259000477,0.6115251799846874,
7.970558355898642,0.8455130378335096,
6.937554577156735,0.9053408552055788,
8.232259341792428,0.8281465821102488,
12.689223437884328,0.4720933118520473,
23.137457678562765,0.04005599040773733,
8.322489900530934,0.8219745002537704,
14.913096250247596,0.3128093795525726,
8.218865642274455,0.8290549015011348,
17.559109250413506,0.17498841155547407,
5.80502658024536,0.952961742829351,
9.495754900105599,0.7345563030358814,
9.908071727169125,0.7014338417157747,
5.701979190872739,0.9563299682631825,
18.521514848442166,0.13870266255671604,
14.3395519076934,0.3503730982286981,
12.558226655627893,0.4824844016949992,
8.749472597453359,0.7915905099303037,
19.20023472153644,0.11702501239454788,
25.43618812769222,0.020217035817575613,
8.836633320136826,0.7851668893669623,
11.741394788337962,0.5489550277344053,
8.539169908011564,0.8067895368739945,
26.4726722559762,0.014679310140226165,
9.315095043879293,0.7487512574865394,
9.538778888925073,0.7311446604046239,
6.484924477372878,0.926712738939314,
8.115325529997916,0.8360066456769879,
15.482741361113423,0.27819244750277594,
11.512458810148118,0.5679686039165271,
18.293393619587555,0.14669385743683094,
14.156715629300741,0.36290062644247556,
8.458310470182045,0.8125146213542173,
13.82284428500489,0.3864375012781798,
10.333300407680555,0.6664784392830456,
19.094920403453624,0.12018992362434522,
10.679252535165455,0.637667696495112,
9.116802152974904,0.7640658603357584,
11.607348440646053,0.5600737388283745,
13.868389474710947,0.3831775762822367,
7.986386961419303,0.8444860072889873,
6.048663779421673,0.9443639027573005,
24.270255471001533,0.028733203986110678,
15.472256265913853,0.2788049615717719,
12.417667323024741,0.49372815841924966,
13.096918437969423,0.4403536053405649,
9.655622866819098,0.7218235425353636,
14.603322514169992,0.3327663762474451,
10.653411103004077,0.6398270315718867,
5.757480566744709,0.9545355050755575,
16.74745613307881,0.21110761576863069,
19.348810470529067,0.11267944436413813,
9.227905215437886,0.755521249623456,
14.637983049674848,0.33049440201979996,
15.638210847903784,0.2692193665628104,
15.681319957455925,0.266767489744425,
11.221246404003885,0.5922890252921309,
11.468462791617135,0.5716349342790543,
8.752956152958033,0.7913351327937357,
16.677199121251054,0.21448393449467062,
12.33528355796668,0.500360839222695,
11.69481159971646,0.552814027227214,
10.441592917060772,0.6574862298991958,
15.515247421962584,0.2762994267388641,
15.294388266329364,0.2893369768457703,
14.484173491219721,0.3406505886209157,
24.743450996232852,0.024941078658696214,
5.50211973293757,0.9624153797671241,
15.476290771710902,0.2785691654841975,
9.061270058947885,0.7683004903189385,
14.038554685349792,0.371134372555195,
13.341327000056241,0.42180573537299915,
6.030841987338325,0.9450232691484465,
17.90138261507995,0.16129993453338431,
21.094302861742356,0.07108424806639446,
3.096875156379072,0.9975619671048581,
13.334098708830869,0.422348762022313,
10.912001461329394,0.6181894544801434,
11.791960904210825,0.5447725080131403,
12.246381350391895,0.5075515213398104,
21.59118313096063,0.06202892109429503,
6.957593887318465,0.9043236604082984,
21.31095597783094,0.06700161562488727,
9.624714886743288,0.7242968876288547,
7.546801502639983,0.8718220431554133,
8.869471177019088,0.7827287693726457,
11.593220402773316,0.5612480279233306,
11.760245621144323,0.5473949987223177,
19.538118260931036,0.10734074308350994,
13.962579342946206,0.37648460860938293,
12.154191460117032,0.5150425277851189,
11.145808362421706,0.5986041622053796,
5.643106043806077,0.958183528378125,
6.97322987867905,0.9035258525592561,
9.463505534248002,0.7371059664676304,
17.103684532267003,0.1946074734547265,
32.218683133751796,0.002229309918281408,
6.885090282201412,0.9079757288158112,
19.15743176386239,0.11830277933303701,
5.224245090711978,0.9699191063321564,
21.524360792294956,0.0631840268143713,
11.134377638570593,0.5995613722162259,
13.929121548183542,0.3788544927277524,
9.061418273385401,0.7682892212083627,
14.02945630066715,0.37177278787857304,
10.03403182990994,0.6911491229497617,
8.402377111041694,0.8164345357638697,
13.783240470885131,0.38928452448528217,
8.464997575875753,0.8120437493791927,
17.852997014296434,0.16318126889035556,
11.346887771893169,0.581782405239517,
6.34429482212348,0.9327200740949811,
16.907320166250496,0.2035755825022938,
7.430153151005689,0.8786456772416975,
5.858096191177549,0.9511651797936852,
9.392933759965445,0.7426619772395382,
6.717359196109069,0.9161236930413089,
11.558164596608812,0.5641635970447325,
15.494210845725435,0.2775234917183458,
15.92156824912876,0.25339108887160156,
14.896413484487404,0.31386404276334234,
17.469315599747105,0.17872795941511566,
5.711073270640693,0.9560390754627818,
10.350303712550085,0.6650684880779771,
21.41621419490894,0.06509389338364635,
13.19202644706044,0.4330908736849859,
8.31673913851308,0.8223705933019099,
6.489884320413547,0.9264953577928162,
6.774431214732135,0.9133986538201055,
12.906811623984801,0.45503535547655083,
13.588734373522717,0.40343104467709046,
23.749238517120876,0.0335165567641057,
10.947892912639464,0.6151829144352738,
8.80948417646031,0.7871752585329318,
7.995144498122921,0.8439164585066279,
7.209402298855849,0.8910399785599223,
8.089157560597446,0.8377436627257637,
9.383025423919124,0.7434394032879029,
14.244609073810347,0.3568457863561878,
8.663597405279752,0.7978493708279338,
9.253040417710322,0.7535752524172572,
17.85160772918321,0.16323554604061008,
9.456550193745269,0.7376549929028532,
10.859958327228938,0.6225481611731669,
6.6766019815018005,0.9180396835252282,
7.726707172462909,0.8609377064766458,
13.085038434344145,0.4412647321422343,
10.024856078407991,0.6919005446969022,
9.860124030738397,0.7053305709689812,
23.087576370675585,0.04063724523302359,
9.322736415797047,0.7481553352009063,
10.253863294667708,0.673054960195021,
21.03905268771654,0.07215979415545026,
11.164563898475965,0.5970337292581679,
16.956785318767725,0.20128714125728442,
8.750123585257043,0.7915427951331,
7.500402506424814,0.8745586033678845,
10.829451192483642,0.6251025442032332,
9.111544801769705,0.7644678177173938,
17.706086091294303,0.16900138619865146,
14.37159427120938,0.3482046466680562,
15.266144590511887,0.29103388811665876,
13.74299868471786,0.3921890933641805,
6.1728236954703055,0.9396361278668266,
8.506833313009503,0.8090872281742378,
17.847775363900315,0.16338534546324412,
15.045199167231676,0.3045395933602906,
11.00454485489484,0.6104368650553685,
13.711594054188613,0.39446393903618215,
14.292517849883922,0.3535707791157543,
9.22133985648878,0.7560287776094298,
8.525600919040604,0.8077550017610096,
24.721005509472764,0.02510997799610648,
11.868996257629016,0.5384143911570672,
5.70968403922236,0.9560835922886218,
11.907093346790749,0.5352765739940811,
14.753260680188074,0.3230084269601682,
8.850204874037473,0.7841604165621204,
8.52810878909704,0.8075767037996122,
9.739373511780572,0.7150951658824662,
3.8420345271193987,0.9927585313233448,
13.782369033352444,0.38934729860483575,
8.706612671564494,0.7947231283600331,
11.693242430345977,0.5529441137188393,
6.379632667170012,0.9312389404889546,
8.090068875157781,0.8376833068777295,
15.466023645660384,0.27916949646391154,
16.02097756084263,0.2479989299043357,
15.10963463326885,0.3005586242220766,
18.494021887253393,0.13964638417155373,
8.708759598453058,0.7945666270345124,
17.468461074741136,0.17876384734615924,
6.044241960979644,0.9445279502598091,
24.00850629049435,0.03105190507995359,
24.86857403060753,0.024018616963385808,
14.636850633625208,0.330568476963533,
27.852267077591453,0.00948894085678631,
7.467513313292588,0.876480541872361,
7.919227013600676,0.8488223555908387,
14.041561822726381,0.3709235058903675,
14.515107537435474,0.3385926616381021,
7.4552919695555975,0.8771909272936899,
11.433222898039125,0.5745739796795502,
18.35574204389607,0.14447326456620446,
10.130839442253533,0.6832017572660636,
5.819616778130555,0.9524720313218182,
13.312170316277042,0.42399823625300015,
9.405041665612671,0.7417110743768496,
11.49814372882638,0.5691611461995375,
19.390107805804284,0.11149604809530789,
16.273674346949193,0.23466689768136628,
19.802911202932197,0.10023476197423087,
7.819053891360483,0.8551854129113563,
8.939283125800264,0.7775135928562669,
10.780990830554337,0.6291588566106154,
22.968821706908752,0.042051966818224984,
12.925701741794683,0.4535669627379223,
6.572549734505516,0.9228171198238285,
10.609245993943164,0.6435153718292863,
7.344588479649482,0.8835313219781291,
16.55448676740312,0.22047859844688023,
17.496590309428278,0.17758546977547518,
9.592053785924868,0.726904591123945,
6.9547098650286765,0.904470419426693,
18.286665529086928,0.14693514070085245,
13.39132503320768,0.4180590872102474,
12.145028640698108,0.5157888961287198,
8.315717258136933,0.8224409385572657,
6.614791634673704,0.9208974301355052,
15.07900849013601,0.30244645163844863,
11.840531271657275,0.5407617404563387,
13.776849746369416,0.3897450093871462,
18.180742869772526,0.15077656691972252,
8.462738272083996,0.8122028908832469,
7.315004355379761,0.8851966665707787,
11.943468057146879,0.5322848620082437,
20.1269517130611,0.09208963842798645,
15.438385662072319,0.2807899469706987,
13.772533973672294,0.39005615107635183,
20.3082610439267,0.08778591114442591,
15.402560294593092,0.2829000337921227,
9.982749757775983,0.6953443705249219,
10.230783511280155,0.6749622478862619,
16.487912540006267,0.22378296407454057,
14.425226307035818,0.3445933420185241,
8.990413138190506,0.7736672060400163,
13.457107601175467,0.41315506658410883,
13.238618171407525,0.4295537496027403,
16.674787148286093,0.2146005661666569,
8.058662053051059,0.8397576408429369,
13.075872162624647,0.44196832142710807,
16.66997575192864,0.21483336569078215,
7.498750553527864,0.8746554920291314,
4.376883966687269,0.9864819871570353,
10.62821876821963,0.6419312543963833,
13.523939754430698,0.40820287174392456,
8.269836053641278,0.8255873434581815,
11.026079241099064,0.6086327862880945,
7.370910358025816,0.8820392683927888,
25.482559727319938,0.01993254378321696,
8.013541202123264,0.8427169714394105,
11.223489529921485,0.5921013108203841,
10.12830007886568,0.6834106641699391,
12.476653317845685,0.48899825257821794,
15.97933906810977,0.25024733194369686,
8.992106731428816,0.7735394208758266,
14.93627370396046,0.31134795799494475,
9.596300478727166,0.7265658797075284,
18.421822917148024,0.14214982577737012,
13.621354933371594,0.4010397751984959,
21.914001504796374,0.056708668071072,
16.576018120633464,0.21941776446000638,
20.047806244460503,0.09402461165887144,
9.738862629902957,0.7151363226654863,
5.6981594837456715,0.9564517836312983,
5.411721841162868,0.9649769807801395,
6.921015072003854,0.906175918000656,
15.131010644276582,0.29924563346634814,
14.115128384276753,0.36578632894947427,
13.274674189478567,0.4268260044989465,
12.891329955663501,0.4562403273847928,
4.7952198232888525,0.9794286319699899,
5.11511102642381,0.9725708893876447,
17.738726824266596,0.16769416532096537,
14.90242306165065,0.31348385938017354,
8.95930905221221,0.7760097527793252,
8.944913247451279,0.7770911497203739,
10.17148824448522,0.6798546343066298,
11.535977803326613,0.5660101434868403,
7.185513777425441,0.8923397039122246,
14.670377718460784,0.32837978112906074,
18.341647201714135,0.14497284556611478,
20.46997227559495,0.08409532443337508,
8.538632005592168,0.8068278459039402,
11.553828019721223,0.5645244419382367,
8.515425571934074,0.8084777556175066,
11.98993288475481,0.5284695348076482,
13.809076340741573,0.38742594709713096,
18.651762231326707,0.13430289339465384,
7.619148275391507,0.867496941628505,
16.80523506665207,0.20836127738541277,
14.483432783709825,0.3406999592661659,
19.51488254932306,0.10798424592259559,
33.052950821158845,0.0016730845791883553,
15.57155483968417,0.2730414518345812,
14.991839352659117,0.3078625040304115,
3.782795206704026,0.993289994912732,
13.748900286625656,0.3917623944323181,
17.545512471339826,0.17555065507006073,
12.183978864731833,0.5126184138567709,
11.215091821741472,0.592804088533303,
16.769266957896704,0.21006769720487162,
13.086099907708402,0.4411832881925566,
17.009999821787243,0.19884734352500022,
11.296912842932667,0.585959484433064,
7.003380671983409,0.9019772574455434,
12.475826452927915,0.4890644436647418,
9.651864919986384,0.7221245512648407,
11.262618768648805,0.5888275176151576,
12.372256346290103,0.4973804210506041,
13.046969589755347,0.44419018561457513,
14.320367151590428,0.3516752988329468,
11.511094077518157,0.5680822790733537,
10.223767671862563,0.675541703618669,
6.845814725535482,0.909921418356775,
4.965121463315455,0.9759529117675325,
11.965395825773419,0.5304834337578782,
11.461143209225686,0.5722452264204603,
8.627895183821387,0.8004304021085223,
7.676791487902291,0.8640007167958986,
14.914796511661295,0.3127020206316067,
6.209528725989912,0.9381934581517082,
12.608757928304607,0.4784657507575987,
10.64834472532992,0.640250278772714,
10.23868677090588,0.6743093148979558,
10.732009812551151,0.6332567195068348,
10.462089701294218,0.6557811573583413,
16.206926469177272,0.2381362974639767,
7.807860764152349,0.8558884917816079,
6.91274460088891,0.9065919633624128,
13.602092918847314,0.40245088585685007,
13.917272987135785,0.37969575543407896,
23.437105220563865,0.03672036457542738,
9.605055573233438,0.7258672515764293,
8.378891930782729,0.8180703998593315,
10.853432618047792,0.6230946092386951,
24.994045675326408,0.0231253448799682,
8.737746362263067,0.7924493108443637,
14.252943189301648,0.35627478223561804,
11.145873819015856,0.5985986810641368,
7.962453434890944,0.846037727938167,
6.702000482495863,0.9168486492144149,
11.891950881313367,0.5365232281116742,
10.75519578329344,0.6313172123875503,
23.105907471814348,0.04042275394068129,
21.063623105795116,0.07167973249275983,
4.399109580487906,0.9861579721604148,
16.446581343814614,0.22585292440385318,
6.21085607068396,0.9381409023156229,
9.52860465621253,0.7319524687963596,
4.84641017549147,0.9784202668179208,
22.13575884932117,0.05329365931580399,
11.697039816409783,0.5526293151467927,
10.4456557583392,0.6571483261331768,
9.655182191413921,0.7218588443863257,
13.30400802194813,0.4246130156594885,
15.30923008107066,0.28844795543786816,
13.183782961806198,0.4337181316549379,
15.152979466440813,0.2979002164979486,
8.345804907713642,0.8203648928539413,
17.533668029142525,0.1760416008557366,
9.858873223242105,0.705432082339602,
6.826600797009328,0.9108648747115282,
10.071775771115208,0.6880547365311217,
20.622845020099366,0.08073110304913711,
8.846307727749771,0.7844496011472684,
11.829684486950201,0.541656842820644,
21.632672777204874,0.06132118621581295,
8.249319356198027,0.8269866609078518,
3.584351490149337,0.9948630361254917,
12.686251727301645,0.4723280576896971,
6.369987852334442,0.9316450815946377,
10.371805442222811,0.663284442597152,
18.14114777792579,0.15223333315329035,
7.383391499652571,0.8813283831867029,
23.213933912305954,0.03917947373158093,
21.03942425824629,0.07215251335149897,
20.25233609114997,0.08909446444977431,
2.880373386295083,0.9983322811351234,
5.57666000900017,0.9602141753516965,
15.52572711019028,0.2756910363026476,
11.401471742420924,0.577223745813465,
11.619359669706812,0.5590757348065194,
10.046433151905182,0.690133025506738,
13.124342009834802,0.43825369045559304,
5.615646991155267,0.9590305605655003,
15.977867158133899,0.2503270801077334,
17.60733186902312,0.17300583216321108,
10.119241168982937,0.6841557309626035,
5.442398308471745,0.9641208767051933,
15.991343093246188,0.24959763585184536,
18.18125051628513,0.15075796357675686,
8.293129636249915,0.8239928792539506,
14.68362385287777,0.3275175777535221,
12.20845048390066,0.5106295210964739,
12.20709526942914,0.5107396014529315,
23.86177603621523,0.0324255612606813,
20.631710291137676,0.08053965464633961,
9.43107440603167,0.7396632770993165,
8.566473333135116,0.8048411189006244,
12.244041168975441,0.5077412512525671,
7.93343720224238,0.8479095011294411,
12.698768371620117,0.471339638430853,
8.78124180242613,0.7892573168483039,
15.854368746751263,0.25708340854198075,
16.118671309355513,0.24278102508556432,
8.187933897106124,0.83114472580909,
11.15481121755808,0.5978503122777556,
10.588086375942588,0.6452814241174473,
10.80682514636684,0.6269966482478827,
16.78698606883767,0.20922573473644857,
18.840607783503003,0.1281291529198475,
12.445262120018384,0.4915133981411962,
17.62244515240171,0.1723881579458778,
11.026675487884544,0.60858283520794,
9.542384518885836,0.7308582311174536,
17.927142525819377,0.16030546468250506,
17.77078406752917,0.16641817683516535,
10.604695771100932,0.6438952080095234,
7.507196700717408,0.8741597246479669,
19.350177265706662,0.11264010904699495,
9.444726826161128,0.738587565996669,
6.742913626753432,0.9149095992149852,
12.512109168423477,0.48616305394737536,
7.384461992748778,0.8812673099820281,
5.033307454402087,0.9744525823828024,
9.689254121631517,0.719126224993271,
17.128370543948375,0.19350198334280533,
9.879329810538504,0.7037709773701479,
24.697074047411828,0.025291221717586798,
6.518791737890111,0.9252209373829048,
11.652460586333158,0.5563270749990802,
12.108969019763759,0.5187292859400938,
11.457065637810537,0.5725852452359925,
9.96776937699721,0.6965678346731345,
22.120745174962444,0.05351892394430935,
20.413682611968362,0.08536440311340165,
2.89357011447083,0.9982915344790375,
10.843112764994912,0.6239587207197752,
20.429109969993448,0.08501494323259629,
25.48611383928293,0.019910893348521586,
9.751941850808485,0.7140822299713346,
15.858134357138749,0.2568754950950878,
7.67392843877647,0.8641754092975649,
22.532665050441707,0.04763841317845685,
8.316567502225686,0.8223824093881543,
16.325440081086313,0.23200193405015757,
9.484537166182408,0.7354439340724823,
9.731803683136192,0.7157048537256743,
8.670113876796686,0.7973769241098041,
5.276617664322026,0.9685881916855508,
10.435169466065515,0.658020388976669,
14.076526626174793,0.3684767506355302,
8.308796126501917,0.8229170769842564,
29.867627767225688,0.004920936145079158,
6.9891413360413095,0.9027102835466498,
10.02300616162999,0.69205199780122,
9.320619741345832,0.7483204479137748,
13.994944096125899,0.37420013642272787,
18.81068788701784,0.1290912817688019,
8.212474170397934,0.8294876272733536,
5.080094198890809,0.9733873733130809,
5.099152203326762,0.9729450527255142,
14.701120173645545,0.3263809199334189,
19.001437935598638,0.12305908463564796,
17.413563019608823,0.18108134877475068,
11.70255972381335,0.5521717852641015,
13.056931085041857,0.4434238309172307,
7.6007411449696995,0.8686040525722315,
17.625455143448203,0.17226534998065246,
12.164854139031233,0.5141743954608095,
16.482827076526622,0.2240368896012872,
15.279962453313047,0.2902028569598758,
8.189420697427208,0.8310445263919146,
13.615453073427478,0.4014718607844867,
12.21518090089937,0.5100829372935944,
8.404951822756631,0.8162548310398352,
15.26166700804728,0.29130352255314906,
7.40719701402652,0.8799664681928614,
9.1733575877606,0.7597281643551679,
19.147638363862253,0.11859677669608137,
11.3302745628927,0.5831706632711064,
7.249717781184928,0.8888279404771893,
7.88360830648764,0.8510993876340839,
17.914283805527983,0.1608012618597835,
14.95073331035593,0.31043848496780635,
7.096349221241076,0.8971181974963363,
16.839583475686524,0.20674156563073942,
10.735566892918316,0.6329592048503242,
10.462477630798663,0.6557488777652227,
7.559248158035965,0.8710829747633361,
20.11647739076223,0.09234373230097614,
21.966311491667067,0.055885958193677365,
17.820569054573017,0.16445195492404396,
31.3413278989157,0.003004805006799449,
7.715635417236147,0.8616199327343295,
11.538300576471627,0.5658167801428744,
7.352715881314536,0.8830716584888578,
16.047594702900767,0.2465693152101205,
16.22319851711008,0.23728706971638824,
10.340794719914797,0.6658570886056152,
8.205745786730999,0.829942656299874,
16.30302532328194,0.23315312043966174,
4.219939416106746,0.9886188456457186,
21.378555917051788,0.06577082993904138,
5.341143313455069,0.9668956773146551,
8.183214816951729,0.8314625876442522,
14.272381439477385,0.35494509906139615,
7.217792984731118,0.8905815140804788,
12.166937866732225,0.5140047944906452,
17.804602226079773,0.16508051791233136,
10.345152135267076,0.6654957485391518,
9.406125266842162,0.7416259252614413,
15.3574838092931,0.2855703913954065,
8.948071033746443,0.7768540928594327,
12.57392655195856,0.48123445434380363,
12.312528509568022,0.5021981258373341,
25.812258631572227,0.01801466076015823,
8.15565734376695,0.8333136036565552,
7.192130308410661,0.8919805335001905,
4.61413201696582,0.9827353635456312,
14.93076556437543,0.31169486246371503,
5.044497202993094,0.9742004839552992,
6.487643873964247,0.9265935990334097,
21.88050046963559,0.05724121755314249,
7.9786638114107244,0.8449875042671517,
9.844105461050596,0.7066300269206072,
10.675089313668503,0.6380156377619123,
10.826095865643891,0.6253834525512836,
11.407146628287999,0.5767500409850168,
9.165156325125611,0.7603587225347759,
10.064846322171151,0.6886232486061141,
13.206169106019214,0.43201574056721315,
5.245149182700658,0.9693924573740863,
12.61935342285963,0.4776247421414296,
14.398183559326139,0.3464114042698866,
8.336380078758253,0.8210162810667551,
9.868927609323533,0.704615894712031,
7.59893650213143,0.8687123496904353,
9.221931080692464,0.7559830868048418,
10.357947119159784,0.6644344336611199,
11.277278980434458,0.5876013268322782,
15.331245221274045,0.28713267027161726,
12.962164319745476,0.45073845507791077,
16.676312879436033,0.21452678341824105,
13.53366216030747,0.40748500526907083,
5.024604686123608,0.9746474983297859,
14.013059775071842,0.3729248827049765,
18.16556635489695,0.15133359116849632,
12.600994024584601,0.4790823653692896,
10.840473950966263,0.6241796661512211,
11.237033592793766,0.5909679756441844,
13.072894303574657,0.4421970077116064,
20.454012082887914,0.08445348046680279,
11.974895184672237,0.5297035271484742,
9.963970414081999,0.6968779499302873,
7.8490747297437755,0.8532917992825437,
12.928505603020854,0.45334918475955543,
5.74534170825538,0.9549318923923764,
9.549165103060675,0.7303193716807679,
15.145053069893734,0.29838517954977506,
8.474667680788679,0.8113619957862235,
14.77529995805211,0.3215896057570037,
7.3509134353636885,0.8831736799584852,
14.342071803062444,0.35020227146581107,
17.952335786310503,0.1593376459936907,
14.558456068419957,0.3357217950657355,
7.914515746236324,0.8491244490118747,
16.115173528139977,0.24296645705582942,
13.85414108200032,0.38419577298151997,
12.12914295524142,0.5170836463609965,
12.605016304616834,0.4787628750559497,
12.83561418610975,0.4605880798240921,
13.273969108445355,0.4268792655993463,
10.251855263428997,0.6732209660519249,
16.302780288015082,0.23316572828782678,
6.960666756538118,0.9041671561971785,
11.154965156385684,0.5978374226827583,
12.516042709837468,0.4858488833408289,
16.919762567777244,0.20299808381905127,
10.811256886655187,0.626625680776596,
12.891811134074679,0.45620285556432194,
9.697650476429299,0.7184518499507052,
14.32842622046086,0.35112792116892666,
6.789730910075281,0.9126598069506362,
16.199720584481735,0.23851307799722143,
9.976651301507246,0.6958425517034252,
7.623178781295591,0.8672539185433786,
19.394435688950058,0.11137264086947807,
9.953185542475628,0.6977580012824669,
4.072416187576193,0.9903963942241484,
5.477880677211205,0.9631137916065433,
11.28244599248293,0.5871692062657945,
31.901057527098708,0.002484736168713475,
7.648164576188931,0.8657425407340363,
11.57521521369318,0.5627451906850411,
22.23234896569408,0.05186461394191322,
16.56232027488642,0.22009220322675005,
8.542959135371794,0.806519586681546,
10.965188357136707,0.6137340142146706,
17.36269862825712,0.18324958433774696,
7.430966629682779,0.8785987392362935,
10.73327871441027,0.6331505898998808,
7.182890064689436,0.8924819545236455,
16.24251278305734,0.23628195393123574,
8.59291065918503,0.8029472919350433,
9.677856084499542,0.7200410747868804,
10.006503396644716,0.6934024755027917,
11.308257500190575,0.5850110015398416,
7.519079156380794,0.8734606042375899,
17.39715051333128,0.18177876406944216,
11.346034182082887,0.5818537257477023,
8.282128443202621,0.8247466792491682,
6.190213415346911,0.9389551986366246,
23.634811489212705,0.034660180098229354,
5.3881907945474286,0.965624553226285,
15.129802764612691,0.2993197237883173,
11.316349494263383,0.5843345505295878,
13.739999256513114,0.3924060550542168,
12.827568624842884,0.46121735425492816,
20.731247594235395,0.07841713546354334,
9.551892742349004,0.7301025252242975,
13.55217576377665,0.40611983616792,
6.390222000269138,0.9307913894256719,
15.856059278128736,0.2569900531455849,
13.320006112487441,0.42340845832944307,
14.262827258256793,0.3555982881492592,
8.82414876770698,0.7860912745827856,
11.666968640644999,0.5551231392822688,
22.52667438405027,0.04771959460190567,
6.183357605323172,0.9392242026614035,
6.136683461815309,0.9410365136158195,
14.962284851504588,0.3097131692016598,
9.45630584168717,0.7376742754093302,
8.43635050740581,0.8140575980267275,
18.050225526831134,0.15562172345567782,
19.067633393973214,0.12102156515380547,
19.502794152165407,0.10832032131456937,
21.47266047148723,0.064090771266335,
7.9642571658057175,0.8459210294586528,
8.238700645128793,0.8277090231655518,
15.395580753535603,0.2833123843175154,
9.837444762297194,0.7071699965656826,
11.778652459740748,0.5458726298923973,
19.579900465996047,0.10619179404028856,
3.6272826656274315,0.9945486912556728,
7.716979147749088,0.8615372194549351,
16.886398882325874,0.2045494514802385,
11.5627109192128,0.5637853398632396,
15.67272222989977,0.2672552392738695,
5.857304328809036,0.9511922973858318,
11.434215231094539,0.5744911904530853,
14.027428131181912,0.3719151859983798,
16.478088581095708,0.2242736838182291,
14.024909240247293,0.3720920811457723,
11.508791876255389,0.56827404831077,
19.731478365639685,0.10211102031084551,
18.617672846721824,0.13544315174503585,
6.974084338006907,0.903482150710593,
11.661425566341833,0.5555830671292891,
8.150369479775595,0.8336677732852561,
15.327880411248266,0.2873334350768899,
10.344764514328245,0.6655278941544482,
8.425002869733035,0.8148529074255092,
3.3036538056580707,0.9965983208197179,
10.989782570163033,0.6116736067682789,
10.804530540682025,0.6271887169438565,
16.242995203094438,0.23625688880699358,
10.904724658499623,0.6187989673858639,
8.446511345302916,0.8133443017624555,
22.52547475774084,0.047735866078245426,
18.223219416074553,0.1492264011193648,
14.380249245470132,0.3476203196846712,
12.646695558641406,0.47545713015190594,
10.523357903749334,0.6506792019326585,
10.764170910042195,0.6305663026458765,
7.550334542277805,0.8716124686238368,
8.223404895302865,0.8287472932570548,
10.705704528149962,0.6354564748308751,
15.192586595884453,0.29548481302176133,
7.278799082431667,0.8872178984154073,
22.727420213654508,0.04506605923656892,
6.072632018436829,0.9434695194289368,
16.781027432817613,0.20950858574305908,
10.269709308141405,0.6717445324066147,
7.839347176620887,0.8539066381144194,
6.917376398589218,0.9063590862817678,
22.142583086369672,0.05319154955118688,
25.110704753101075,0.022322491651133758,
17.888233031520812,0.16180948616980584,
16.567405680679713,0.21984163265727208,
7.611483952977282,0.8679584696276527,
11.337967003795942,0.582527813137167,
28.55569178792043,0.007564234207721121,
11.171737082375351,0.5964331624219306,
10.103562969599063,0.6854445176849175,
13.946227598404366,0.3776417898577833,
19.98104971029349,0.0956837860031109,
4.850620604060618,0.9783358520420085,
4.720149708362099,0.9808481136405535,
21.481523382650476,0.06393451555564933,
13.601850653964826,0.40246865046678804,
15.509474828270282,0.2766349469051308,
12.403166922147708,0.4948933643942115,
12.895797093711932,0.4558924994211878,
10.362517060529001,0.6640552649147602,
14.44683961284214,0.3431444861078663,
6.6357296297131345,0.919935862602607,
7.336984477609526,0.8839605425021813,
11.314595639141379,0.5844811577856917,
7.143683942815966,0.8945957764467231,
4.888295931749463,0.977570429993883,
15.972151489722183,0.25063692872493293,
13.006583685614684,0.44730325869025234,
14.60975433222052,0.33234403842528837,
17.530470848412858,0.17617430813840873,
10.54021451748721,0.6492742271565828,
21.802877269344137,0.058492324079586044,
16.648828759914846,0.21585882348841934,
19.061357622625415,0.12121351569932526,
13.318096646717247,0.42355214130301655,
5.547261906097445,0.9610919741998526,
11.244187576680481,0.5903694119399606,
16.737406737018166,0.2115880729283861,
19.777290801900907,0.10090429213026963,
10.427987043326608,0.6586175523516309,
9.959461418408377,0.6972459467657819,
10.706735770643542,0.635370252623511,
10.537895141056973,0.6494675749767209,
13.756400436268413,0.39122048013396027,
20.071719149307217,0.09343632632509269,
8.952263354076626,0.7765392403081491,
18.67713440167968,0.13345937723135703,
8.654160155975168,0.7985328391705242,
14.005816715427386,0.37343446076623543,
7.179571480990361,0.8926617371619845,
10.299613061224603,0.6692695644108375,
8.750538674800685,0.7915123686478991,
13.273089715499687,0.4269456985512501,
8.212414534574455,0.8294916626267959,
16.32422623801102,0.232064167484895,
11.281161598052872,0.5872766184137017,
21.138801560543712,0.07022827518642383,
14.849944769723136,0.3168138732438175,
12.550853923853397,0.48307180268163896,
11.315339391455181,0.584418986029227,
6.452654605650091,0.9281179108664991,
12.86931345511865,0.45795627570647346,
8.311245203137743,0.8227486539634269,
20.470478437582777,0.08408398747446355,
12.866297708199872,0.45819153494083464,
23.081638147340804,0.040706949129844516,
13.301237415493274,0.42482179503635775,
8.218122685970704,0.8291052263978321,
4.030031058369456,0.9908677233278628,
8.802449794940431,0.7876945292088566,
5.351396647111308,0.9666213286016258,
9.907347922083476,0.701492743490636,
15.010109432527937,0.3067220891899851,
8.169453700197039,0.8323880167484745,
11.730909571332795,0.5498231509693035,
7.691866324795612,0.863079122281009,
10.798900468086655,0.6276599620587463,
13.014147736524702,0.44671945445106553,
18.133014583063463,0.15253397561697657,
10.358709957334309,0.6643711445821696,
9.723069846570944,0.7164079192350448,
15.509327832544546,0.27664349440807734,
11.880516393288957,0.5374650804313033,
9.123951991428832,0.7635188602427084,
11.728988906484298,0.5499822032034598,
14.565686853918677,0.33524439247819937,
9.172530943318193,0.7597917447080906,
9.198637566862145,0.7577812698992483,
15.612462953768395,0.27069130663152796,
14.60231296185703,0.3328326977678788,
12.54799973494386,0.483299273803367,
23.977756691195665,0.03133528035617994,
14.720471671287093,0.325126652109754,
7.324980301768242,0.8846364810075869,
8.674103599451476,0.7970874633427594,
9.768718547828572,0.7127288560805243,
17.251948094571844,0.18804097598031944,
12.327870865279724,0.5009591075511763,
3.5350223597570762,0.9952073913961251,
5.893177694033655,0.9499543353921479,
11.916993308452584,0.5344619144865913,
6.617449909186172,0.9207757185668752,
7.873829046195923,0.8517217670689619,
16.647547368143623,0.21592107899203572,
7.8672243805165,0.852141423706702,
9.389606740987185,0.7429230949181903,
9.755654791600865,0.7137828319461388,
10.777484854574197,0.6294522477824219,
13.002987416470784,0.44758094343665933,
16.948309705322288,0.20167784731561422,
15.48674336086453,0.2779589052530216,
11.651351962277118,0.5564190932500801,
10.042062127825908,0.6904912323304346,
7.900180031933743,0.8500419691430748,
23.94637287257186,0.03162694215122186,
17.19988701832632,0.19032679551744391,
16.025907487417065,0.24773369129769374,
7.1907273428446015,0.8920567444160694,
13.277049918964947,0.4266465680100888,
8.306303562733646,0.8230884220381586,
26.120367197156966,0.01637912006694442,
16.15103194357243,0.24107033424303137,
13.517933672995772,0.4086466642478178,
11.293957030680648,0.5862066318917979,
9.894423541964308,0.702544105742952,
13.023568155874665,0.4459928508135904,
9.50184094308646,0.7340743992295912,
13.814577775571436,0.387030814716242,
21.01947275872318,0.07254437076871001,
6.950259642300918,0.9046966361333508,
9.829382190707168,0.7078233288843889,
16.30615350471231,0.23299220964932044,
13.941617852328797,0.377968374337029,
5.1037330184906375,0.9728380054227659,
9.994334156095746,0.6943976187248144,
9.083139897859425,0.7666357477189134,
14.004973312509657,0.37349382327931513,
19.381981365171914,0.11172808150532965,
4.7980454891955295,0.9793738318648416,
18.271469247639747,0.14748130226492517,
15.728538059291862,0.2640999556718886,
13.303078909443872,0.42468302346256537,
10.886281316158525,0.6203437115558931,
10.8821703448157,0.6206880114515089,
9.076342638295984,0.7671535723662947,
7.882475055898963,0.8511715726071548,
18.267804483628417,0.14761326304887457,
28.056161566234135,0.008887996132819875,
11.70943038890733,0.5516024007656692,
24.88686147316621,0.02388646636237657,
5.265029731495683,0.9688859601138509,
7.444442292109844,0.8778198555620629,
12.134383595531768,0.5166564056946312,
28.536661304659827,0.0076110428665439045,
8.2269765259793,0.8285050913796226,
9.797897861582035,0.7103715662604023,
14.43660019071186,0.3438304249752404,
7.245227953511817,0.8890754390982358,
7.918413898610753,0.8488745135097673,
13.411091678606002,0.416582446828756,
11.416153806150453,0.5759982755164521,
9.677925990681919,0.7200354660143713,
14.875366540239128,0.31519788985734887,
8.447364045872808,0.8132843918052651,
4.601675622868989,0.9829482527628447,
21.451406221630602,0.0644668685308466,
21.02293175691819,0.07247630067083977,
7.16111485377608,0.8936587187405083,
16.242772708039574,0.23626844875225606,
12.789598139009454,0.464192022166394,
12.345470602703118,0.49953904845948427,
12.937688249454691,0.45263628083296115,
21.76416013577683,0.059125410958631996,
11.730670455359988,0.5498429518911001,
10.316820868134002,0.6678442211001169,
12.357085053486086,0.49860266514536367,
19.382898545938442,0.11170187291802891,
20.620811308414922,0.080775077585586,
11.094890804302034,0.6028684768795554,
12.334321511460463,0.500438471157061,
10.910097755950886,0.6183489126974906,
7.977476210580578,0.8450645552724608,
16.626395811000695,0.21695066829673726,
15.264086088435548,0.29115782760469155,
7.647523449741261,0.8657814260520944,
11.610902938815537,0.5597783653024113,
18.28341253407583,0.14705191589605737,
4.278118493578249,0.9878571161350554,
8.27117439331569,0.8254958982918961,
15.873869783856572,0.2560079804477797,
6.791794401271006,0.9125598886934738,
8.376018435692584,0.8182701427665839,
11.665597451989184,0.555236904736824,
28.278066799945147,0.008274938219920425,
10.302723636168695,0.6690119728602378,
16.254226264715182,0.23567390741404537,
6.074427646379174,0.9434021631461281,
20.50801089688856,0.08324702999351696,
12.352352243505504,0.4989841631653824,
10.133757337567642,0.6829616814181295,
10.814892072148098,0.626321379750256,
7.948302664023531,0.846951865636691,
20.632984658599995,0.08051216681628304,
6.402008337793838,0.9302912337691442,
8.735392486978537,0.7926215461569216,
13.223270959173895,0.43071734376594706,
5.7408875740474805,0.9550767891134615,
5.399355291951466,0.9653182922420922,
8.879439387412145,0.7819867443203256,
15.86955663710415,0.25624556161752277,
23.059516628664994,0.04096757069523527,
15.445074670982786,0.28039716999749387,
9.61711199693994,0.7249044615052893,
13.97299048089387,0.37574887728427164,
14.720294071424846,0.32513814932741547,
8.869357324380408,0.7827372393452463,
6.390204035082887,0.9307921501626307,
9.300669295523816,0.7498751443799063,
11.954864933323728,0.5313483795481796,
10.216897076669238,0.6761090137260197,
7.116338248365359,0.8960569707003714,
11.471329080692714,0.5713959736102905,
8.84935255467613,0.7842236739358956,
17.820240311355526,0.1644648771477777,
7.070404114231364,0.898486955858383,
8.992168839595179,0.7735347342248671,
16.43634696640542,0.226367680063288,
8.48970431350684,0.8102999444548535,
17.835503804558275,0.16386575736535625,
17.15698246250658,0.19222677745627015,
5.703410989060607,0.9562842506329563,
4.348891430568528,0.9868823927068983,
9.537146302209337,0.7312743262059204,
9.287756394807642,0.750879912664034,
6.551285692776541,0.9237732086484973,
10.39425242567491,0.6614207281616956,
10.618811218313953,0.6427167980944332,
18.298242593421268,0.14652016372882293,
6.487173655436677,0.9266142079111513,
7.307208707396113,0.8856334420553593,
12.226852777087446,0.5091354869554746,
10.997294599033967,0.6110442709070268,
10.755172227784609,0.6313191830746635,
9.095568412759112,0.7656879664583892,
13.583805386354616,0.403793015475839,
10.71515492327187,0.6346662819266067,
14.357899730136213,0.3491304244004827,
13.926026491348866,0.3790741446659823,
15.989603934910177,0.2496916893112392,
17.384734241550593,0.18230776789141434,
23.726439136401506,0.03374163291169063,
13.702176611561676,0.39514748776467856,
15.695180161294557,0.26598251670547823,
8.955720814720161,0.7762794637177277,
13.182056954256097,0.4338495201835175,
3.8595438022840307,0.9925957173044999,
14.731990262160478,0.3243815285063347,
6.631958607615923,0.9201095357362598,
16.229097249250962,0.23697976737415705,
5.120136837875101,0.97245234256202,
10.455129606738474,0.6563602515189593,
9.148369233033055,0.7616477904127722,
5.600143503394264,0.9595039032358113,
9.889985525962187,0.702904951394544,
7.227158647467018,0.8900685855442262,
14.891567319974397,0.31417084299442966,
6.425813685932958,0.9292745799773461,
7.623261076302816,0.8672489542280897,
14.35888764168931,0.34906358996630793,
17.214589941934744,0.1896790618891191,
6.4222888516117695,0.9294256605982669,
13.874258282012839,0.3827586243295238,
15.44200429420225,0.28057741485824683,
12.7461599355266,0.46760473629845545,
9.299633994029847,0.7499557462850288,
8.083665914063593,0.838107161793002,
10.864299818633276,0.6221846017397035,
6.229790666726702,0.9373882630225158,
10.217890073607204,0.6760270304381688,
8.066241504404186,0.839258120309287,
16.136597929292588,0.24183227601627444,
10.668187533260525,0.6385924054063159,
16.39650567673739,0.228379874268833,
26.59188434697102,0.014142556665994066,
14.823227257509906,0.3185179715579892,
15.298220863133524,0.28910722752099205,
6.221046339429204,0.9377365254069181,
12.327247729109,0.5010094109228322,
11.68125087276284,0.5539384306970441,
5.913225477153508,0.9492540580497069,
10.358454730456328,0.6643923197167468,
7.024073580686772,0.9009066897399792,
14.335735474249432,0.3506319143361025,
6.367945262024491,0.9317309122937688,
14.612510339929456,0.33216317105124527,
25.775008735154273,0.01822239831387673,
8.20387324491227,0.8300692004609569,
10.466555415368726,0.655409546115206,
24.094420883541474,0.030272558892978085,
17.11357122434643,0.19416414178675634,
6.498656181931728,0.9261099846692507,
16.763914742417406,0.21032252479056646,
15.071811251676161,0.30289123446067046,
7.134470404608853,0.8950893052120672,
24.762943309942557,0.024795253277030027,
6.490426116762462,0.9264715890995341,
10.77963070422614,0.6292726775384161,
7.325284621174194,0.8846193702960493,
9.008407443470617,0.7723082653500724,
19.99758395666995,0.09527051598979108,
14.569320523722904,0.33500464389579687,
8.212999872042635,0.8294520530633922,
4.733146878251428,0.9806073452834055,
9.74481246453149,0.7146569181232666,
8.429013229909282,0.8145719948793495,
11.928880104211187,0.533484170216511,
9.584456054499011,0.7275103140299535,
16.036946789801366,0.24714050097465168,
13.432811278931418,0.4149629368318898,
11.516159750144293,0.5676603521935495,
22.449791230543312,0.048772572305588846,
19.244749994713835,0.11570846082597619,
10.36964197015549,0.6634640038691231,
12.723721375372863,0.4693716126343408,
13.849057679610583,0.38455939739752276,
5.350971233762784,0.9666327409808526,
7.797190670608255,0.8565572211797986,
17.15306976318289,0.192400776984734,
7.037394171352613,0.9002142083315692,
12.508665031662023,0.48643819730040894,
15.810053692485198,0.25953921753083586,
15.692054350783412,0.26615940510115543,
17.424883526740675,0.18060153408470891,
6.469689412974022,0.927378119523078,
19.31624098756175,0.1136202062312669,
14.40806369330607,0.3457464961854644,
5.48741913552864,0.9628399689333069,
8.213410567434158,0.8294242591142545,
12.26198042818734,0.5062874070117469,
10.581948208243677,0.6457936017792075,
13.844873346187764,0.38485885259216857,
8.612257239698415,0.8015569516629244,
7.950252978434398,0.8468260227513331,
18.325594199933978,0.1455435511424038,
9.116636718369922,0.7640785121760894,
19.41090572606167,0.11090406251897222,
18.28014163892843,0.14716940997894956,
9.552512487641417,0.7300532494159246,
5.918733137769069,0.9490606116155725,
19.817870863623135,0.09984558470343208,
8.384925622115366,0.8176506927017564,
10.893573552670428,0.6197329580074543,
16.055308587107028,0.24615611647383484,
19.702314194605805,0.10288562148476954,
5.472546436918341,0.9632663501432481,
8.676658197436174,0.7969020418214894,
13.981514271145969,0.3751471267936306,
19.417608710033264,0.11071383835885062,
21.822423040133913,0.058175018063660544,
13.899080866310985,0.3809894527878712,
13.374526754928269,0.4193160305345578,
5.710521169190923,0.9560567705483409,
12.483384912234905,0.4884595046092285,
21.990551396090414,0.05550834854004627,
5.033775471565313,0.9744420716550098,
14.862143382615383,0.316037778926756,
11.249675677763792,0.5899102617369083,
20.1514775649164,0.09149702824507921,
8.907953919736755,0.7798592812180924,
12.245985804676812,0.5075835885730289,
15.061413170046336,0.30353459047917664,
12.522494410910209,0.485333750288387,
7.022495239925465,0.9009885684359543,
14.710810336771099,0.3257524690965724,
15.453371895851676,0.2799104840646467,
22.10151092305144,0.053808758869639206,
16.12423407868357,0.24248633155219945,
25.551036283813975,0.01951923435214742,
8.27923288065943,0.8249448569370124,
6.995703339416734,0.9023728495288325,
14.443366695978126,0.3433770430042644,
17.498398363059586,0.17750993768548917,
11.056580395674086,0.6060775892703882,
9.272278024702638,0.7520827273588016,
13.099318466623794,0.44016964223276656,
10.862846391281295,0.6223063138449456,
13.272805097326607,0.42696720084767015,
20.484470622306823,0.08377111718862151,
5.808931521603016,0.9528309882085692,
9.987776559519459,0.6949336160600328,
12.303228911674259,0.5029496369883564,
17.39135459839856,0.18202555282995148,
8.468501764760077,0.8117968137854918,
13.0009534475784,0.4477380297429283,
13.60970263174772,0.401893096426835,
27.89768791845842,0.009351837106934102,
8.835357656305861,0.7852614074578994,
12.536773790922089,0.48419433912455345,
20.59352737225724,0.08136705352843032,
12.984955954664867,0.4489743947183418,
13.584079462996401,0.40377288360874997,
8.608281398797345,0.8018429808649499,
8.599617349929932,0.8024657408185768,
6.658239956721114,0.9188946759836284,
14.293247050116838,0.35352107053060267,
7.533141324227947,0.8726307500613915,
9.302427383259747,0.7497382535313217,
14.13698977836864,0.3642677263508298,
12.776782774630938,0.4651977902147766,
7.644359450096414,0.8659732475259878,
6.920358746516747,0.906208971495551,
10.283212835948095,0.6706272391519401,
3.2561900617113313,0.9968412649849634,
13.977325572352505,0.37544276636301044,
8.790812660987228,0.7885525689266162,
14.153413660337904,0.36312926029629145,
10.570529943391215,0.6467461925329097,
6.3826182684781685,0.9311129294315025,
8.682630121205738,0.7964683316832035,
19.656852411253105,0.10410307826226783,
11.077104849146675,0.6043582838706325,
13.020669745705623,0.4462163507124456,
7.220696921682201,0.8904226087723724,
8.448233262444905,0.8132233135042614,
17.475141127668902,0.17848345296339985,
15.651628251421597,0.2684545517777772,
7.748769950689972,0.8595734561710988,
21.944675544509916,0.05622493867643852,
24.290299847760835,0.028562368388703963,
13.882437391148656,0.3821751733991161,
8.68103316796425,0.7965843440965182,
6.040139848838444,0.9446798711363344,
16.171040553156093,0.24001701818235932,
20.63106701198035,0.08055353314416691,
8.000207177990674,0.8435867777047764,
7.910921958572447,0.8493547015623968,
8.876440690021257,0.782210057914443,
8.539211820041697,0.8067865518041428,
18.74109917311994,0.13135226151825785,
9.727971788806139,0.7160133670085527,
15.902503195729677,0.25443475251545244,
11.37363274868749,0.5795482485785031,
23.153395662820124,0.03987186562647849,
11.168904094394719,0.5966703473061212,
10.899307582581585,0.619252695048158,
5.101134511849661,0.9728987637167728,
12.474430047103594,0.48917623422879175,
13.284576644325771,0.4260783233732941,
8.597627844172298,0.8026086376102226,
9.9028445947485,0.7018591621630321,
12.135258263112634,0.5165851090218552,
17.614885834686657,0.17269688532351013,
18.56479946500251,0.13722751716555082,
14.74440025313177,0.32357995702405473,
6.653305982868483,0.9191235473272493,
7.830539932995018,0.8544622690706347,
12.973096724660044,0.44989191117368255,
21.955256440606338,0.05605893421695429,
7.958361068737231,0.8463023485359166,
20.638101453224305,0.0804018809646424,
12.331558916272186,0.5006614200511188,
9.424169592476051,0.7402068618457295,
19.494084902010744,0.10856300089955562,
17.415024010661742,0.18101936906045246,
20.17520730048593,0.09092678706956459,
10.066087528968549,0.6885214298146489,
9.688560543969205,0.7191819143993678,
14.353015301967945,0.34946098037557083,
10.566012987547726,0.6471229676305178,
15.596288006596177,0.27161885488660076,
15.550491761123324,0.2742570330361628,
16.49977105104175,0.22319168358323194,
15.529410310184456,0.27547743140940595,
22.79622586787936,0.044187671685313235,
8.034774739550532,0.8413274001623307,
6.418745984030239,0.9295773230264796,
16.41913122618579,0.227235542662108,
8.344030672104841,0.820487592223274,
14.976640814138749,0.3088133101232122,
16.152529970336804,0.24099135685558193,
8.624234461442457,0.8006943365842041,
7.21363996004725,0.8908085602504221,
7.966234305641922,0.8457930656071146,
16.544323536214673,0.22098066681348216,
4.145797324069171,0.9895392845232173,
11.09017936700823,0.6032631113719206,
13.60735779068608,0.40206492916543246,
10.94123315336376,0.6157408110783846,
5.893142669150754,0.9499555535235586,
8.315593207806053,0.8224494772723432,
12.602238097675482,0.47898353972632013,
12.035541211106988,0.5247316451857521,
17.034341421681106,0.19773893564502232,
14.93939786851264,0.31115130892836906,
14.92287391999607,0.312192319333227,
7.124461383871929,0.8956240502053517,
4.098162600939149,0.990101665018528,
6.615357626211748,0.9208715246688038,
9.425267842615403,0.7401204225225213,
10.658429522334417,0.6394077564398609,
14.768048105592388,0.3220560177383244,
11.242833961117395,0.5904826635118785,
18.774744505781886,0.130255035868163,
6.245584241362366,0.9367562889453754,
16.087048467399075,0.244461227179937,
15.228106674963492,0.2933298506157602,
4.530753146104072,0.9841256131322641,
11.136123287961624,0.5994151869441053,
14.715567183989247,0.32544424693408514,
5.812939949866144,0.9526965308934493,
12.769092910116479,0.46580173246280454,
15.096560481140315,0.3013635693510037,
17.34534886296411,0.18399380532657816,
14.076387309917905,0.3684864811777242,
8.376846868009876,0.8182125658477652,
10.392778176257154,0.6615431691685734,
5.082002271996553,0.9733433088753343,
7.142885032332164,0.894638619250095,
12.658851200496846,0.4744946981164089,
13.511504232899329,0.4091220141188535,
9.753173805556713,0.7139828975002087,
10.234936944361,0.6746191333325493,
9.865974654465381,0.704855656515438,
14.383170977924124,0.3474231976097599,
9.735757064483069,0.7153864785486068,
9.333346390980317,0.7473272234801144,
8.031667824273507,0.8415310652798943,
5.382533267613549,0.965779070741513,
20.1694963880237,0.09106374320446786,
14.98366670983451,0.3083735379993173,
14.453764570002487,0.3426810578436772,
13.1974864227321,0.43267565308663225,
15.51996944943785,0.2760251780486802,
13.985273066624112,0.37488194230149186,
9.958731597302668,0.6973055021918585,
6.132583015270751,0.9411941423422542,
7.2383364358420375,0.8894547692928756,
17.085067607196024,0.1954444049319528,
11.928294396388692,0.5335323368562623,
11.406896300770239,0.5767709357913278,
12.222920248783227,0.5094546434168368,
8.153190732474673,0.8334788526045308,
6.810912917131867,0.9116310958104489,
15.699905709043904,0.26571525678939323,
12.653671736087913,0.47490469264722956,
6.324369411639103,0.9335468059325341,
11.083805463857885,0.6037970075517516,
13.448637800489545,0.4137848442047114,
10.769769981116124,0.6300978151916251,
6.414520859802428,0.9297579408351058,
8.179087683147815,0.8317403663840648,
18.980624728973126,0.12370561922635948,
15.484250890918721,0.27810434089831093,
26.637500742106482,0.01394207695780747,
19.448191563110246,0.10984942717675128,
10.781954094661533,0.6290782457830554,
15.615915697162588,0.2704935966166948,
10.8642453622621,0.6221891620148581,
10.270143620559972,0.6717086053234154,
11.432817719917681,0.5746077836804795,
20.392269384258434,0.08585151917072509,
6.587279009552268,0.9221508226556895,
14.109555312733818,0.36617404972245016,
14.206107370002227,0.35949072444480334,
8.27640640628744,0.8251382151833775,
7.6524259999292275,0.8654839399391818,
6.983687753610076,0.9029902369344587,
4.6450750084706875,0.9821985334071397,
11.48830361063796,0.5699811091461848,
22.404976080012823,0.04939594859394725,
10.020657303393683,0.6922442796766478,
6.581452685454176,0.9224147777633102,
7.457317837579017,0.8770733128103941,
13.580462895428782,0.40403857508554597,
14.374720043100979,0.3479935465923385,
7.237715623111447,0.8894889074110175,
17.865906731597388,0.16267759857463526,
14.64724213731362,0.32988912668973236,
9.620056105098444,0.7246692266731041,
8.411552425418686,0.8157938088163326,
8.040156260203926,0.8409743533709129,
15.281936637793494,0.29008425710647456,
8.816289920767979,0.7866724331781348,
7.488084370893955,0.8752801742936052,
9.782447181243963,0.7116203030130914,
8.865857432592257,0.7829975543542442,
12.649076144146335,0.47526858538061567,
7.6681173583287645,0.8645296463693415,
14.601304813263027,0.3328989353144356,
17.363713908467293,0.1832061069199019,
6.113023210679737,0.941942530630273,
17.53332303308306,0.1760559170082523,
9.546353382608372,0.7305428555353786,
10.90364489046168,0.6188894083143239,
12.345189454425402,0.49956172263581244,
16.625555923400924,0.21699162747694367,
5.887897895756716,0.9501377530294837,
12.656608075973379,0.4746722416538032,
8.15327119554273,0.833473463158218,
8.467354442234232,0.8118776783511135,
12.085000947744227,0.5206863978926135,
13.35068416363327,0.4211032882644947,
18.49838709797007,0.13949619264881663,
19.232871620442758,0.11605854155247042,
18.110154744621482,0.15338156551601534,
11.166687406237912,0.5968559375652207,
18.970063938427472,0.12403475989862234,
8.017568740610304,0.8424538208224364,
14.98685562683834,0.30817406945898473,
14.657042620769925,0.32924921951605857,
10.958476565355474,0.6142962904335374,
11.482558758030448,0.5704598989770246,
16.921768248901312,0.2029051101518815,
14.935531912989848,0.31139466157392426,
10.959837262988486,0.6141822993684112,
19.12082692792369,0.11940479460614595,
5.8743255780539325,0.950607321980187,
12.630172293530192,0.4767665929946553,
13.405924801747403,0.4169681788123486,
8.683061444803247,0.7964369934674013,
17.760580093945027,0.16682348603283836,
6.578166344060993,0.9225634343065194,
9.697826159187553,0.7184377354626735,
8.723196885126974,0.7935130675227116,
9.071729183848428,0.7675048193799034,
13.004161321134749,0.44749029231028603,
20.770540388733657,0.0775928023201864,
8.640202189067857,0.7995421061839928,
15.423465365212403,0.2816674244672599,
17.1981806057295,0.19040208237297884,
9.928956847069335,0.6997332481043892,
28.059004595748927,0.0088798768696986,
9.593590977491015,0.7267819986335309,
9.759885122430305,0.7134416270716298,
9.148430504834137,0.7616430893646965,
10.21898226665854,0.6759368537753109,
13.522161806087743,0.40833421938488035,
17.431014581431143,0.18034208970323196,
27.59587159534664,0.010299162509489923,
7.515913718715987,0.8736470353924686,
5.419304916237102,0.9647666101040788,
11.329282209120098,0.5832535986364082,
22.308133383603906,0.050767538160689574,
12.420578867685927,0.49349431194154003,
18.12357377944736,0.15288355730705194,
19.41861751654242,0.11068523332884062,
12.499581832324694,0.48716410491642903,
7.87855959949927,0.8514208519903498,
10.035298519723945,0.6910453648844083,
17.159051058399854,0.1921348353996527,
4.2257626729753035,0.9885441830703269,
10.913419594488209,0.618070667978158,
18.577526812711888,0.1367962347041276,
4.846955208436429,0.9784093521686217,
8.092838463835841,0.837499817877132,
14.825838029113463,0.31835119168121606,
15.572592407908882,0.27298166922370826,
7.4338424434363475,0.8784327302674121,
17.392364974950713,0.18198251230062246,
10.82541812335893,0.6254401922989645,
9.982019183172682,0.6954040591405479,
14.98247124234075,0.3084483369556258,
6.7571606826896735,0.9142284495047597,
13.848180659520809,0.38462215137666145,
14.400404374179393,0.3462618814229923,
6.686909947206326,0.9175574782206551,
11.711062608784621,0.5514671531186752,
12.293172158224621,0.5037627513580156,
11.421061442327707,0.5755887215890154,
8.94175711202899,0.7773279967401012,
13.672088999746627,0.3973355944232946,
7.679476814044947,0.8638367698668581,
17.81143805862193,0.16481117808766022,
12.61907897518226,0.477646519000803,
9.749263482084135,0.7142981597256277,
9.688095649393963,0.7192192406994229,
8.153134045745277,0.8334826494573546,
14.853592692505032,0.31658165807686267,
14.224604608464219,0.35821858530086104,
17.288787465554513,0.1864364596373309,
16.986281583379554,0.19993196095524202,
11.809146370585262,0.5433526264062752,
6.183555317055682,0.9392164550167529,
22.66869734529891,0.04582816178052751,
14.105836931148277,0.36643287147004977,
11.44028983566291,0.573984427180348,
13.93809598412933,0.3782179935082177,
9.805561678704118,0.7097517298848417,
10.456780870631897,0.656222872421945,
6.839823605084546,0.9102161909837166,
10.269822192922913,0.6717351944333145,
8.34419739946417,0.8204760634692776,
19.41226101105078,0.11086557856216883,
10.719529619066753,0.6343004587948384,
17.11993929629149,0.19387900366131494,
5.391704327108624,0.9655283626999952,
16.829669698198913,0.20720806517551438,
13.875903907737628,0.38264119502823446,
6.192109176329406,0.9388806873243419,
9.508680726500224,0.7335325369438865,
9.64280510046899,0.7228499108218969,
8.818315366195403,0.7865227062946631,
12.222092142391075,0.5095218589540836,
13.98655441270145,0.3747915671405021,
14.511881709995803,0.3388069049966236,
9.033158057451375,0.7704346687993789,
6.906258581581696,0.9069175312396792,
8.842458979641679,0.7847350597754206,
9.407263512718655,0.7415364737642741,
16.90242881189547,0.20380295272036297,
11.269963234985388,0.588213194193974,
17.50669886941591,0.1771635063666066,
23.879891906025097,0.03225300482629845,
10.993590190445103,0.6113546156235676,
10.113945267592594,0.6845911663418109,
11.277832413843514,0.5875550415162044,
15.752405861070578,0.2627587494258974,
7.822280235348071,0.8549824574021072,
15.928123329518787,0.25303295857253527,
15.120578159674979,0.29988595610019364,
9.062765524348208,0.7681867781911279,
5.987007134810696,0.9466245465241665,
5.820833882732951,0.9524310357924729,
14.177025604939884,0.36149618189052113,
8.980057271832655,0.774448051056311,
6.099916896500404,0.9424407370703222,
14.536133844937318,0.337198250373964,
18.865312623714768,0.12733922554066468,
7.400044296429251,0.8803765057951234,
19.532421133924437,0.10749822052102742,
7.4877177715387155,0.8753016170567999,
9.22638297659983,0.7556389531977894,
13.524601826149134,0.4081539661273239,
19.18648042707135,0.11743433864937158,
8.868807694915011,0.7827781269439604,
11.051649575833746,0.6064906519850617,
11.226216730568078,0.5918730925339981,
8.476688156349821,0.8112194256575797,
7.334304524700393,0.8841116229579706,
19.30282808215293,0.11400955725066719,
10.107074168123113,0.6851559657771622,
12.706365831676461,0.47074008235940457,
16.00000656823212,0.24912949648489469,
14.351463112838843,0.3495660650096487,
6.92433789555243,0.9060084777184718,
18.021168847330152,0.15671734644923252,
4.0949750024540945,0.990138503526674,
6.369872338049419,0.9316499372648892,
5.695476216106257,0.956537227150495,
11.120993444832193,0.6006822495147286,
9.131629999022648,0.7629310045890831,
19.674359167526312,0.10363280561454746,
10.258699794321519,0.6726550724365923,
14.280588273899271,0.35438459467059236,
16.042064198318695,0.246865868647121,
9.89336558485145,0.7026301341250827,
8.743987359746395,0.7919923971266452,
24.98677811282722,0.02317623449895634,
13.290964730984115,0.4255963308557327,
10.381738872401758,0.6624598492475897,
13.136745325550994,0.4373054535233156,
13.396511296974905,0.41767140148271165,
7.161700932766642,0.8936271357668426,
7.0494812640708595,0.8995835995611302,
12.563693944498262,0.4820489847364091,
11.887841345049056,0.5368616820498942,
8.658966609718346,0.7981848531605835,
19.04088491238446,0.12184146660832029,
24.15493824555619,0.029734412075273164,
10.637161593038327,0.6411843960034298,
18.4038493752319,0.14277873302867428,
5.262996051618806,0.9689380250677497,
9.762038546920564,0.7132679035338907,
5.717851125102752,0.9558214735783431,
8.223936015131148,0.828711285830809,
9.529508678564078,0.7318807173139126,
7.615340443564536,0.8677263388254091,
7.200063418634167,0.8915490641578313,
10.858995480293428,0.6226287892607585,
10.698534231264484,0.6360559494785958,
10.180760237739793,0.6790903683757159,
18.090177600787136,0.1541253927430657,
12.621435361952827,0.4774595570430361,
8.109829589027955,0.8363721373689651,
13.225954695937741,0.43051375978124795,
6.86744269451454,0.9088528272226809,
13.48922587897341,0.4107713221375342,
9.93027543867445,0.6996258156104564,
11.763567669150444,0.5471201755195835,
12.841608826229203,0.46011945108441155,
10.85416959696899,0.6230328974835448,
12.553249896614183,0.48288088110977523,
16.150744930919274,0.2410854679753237,
14.238058013981359,0.3572950067454992,
16.679309471756444,0.21438192713337256,
8.983505671677417,0.7741881381916861,
6.701730339463693,0.9168613685410374,
9.337911015088416,0.7469707114461475,
10.413337047999104,0.6598352208350545,
8.08443548083567,0.8380562448605666,
10.101927508892201,0.6855789052662372,
19.307739640421335,0.11386685368814975,
12.677854730322297,0.472991616327627,
8.564041027332129,0.8050150006574193,
6.65065914599529,0.919246173774946,
7.77115094345898,0.8581830625159168,
20.359724353251856,0.08659647972848106,
17.992883962410744,0.15778984125344409,
11.954573140000003,0.5313723509384731,
13.826295815202753,0.3861899221747498,
12.875408264110883,0.45748097534830734,
8.447321655380716,0.8132873703045714,
11.368865607830012,0.5799464044493712,
21.22941727870748,0.06851320806762529,
28.00864664886708,0.009024734920297539,
21.777514590129332,0.05890635864348215,
10.527380003313898,0.650344013631072,
11.856213489401435,0.539468216924045,
12.251312575111157,0.5071517969246957,
16.234506299842483,0.23669823219845565,
9.490355678979348,0.7349836286742515,
6.122243919717484,0.9415904584666815,
16.457317220870816,0.22531388164971644,
6.592953926060379,0.9218932312160028,
11.827643571717655,0.5418253021664761,
10.990175031618364,0.6116407275329905,
11.424542505110374,0.5752982410444898,
18.14440388783963,0.1521131063062492,
14.4855804617496,0.3405568214177983,
14.081412680534832,0.3681355779573712,
9.274155826363465,0.7519368966042036,
9.744239805485131,0.7147030678059201,
16.045210182842908,0.24669714491175254,
9.901497675198348,0.70196873816195,
13.13609325115801,0.4373552810147594,
23.762387952285703,0.033387369997898486,
10.972177193784121,0.6131485223831441,
24.487819155903782,0.026928197002103915,
12.313850230397822,0.502091346239836,
10.51517754656507,0.6513608310165004,
8.855537253594726,0.7837645098751125,
16.971366806062,0.20061632853623468,
9.005211487908403,0.7725498241338717,
16.303946401828327,0.23310573249660915,
13.97142628041496,0.37585936380136564,
8.844384516047086,0.7845922609864533,
14.1391727296635,0.364116289390663,
6.758538782478253,0.9141624007351906,
14.787917147181041,0.3207791450207058,
14.801349033231617,0.319917790612011,
9.181933607516322,0.7590682418975846,
12.945203464035698,0.4520531942255128,
18.98898386585474,0.12344561353294936,
12.689804976523636,0.47204737950595066,
13.265905392951023,0.4274886190287891,
31.174808284254993,0.0031787008973681585,
7.786740062906614,0.8572107756895305,
16.49464661195018,0.2234470513779615,
6.821424105140307,0.9111181199904215,
11.024826382577073,0.6087377456871738,
10.781116750759713,0.6291483190137158,
10.202202941177516,0.6773218162728856,
14.080480426667178,0.3682006592614995,
17.70286069257879,0.16913099903331086,
11.524865744225089,0.5669353300439488,
4.281970750848377,0.9878054308766149,
15.8215527323786,0.2589003791295018,
18.923014650488415,0.12551000935645362,
9.177586323667645,0.759402834466232,
9.279181083033768,0.7515465080917049,
10.80568038989379,0.6270924699487839,
8.433620904313422,0.8142490302852257,
14.120692085387581,0.3653994978444951,
7.485834659002045,0.8754117331338802,
6.21832877760684,0.9378445205292989,
13.362719921014998,0.42020060841379625,
11.755875009928607,0.5477566113920628,
4.392631936904372,0.9862529667040679,
13.207375411615423,0.4319240951938914,
6.299986918558127,0.9345502137367614,
8.681944093675135,0.7965181719332536,
17.767764477978105,0.16653803507807152,
4.691947567050919,0.9813634316293904,
4.303465423520839,0.9875141612814402,
7.080232465922926,0.8979696072830095,
12.66877738847428,0.47370935288105975,
11.49376652578439,0.5695258708710862,
9.461152512345183,0.7372917392752786,
6.630443274855118,0.9201792631618606,
9.276396955948977,0.7517628163196404,
9.535635028552303,0.7313943424267686,
5.3877933230113095,0.9656354237934585,
12.38416808779526,0.4964214959204377,
6.294341102565228,0.9347812595097226,
10.949290519509377,0.6150658339407327,
15.56744749450134,0.2732781982402299,
6.396248190154456,0.9305359318825348,
8.172343730405327,0.8321938459647686,
15.543198790129566,0.2746787955919546,
10.172195965013092,0.679796308900498,
12.39718609564112,0.49537424350121895,
14.240851971168574,0.3571033780811319,
8.775257569861964,0.7896975319252604,
8.469593942495406,0.8117198230014155,
8.699499748718736,0.7952413121372088,
10.315116276365869,0.6679854510809579,
15.65491791621132,0.26826726783354404,
7.86732614522034,0.8521349618171712,
11.211973361147413,0.5930650771914352,
13.801020900496539,0.3880049160623037,
12.789231033427718,0.4642208206175643,
16.017427955974,0.24819003173353416,
14.174351873271245,0.36168088942859067,
12.492968092477954,0.48769290823785094,
12.722735701179172,0.4694492892490175,
10.331435864922625,0.6666330045739848,
12.740638974003899,0.4680392218875805,
14.107809240983451,0.366295573628723,
11.94911836332614,0.5318205227995058,
7.967334495221154,0.8457218385993559,
14.569417177066624,0.334998268190007,
8.35261781826265,0.8198934164009967,
13.273051636055195,0.42694857534176456,
20.398781573741477,0.08570312306946393,
11.941043827835143,0.5324841157097305,
12.199012448110308,0.5113962998214143,
20.83076991164605,0.07634393441414444,
8.077313751160414,0.8385271705774875,
16.485683206072014,0.2238942519249596,
7.6637820791474525,0.8647936291571636,
13.051882119400313,0.4438121813955116,
13.524670916041272,0.4081488628002983,
11.036404432740936,0.6077677902699236,
10.907276022159532,0.6185852645248965,
7.753365579448088,0.8592884882666832,
15.372952438191932,0.2846520890970661,
10.787383328928403,0.628623885332523,
9.0039201988359,0.772647398939966,
6.896501711101302,0.9074061027439726,
5.668144722578357,0.9574014728196266,
9.874506145479621,0.7041628411881009,
15.350052643120735,0.2860122634390646,
11.401222900077057,0.5772445187411274,
7.385465943605506,0.8812100185642613,
16.2439973569931,0.23620482607965265,
15.981184337613794,0.25014738097247413,
13.023041193392729,0.4460334817839344,
13.008986066844065,0.4471178025140745,
9.528480366082121,0.7319623332064026,
6.438437983534122,0.9287319243330776,
25.35339235609701,0.020734391788227224,
8.996174382799866,0.7732324093650194,
9.544061108843222,0.7307250168389761,
11.92793168093101,0.5335621659050015,
11.928630064331275,0.5335047325202401,
9.857745401060683,0.705523606332165,
8.298823745184137,0.8236021875043598,
11.58394062027797,0.5620195730897721,
17.776900058092984,0.1661756225963572,
12.085563114841257,0.52064046987606,
7.6259168774797015,0.8670886986819681,
10.702048281854262,0.6357621637855737,
8.949636787278749,0.7767365189838199,
7.421906859464464,0.8791209732062166,
10.433187183230288,0.6581852122577454,
6.385312041238651,0.9309991185198447,
11.843225183645895,0.5405394857147725,
18.816283177967506,0.12891089996030736,
11.66375734715924,0.5553895824509526,
10.875220122012838,0.6212700852620543,
12.422500929664885,0.4933399590558516,
6.467990171245729,0.927452113300425,
14.119658509427136,0.3654713419844158,
14.164458318149013,0.36236483980529954,
17.048728887167197,0.1970860373947837,
11.730372538125325,0.5498676222848276,
8.209979515366772,0.82965639720964,
7.806625489720548,0.8559659852485166,
5.400755183096577,0.9652797654492139,
11.375708220818384,0.5793749130071404,
15.958038963395836,0.25140315543986225,
8.134518451570907,0.834727477871549,
19.503712055933768,0.10829477113615549,
3.34146217545169,0.9963949399982436,
12.978160790315796,0.4495000166753569,
11.468917804756982,0.5715969991912891,
17.272826534394095,0.1871303109456819,
15.621525825982133,0.2701725661002842,
19.982675895164768,0.09564307170392261,
15.492549220918772,0.27762033684410425,
14.135574141548117,0.3643659523354683,
24.66847991267345,0.025509360919464763,
7.618871057483503,0.8675136487569404,
11.094240476807773,0.6029229484680944,
17.423739285958867,0.18064998676212418,
11.546010288821503,0.5651750468842198,
5.408143220411167,0.9650759737862421,
14.387488995250479,0.34713199565268815,
15.505728002044386,0.2768528742497154,
15.522218625612702,0.2758946153507724,
14.586147907517685,0.33389576911717,
8.514427148747739,0.8085486158207076,
15.253613128659278,0.29178894153507284,
11.264569664475555,0.5886643309301002,
18.287254191916357,0.14691401711614105,
12.973600799977458,0.4498528953636314,
13.961243099337079,0.3765790967949636,
12.851590586208934,0.4593395778456715,
5.491573619082516,0.962720294215843,
14.69260690119806,0.3269336770762101,
7.136119224625764,0.8950010755105952,
19.06231147065833,0.12118432491207276,
18.04244817239349,0.15591437111736117,
15.125370854798323,0.2995916780334915,
6.819136708197747,0.9112298923195237,
9.140878561869027,0.7622222884713121,
12.236712028109336,0.5083356062118826,
25.50968573033803,0.019767853714299233,
7.75760272943928,0.8590255060147858,
20.701440888299206,0.07904754880173259,
9.565007920976962,0.7290592481163118,
12.340221950261656,0.49996240143565607,
17.156510535338963,0.19224775779639314,
15.852702290342885,0.25717545810848197,
5.239536444436792,0.9695344578952394,
10.079377723365637,0.6874308415407682,
16.89646982699967,0.2040802132908075,
11.352381270969655,0.5813234259340001,
20.653393026686114,0.08007307536364006,
19.419394711650202,0.11066319997938245,
12.660416964983343,0.47437078315733716,
8.772330210923458,0.7899127542202617,
13.095503785330324,0.4404620555626566,
16.36855083056976,0.22979964118384533,
10.224501217413424,0.6754811254545308,
8.333118495996587,0.8212414741911489,
13.823376817031887,0.38639929693094877,
8.211195653936468,0.8295741311866643,
20.457275561037132,0.08438013859104254,
11.262382606942893,0.5888472720980888,
13.696454883652693,0.39556309965156866,
6.20531234430796,0.93836022613493,
7.576850255044395,0.870034204326489,
15.416212122257196,0.28209467383774134,
18.467899972980003,0.1405479267069818,
9.457675810263499,0.7375661623808836,
16.07704312460133,0.24499459007314317,
12.183454366205568,0.5126610677066896,
12.351183680759355,0.4990783728302943,
8.030928579390773,0.8415795071929947,
30.98589996700484,0.0033876593704089686,
14.623640563514488,0.33143335942014873,
14.08004721143396,0.36823090458320373,
17.65583917116147,0.1710295642468781,
11.937133159328058,0.5328055838085832,
12.396621960896756,0.49541961025757586,
11.090790794678288,0.603211897170502,
13.450809819357145,0.4136232959535442,
8.006462660227502,0.8431789894735221,
12.491194476380388,0.4878347537551926,
6.646328567062098,0.9194465782534099,
13.267208686112182,0.4273901041818129,
17.32852687058966,0.18471764605672392,
15.214258561045673,0.2941687397228605,
8.618071391924525,0.8011383871707274,
6.472541362646366,0.9272538319043647,
20.83768268737203,0.0762017280959808,
18.397401401982222,0.14300490719245573,
18.074624722172256,0.15470650692772592,
12.114265833582547,0.5182970630654643,
11.715294738230476,0.5511165051761262,
15.02846681436163,0.30557902474901644,
11.039804586101425,0.6074829444253133,
13.666893030069668,0.3977141222423388,
9.09468046171305,0.7657557213985913,
16.56430721283687,0.21999427638388103,
9.375782186177117,0.744007301350413,
22.953465248084434,0.04223812934266502,
15.471892165420664,0.2788262481365793,
9.900547885635191,0.7020460015082242,
21.525215679794858,0.06316912942930919,
15.270212573949824,0.2907890654275278,
5.913243820042389,0.9492534145492795,
18.727634998253517,0.13179349038866595,
4.24009518777544,0.9883589298614184,
4.784366817429995,0.9796381820578137,
13.21056848520735,0.43168155580467715,
14.476063738596109,0.34119137035738256,
8.426779502262969,0.8147284813768866,
5.381031139421944,0.9658200200965424,
17.196793867570108,0.19046328225869902,
10.854567683158791,0.6229995631635239,
10.882512986670225,0.620659314981296,
5.133193425870107,0.9721427669934796,
12.663048181816855,0.4741625767143465,
9.203407415765858,0.757413384941071,
29.51071697914063,0.005536434398472179,
7.3774312170506935,0.8816681332617542,
12.093411746486819,0.5199993724638879,
9.985989543555096,0.6950796503032293,
5.772871477374872,0.954029765266495,
16.56697158241066,0.2198630134015197,
18.371630485552274,0.14391179989683267,
8.634814123402306,0.7999311906982123,
8.772396921375204,0.7899078504927167,
10.026954021755987,0.6917287691123467,
14.955998073415465,0.31010777556351954,
13.234907353994656,0.429834958111734,
16.37448011211031,0.2294979607877553,
14.435123388226895,0.3439294250135414,
9.748960625258949,0.714322573672475,
9.269348511579567,0.7523101834512022,
18.45164840798448,0.1411112230844307,
18.24455220410235,0.14845277495143716,
10.107712664030096,0.6851034890752177,
11.981424482094885,0.5291676401655534,
18.030821369383673,0.15635269564490994,
11.422550565635179,0.5754644580098056,
16.09354171357605,0.2441155375848223,
10.205059816511595,0.6770860739078323,
4.6338014187303065,0.9823954429473237,
8.332241106262375,0.8213020327464741,
11.811147295296282,0.5431873618768607,
6.001249958890924,0.9461074560080388,
4.90203258628045,0.9772868238333103,
10.514504397524746,0.6514169155348681,
14.011324798784008,0.37304690907898097,
11.677777339468628,0.5542265146258262,
12.926112372878512,0.453535065873109,
13.685936238775437,0.3963277581866551,
4.2881419623769705,0.9877223063823586,
13.526691409410523,0.4079996335507481,
13.696057430135546,0.395591978373242,
5.512860749123885,0.9621031744301131,
11.50002826032574,0.5690041307296522,
6.52802074152917,0.9248113844495047,
9.186404093608818,0.758724016744464,
17.14299031392172,0.19284957743610864,
9.407658747302445,0.741505411389049,
16.754285933517576,0.21078155853579017,
17.61265828037758,0.1727879437024673,
12.961797822967863,0.4507668466807826,
17.357013827926522,0.18349317441645796,
10.709424536500546,0.6351454391359996,
12.846610919044755,0.45972856847392607,
9.260072048599515,0.7530300247545961,
12.573277581878243,0.4812860978431962,
4.047461421277798,0.9906759678651429,
19.527344963972954,0.10763869892220257,
15.154261103442302,0.2978218511660401,
22.082412068584254,0.05409794221272324,
19.629889558187582,0.10483091866125394,
15.037993035298546,0.3049869596520949,
6.079438236720655,0.9432139501119199,
7.421715809298796,0.8791319736863927,
3.316895663662766,0.9965280989518039,
5.356859936615445,0.9664745394704612,
11.420416982952036,0.5756425011545563,
11.205424081801873,0.5936132211458119,
11.211868188435558,0.5930738793886352,
13.600599305460355,0.4025604149254083,
12.2951110907416,0.5036059501172614,
17.88358029423848,0.16199009089441896,
21.702225437106414,0.06015082581019304,
4.454142571103666,0.9853321348776339,
8.209293845363568,0.829702772049737,
6.947089207470366,0.9048576190225825,
4.006303494822284,0.9911241499239487,
13.356368406906492,0.42067685150321243,
17.928087090721515,0.16026909335919926,
12.631806884829416,0.4766369897756868,
21.505025140209025,0.06352180518860773,
21.347208000600375,0.06633907194237643,
8.656446588791788,0.7983673302577926,
10.31397644838872,0.6680798844158307,
6.167046794831828,0.9398613128332137,
10.26913448628152,0.6717920818235439,
5.378959253126822,0.9658764488902667,
25.299928652432797,0.02107496655263308,
11.316001120542012,0.5843636713013949,
9.05792851623681,0.7685545086318712,
10.761319483187325,0.6308048772428299,
12.773057699287424,0.4654903078325373,
13.850072239511375,0.38448680900654664,
16.468040881303416,0.22477640930960086,
17.29872867667845,0.186005313370306,
14.949668269798293,0.31050541414802535,
21.776509663100857,0.058922817232928026,
15.832585007488591,0.25828852340500874,
10.733461891273619,0.6331352690427253,
13.479833749069268,0.4114676569801985,
21.4211046341253,0.06500643766177594,
16.523964113803483,0.22198900631819474,
8.266683857187132,0.8258026447697671,
12.823431081075457,0.4615411080794606,
14.301589300048672,0.35295268796090495,
7.724083458538408,0.8610995210691617,
6.097797189733075,0.9425210670902551,
13.866639131133715,0.3833025759418429,
9.600000859730347,0.7262706557060765,
18.641363369794437,0.13464988190021887,
18.275438472990682,0.1473384869531743,
12.930943041375222,0.4531599041150236,
12.31326031323377,0.5021390037230529,
10.561521639092403,0.6474975720738643,
13.581211343678461,0.40398358276935475,
17.037809780816172,0.19758139036560773,
17.80471047890743,0.1650762498810362,
8.013129842065444,0.8427438377043187,
22.86556717269237,0.04331812555274117,
14.886715404092424,0.31447820201085586,
8.945157998989565,0.7770727791514667,
16.051452662618154,0.24636259864061127,
8.42807495125022,0.8146377336247937,
13.535780877286472,0.40732865365570625,
8.004778465094283,0.8432888273360473,
15.697072390966648,0.2658754763437934,
26.548879763357576,0.014334028841885282,
9.07289889856963,0.7674157790057687,
8.657357901434132,0.7983013484283781,
12.673580641827451,0.4733295107466958,
20.50169815415255,0.08338729292602887,
20.189797096973493,0.09057770878581517,
17.057391685434006,0.19669372538809882,
5.383967225842951,0.9657399498028314,
17.038483249364877,0.19755081023744392,
6.739545906909044,0.9150701628875701,
9.213638261990857,0.7566237315055283,
13.605261776563935,0.40221856024989777,
14.309638044498184,0.35240482131025996,
13.169656297263211,0.4347940442244329,
8.102466980869673,0.8368612056150173,
14.596636705687542,0.33320574743718656,
8.416693291446878,0.8154344180302832,
12.540787961946277,0.48387421088727545,
8.038829206110302,0.8410614453359042,
12.54747784927497,0.4833408710098296,
11.444919865745549,0.5735982147481351,
18.658747406332168,0.1340702277317123,
11.739506161723135,0.5491113754110303,
21.426380478945525,0.06491220631528205,
15.9701674717198,0.25074454759300024,
7.6645065516157125,0.8647495320731936,
19.950397473293073,0.09645400526797587,
11.236973771732071,0.5909729809799971,
15.561975456946488,0.2735938268755933,
10.84718029552093,0.6236181419554695,
12.898440324556294,0.4556867414101814,
13.29862947310152,0.4250183625674717,
7.423912920233994,0.8790054356204845,
13.980918113980753,0.37518919568340947,
12.607499536292332,0.4785656724188413,
16.24542308426495,0.23613077287584194,
16.519011093770487,0.22223483385485254,
7.3817117220193476,0.8814241846969499,
9.848896404201023,0.7062415039934771,
10.07028212314989,0.6881772951379943,
7.8126368090556815,0.8555886882443681,
10.865775155084844,0.6220610538049944,
6.6867228232107845,0.9175662461696411,
17.564855877688988,0.17475121027355056,
13.700712399286203,0.3952538221443158,
11.541297577039934,0.5655673050344765,
14.792063133757589,0.3205131146172908,
9.06565342270592,0.7679671368821861,
10.7639876123137,0.6305816391162797,
16.820220781208263,0.20765343656185742,
7.972690069148262,0.8453749022248449,
14.709144888533661,0.325860426324047,
9.607049167392503,0.7257081070240079,
13.188411277900126,0.433365903999831,
10.202375484005891,0.6773075792068397,
6.491119128105482,0.9264411800584925,
7.478846144098371,0.8758199649954006,
15.611682838895751,0.270735991317707,
12.866288755692269,0.45819223340501947,
7.62476465061709,0.8671582375743323,
13.68125864492549,0.39666805214127465,
15.141161347342628,0.29862348061054367,
11.23592270877475,0.5910609258222118,
12.92622642552251,0.4535262067028988,
11.741277181570798,0.5489647633968344,
14.65288679624837,0.3295204721042301,
9.454466315392391,0.737819425240664,
12.752353280201039,0.4671175313971936,
15.920274764599334,0.25346179999531815,
14.999109955641192,0.30740834156147834,
13.614438820067363,0.40154614074205175,
15.165005005373253,0.2971654597459603,
12.080103217713678,0.5210865823968844,
17.928678399171737,0.16024632787229165,
9.55647063014687,0.7297384838631998,
13.704928331745645,0.39494769321009304,
21.403236658904774,0.06532647543099546,
8.359314512670876,0.8194294861289682,
6.723679455699681,0.9158243329979405,
19.415963957921612,0.11076048924304271,
14.836913392934703,0.3176443060698393,
9.294480299690074,0.7503568661285834,
14.66076378313086,0.32900645683386665,
12.821756275456162,0.4616721850768081,
5.2462635465854435,0.9693642122289183,
9.146179107696911,0.7618158075258323,
19.232268207333867,0.11607634918065202,
6.4639273437874305,0.9276288513102203,
10.519531064468818,0.6509980895574081,
10.104413957920794,0.6853745871929606,
9.468403466204835,0.7367191573854933,
13.442420257779702,0.41424746294625614,
12.944674520111347,0.45209422289774925,
18.774756996769046,0.13025462993456371,
7.929159884000336,0.8481845381534261,
16.856156550030633,0.20596349731215957,
11.359573028920916,0.5807226171229074,
6.585135684857107,0.922247983544703,
20.536516690839303,0.08261621019723608,
16.53285660144839,0.2215481661856551,
17.217578081488522,0.18954763011791098,
8.730620427324494,0.7929705610448192,
27.447700636445674,0.010796696819297624,
20.097861744690736,0.09279681522979977,
10.606742287304614,0.643724376186097,
18.375466773438195,0.14377650135535924,
17.510228131005842,0.17701637032218454,
13.940844218938157,0.3780231991435208,
10.067687862745712,0.6883901424339449,
15.232457998030014,0.2930665894137475,
12.33329637041174,0.5005211989246261,
9.250351911856617,0.7537836217227122,
18.58627300578044,0.136500507000342,
14.008475724387958,0.37324734285622496,
12.434165159375256,0.49240361775365116,
12.520653585626723,0.4854807095559929,
9.572137561800728,0.7284916729328035,
13.993099906278648,0.3743300971007839,
11.118020186254341,0.6009312604441907,
15.951097852225086,0.25178063365833503,
10.458874053372776,0.6560487188318538,
10.387803335515796,0.6619563061917937,
14.287893938032868,0.35388608204430927,
18.33550618044597,0.1451909506557829,
13.301349208231176,0.42481336991223273,
10.13315605911956,0.6830111552938937,
4.394854422224428,0.9862204260734911,
21.648038086024037,0.06106090804802167,
25.727093626005633,0.01849289608637794,
7.120181122554449,0.8958522850813065,
12.986824543621994,0.4488299027810314,
8.249865516026931,0.8269494724814899,
14.21196388204153,0.3590876576348735,
13.8074203276823,0.38754493109027355,
13.679760048406363,0.3967771077235007,
7.212527078855795,0.8908693595356528,
25.37924881884569,0.020571520269965782,
8.636730685118728,0.7997928242604644,
18.955755036130505,0.12448188172239683,
8.204404204526217,0.8300333229383797,
14.883238847496312,0.3146985545724357,
14.49507926777966,0.33992419122066364,
8.74111357373775,0.7922028375132797,
19.11679720524572,0.11952663699998223,
12.612913118960053,0.47813586800009644,
11.05257820630999,0.6064128587378924,
5.903696500760415,0.9495876648659999,
9.875718680327916,0.7040643476701166,
20.50887606009738,0.08322782290452424,
12.639300631661552,0.47604300206370986,
6.90216700190393,0.9071225878352087,
6.661181744736272,0.9187580404487478,
14.612401904157025,0.33217028615650945,
14.266361827512531,0.355356557570945,
15.423250196150441,0.28168009252233617,
10.206089039349907,0.677001138523735,
22.11155795249047,0.05365718859425206,
18.44418139499067,0.14137065819936379,
11.362677316994004,0.580463301912263,
11.581667921984776,0.5622085587320673,
11.315664135938905,0.5843918401846416,
12.794705656463554,0.46379142786222427,
7.653986163524817,0.8653892024503749,
16.210222691622455,0.23796409024006204,
2.90503240344964,0.9982555265508732,
13.236543427024353,0.42971096441164025,
12.546278027647745,0.48343650857963716,
11.058567932001067,0.6059110916013726,
13.25944663286897,0.42797699308615345,
12.425031981342464,0.4931367266275011,
15.27980577643546,0.2902122707851902,
19.901846973674083,0.09768485123005088,
7.846093368729863,0.8534803667527637,
16.396910909716883,0.2283593412845124,
14.467955775716167,0.34173255937715896,
11.152832893531343,0.5980159623856255,
7.573864637213626,0.8702123884590323,
10.598918273663411,0.6443774461785202,
11.608092581232997,0.5600118995708936,
9.504743280017884,0.7338445054802274,
8.192360139340163,0.8308463543757603,
6.454597628586154,0.928033752499193,
6.092091127739727,0.9427369684009104,
13.044851054289522,0.4443532454558885,
9.277581046878325,0.7516708271309858,
7.165852229401378,0.8934032862351604,
11.970741105951447,0.5300445441093495,
18.817856251816185,0.12886022471265135,
13.172724559774684,0.4345602530683199,
15.382763252024837,0.2840707114506924,
18.860733115378576,0.12748534671929268,
12.362978911180798,0.49812771707890513,
7.421544605912827,0.8791418309781447,
14.144936441890772,0.36371662218132017,
9.730840114304945,0.7157824397907018,
14.254090693283715,0.35619620457502865,
21.044593424846976,0.07205129213502293,
17.690008908637477,0.16964823515032879,
17.216899889689785,0.1895774538133823,
14.02716522678651,0.37193364684231345,
14.5773008838077,0.33447847633497907,
15.482528426251617,0.27820487740439803,
13.111262325482915,0.43925466753228615,
19.5296932624901,0.10757369253278226,
15.522320173702616,0.27588872158260047,
7.804669474541711,0.8560886534819238,
15.691278215595153,0.2662033391021088,
17.76917149847736,0.1664821768556315,
12.730306768594671,0.4688527801569674,
23.006320841457566,0.041600492977043046,
5.746150600448468,0.9549055467565238,
9.65661551190839,0.7217440192475557,
14.506237380613344,0.33918197437866504,
14.978093228043468,0.30872236547605647,
11.671640846595663,0.5547355269335594,
14.572993954574416,0.33476238033692907,
6.034777543432811,0.9448780774927606,
10.486661043984203,0.6537359519001094,
3.949769506195944,0.9917140503349743,
19.29279827966482,0.11430143813887461,
16.839724865438225,0.20673491823571055,
7.930953685161857,0.8480692221577435,
10.192388667301955,0.6781314649363055,
11.995241949079372,0.5280340558428085,
9.571334416465259,0.7285556247020126,
2.805712004656242,0.9985489368943473,
10.4612474806586,0.6558512373835077,
12.334528044241944,0.5004218047413213,
14.828915728173342,0.31815465594110015,
19.71491178484629,0.10255041643362062,
12.881474159397744,0.45700813923945116,
15.613791592986733,0.2706152145298577,
16.20071237235384,0.23846119362659168,
10.3859596425521,0.6621094008299238,
18.368779828157468,0.14401240459693787,
13.510515206521275,0.40919516135122436,
10.12267954753895,0.6838729695685644,
11.61862145728077,0.5591370631697216,
21.96039767610216,0.055978431041408094,
6.646125589454417,0.9194559643991708,
10.428914495755338,0.6585404483751983,
15.328757302422,0.28728110528406703,
15.40110842621224,0.2829857761552248,
13.969638716651483,0.3759856499754949,
4.089859903408996,0.9901974112512216,
14.699658723301756,0.3264757681672056,
21.626799959187846,0.061420927812150916,
16.033970895097497,0.24730030773266876,
12.574268058484881,0.48120727890689974,
10.083465902482926,0.6870952334942835,
15.820461909825456,0.2589609326385198,
19.8352417086312,0.0993953024855363,
8.252549624868335,0.826766660334848,
17.42725870957571,0.18050099000402786,
14.23797220655821,0.35730089296843504,
14.35347470827908,0.34942988179854084,
8.282663769107279,0.8247100302304291,
7.008268024179995,0.9017249735015556,
6.205821193997398,0.9383401143149098,
9.898709682514367,0.7021955238171109,
11.289022130430576,0.5866192800706854,
8.330117303961723,0.8214485850658875,
24.494567170709868,0.026873919316534156,
20.101140095813978,0.09271688540106637,
10.01343034317048,0.692835753343394,
7.250216789275356,0.8888004152429394,
8.155590234135191,0.8333181005617925,
16.356533939104022,0.23041195788975422,
12.75272166019042,0.46708855898723456,
13.103592291810628,0.4398421395128309,
9.997237382190352,0.6941602615903137,
14.343752243448066,0.3500883802448781,
9.158382239250177,0.760879161412894,
17.84928963806556,0.16332614237965104,
5.898249136635732,0.9497777603962557,
23.01839061332223,0.041456114929311894,
8.414482913114277,0.8155889772921296,
24.851386409643993,0.024143435726865836,
11.400114238399341,0.5773370690014159,
17.994963214789504,0.15771079992785209,
14.13992556719654,0.36406407161848886,
9.658691397635405,0.7215776970916934,
6.91241598904588,0.9066084731727401,
11.759150948070328,0.5474855642571795,
12.122255341956718,0.517645314152434,
7.342538676834653,0.8836471065809351,
12.332349442437831,0.5005976190551181,
11.138156235767035,0.5992449445141607,
15.67421981658928,0.26717023611327284,
14.282913728296299,0.3542258684828241,
10.585400812790674,0.6455055190028012,
7.038391459931327,0.9001622587592878,
20.237107641219154,0.08945369305935058,
7.734806928566088,0.8604375959081185,
11.981734673198902,0.5291421850317612,
15.557365291738355,0.27385993903969175,
14.644662131060663,0.3300577140807863,
13.329994599746758,0.42265723693467816,
19.301347478479006,0.11405260523934746,
16.542776986146293,0.2210571421146479,
15.185563118902646,0.2959121734511293,
10.78555671876722,0.6287767529891418,
9.878250757179387,0.7038586465917542,
11.972206658251778,0.5299242273041063,
10.151957259606142,0.6814635736814733,
6.889038575897013,0.9077788605216441,
10.7027857137594,0.6357005103263769,
16.767327787281754,0.21015999714179923,
15.604529217159508,0.27114598816717606,
17.281452025390408,0.18675509491864994,
10.833535609936812,0.6247605863035626,
11.075131813979993,0.6045235575085655,
12.552744144063674,0.4829211793263464,
7.956460392107954,0.8464251797606104,
7.711575274815986,0.8618697109107194,
26.759902232712747,0.013417221131150847,
10.512683037293947,0.6515686607820268,
15.456504034532129,0.27972691504843994,
21.26679900276814,0.06781651822656054,
12.020856815059446,0.5259343377309051,
9.059442841697388,0.7684394034856752,
6.8918358978529355,0.907639241084107,
12.697584120969372,0.4714331214424523,
13.416045875458716,0.4162127606260553,
16.98766568558856,0.19986854225347128,
8.377120626237556,0.8181935377206049,
10.077314592913904,0.6876001849058725,
17.46647444943661,0.17884730262883652,
17.58631415319681,0.17386773462868133,
14.114212347137455,0.36585004164763,
11.673185527610112,0.5546073896097156,
8.667749870817323,0.7975483633541632,
9.407029600045911,0.7415548569979976,
13.485061972853298,0.4110799608218656,
5.1424295465549115,0.9719223760863319,
26.757408356702516,0.013427727335344475,
8.755326363222988,0.7911613089512588,
5.5679023900481734,0.9604769889588881,
22.75388365468344,0.04472637234964816,
21.136879603726,0.07026505748276213,
8.657317193859738,0.7983042959551936,
24.925841818989536,0.023607023351399747,
20.262709272007225,0.08885048273745921,
10.310843674617312,0.6683394123808568,
7.308532419185406,0.8855593375293697,
19.485043020040624,0.10881543678237393,
9.987156071512345,0.6949843235964034,
16.397572241312766,0.22832583483197866,
16.37524155752006,0.2294592398923645,
7.337316834280696,0.8839417990814931,
25.35705964597477,0.020711218661741304,
11.620619100020864,0.5589711080888695,
15.744021675928773,0.26322933371135804,
20.51477607802484,0.08309694200232065,
20.69778441613979,0.07912518714865813,
10.354101697384989,0.6647534473153458,
4.544203480929749,0.9839068376500376,
10.34640547487796,0.6653918057055763,
8.80171634991325,0.7877486451396716,
17.69081411254286,0.16961579177436015,
18.176575820372534,0.15092934417015225,
13.23216700901727,0.4300426800667131,
16.194259206596925,0.2387989323741968,
15.760645992309147,0.2622968300860523,
3.5006153123910355,0.9954372004393618,
11.50040356970376,0.568972861455469,
10.116962895461652,0.6843430656889187,
7.52867177208821,0.8728948047642484,
11.332233179711917,0.5830069765805688,
26.377661491826622,0.015120694047697114,
8.069806957357354,0.8390229022647703,
21.198242261266625,0.06909904050456728,
14.058878850351867,0.36971053746498805,
22.33308229403429,0.0504109536764944,
16.932063370376397,0.20242839155811054,
8.802284708891142,0.7877067102201876,
5.4336592119856295,0.9643661371547743,
10.895831956292026,0.6195438033206526,
13.216215947832046,0.4312527446684018,
13.768299744926301,0.39036154531206235,
8.590470774952196,0.8031223674226594,
12.480825239527604,0.4886643368970579,
15.728738617606416,0.26408866559187494,
9.186314485418292,0.7587309180229891,
12.520421840432034,0.4854992117181969,
9.298591669023386,0.750036887289293,
15.109094550637339,0.30059184754402013,
5.724224790763115,0.9556162256245543,
16.943469233716606,0.2019012426721708,
9.499879577621938,0.7342297289705089,
7.348122366640941,0.8833315690944672,
9.13449986152861,0.7627111589770232,
5.946107559619382,0.9480923388675445,
11.18017930021389,0.5957263896504956,
15.774050142235104,0.261546657269079,
14.713624593640562,0.32557009564349926,
6.318657141715496,0.933782696690221,
15.072470761386274,0.3028504593500325,
3.3270478741100047,0.9964735271370074,
12.757570334356156,0.4667072880643962,
17.701542294597633,0.16918400172527204,
14.048171493007501,0.37046026357605966,
8.319117322701238,0.8222068365118196,
12.72514251014982,0.4692596284304116,
8.030151504915478,0.841630420902179,
7.428125837043136,0.8787626140560054,
6.5861945567534805,0.9221999916362629,
7.854032615661707,0.8529779691186584,
4.020054527464536,0.9909761850982189,
13.91409250587965,0.37992175164079156,
11.068795379946144,0.6050543437796638,
12.27700703347895,0.5050706436114067,
8.561285476093026,0.8052119180655641,
16.11036848046062,0.2432213605563931,
4.111044285506037,0.9899517836374904,
10.55164434376028,0.648321272269933,
6.848366479546492,0.9097957051361314,
5.344445894860998,0.9668074724279602,
9.765665086719382,0.7129752855510484,
17.817583726944104,0.16456933188049694,
10.550465187177743,0.6484195945506716,
15.239305674801688,0.2926526174845072,
11.764347617461853,0.5470556569937512,
10.191963168010023,0.6781665602835998,
9.217199588985864,0.756348671421084,
12.801339439157694,0.463271339309581,
7.2118605216891245,0.8909057665968956,
9.684401030129651,0.7195158391951618,
7.510817918249173,0.8739468696483307,
13.856069394196565,0.38405788732151525,
9.82244303408395,0.7083853767949424,
9.383042239559613,0.7434380844630284,
21.441445659407197,0.0646437936056613,
13.8182238858745,0.3867690602303744,
15.60002302712713,0.271404474532408,
13.699734289861594,0.3953248631948889,
12.548687491353645,0.48324445781635617,
9.234647470802447,0.7549997137676389,
16.13791594963727,0.24176262775290602,
6.63762945839464,0.9198482850059762,
8.796051948512677,0.7881664158059295,
17.70868777543304,0.16889689503822658,
9.632879754453487,0.723644036535082,
6.44634085063419,0.9283909815475657,
13.325469491904045,0.4229974834178849,
16.361100847815525,0.23017911052988538,
33.53670082523209,0.001414648793023332,
10.416256794053657,0.659592579011424,
8.336540130742705,0.8210052273955278,
15.671813307247096,0.2673068390635648,
14.595456431355661,0.3332833491156453,
26.05380257806972,0.01672026356979961,
21.846780429778946,0.057781746685681146,
17.964337083706692,0.15887826377235104,
5.704619009173989,0.9562456546378233,
18.335708638062673,0.14518375587956145,
16.109085165973248,0.24328947212864027,
11.616511968756663,0.5593123194704946,
10.875690203482396,0.6212307171531584,
12.434983464491825,0.4923379522309118,
15.4370765578909,0.28086686146028694,
13.7079955040773,0.39472505850801576,
11.51287782162704,0.5679337031237927,
10.798027824361176,0.6277330013910764,
14.765085286249182,0.3222466994087967,
11.173924200291157,0.5962500549335186,
8.250732368728494,0.8268904408896909,
12.175623928977505,0.5132979921706554,
17.578995249678833,0.17416866852892043,
8.021052651376431,0.8422260305829625,
8.720135156911443,0.7937366632361567,
11.720423831230168,0.5506916011511667,
14.97032556588888,0.30920895090259015,
11.184546718006887,0.5953607731839977,
22.171503529312808,0.052760759746553476,
5.881846695606652,0.9503474523694911,
9.847516578670225,0.7063534125211735,
14.76843668480845,0.3220310148307364,
15.881372253351788,0.25559509641406686,
15.1317040837473,0.29920310399223804,
9.693832862257057,0.7187585188513511,
8.531726400945841,0.8073193941631791,
12.960758646117135,0.45084735343393967,
14.571502712539859,0.33486071492181413,
16.987057605933984,0.19989640217969806,
12.334221664346572,0.5004465285089622,
22.125978413102338,0.053440308062422504,
9.095193432687775,0.7657165800118235,
5.8152086129437235,0.952620325000204,
12.279940838030127,0.5048331925220988,
14.39988522359483,0.3462968312420931,
9.210217222005237,0.7568878670773175,
13.167400126292582,0.4349659944777753,
12.288107981507412,0.5041723661026793,
12.269075149531655,0.5057128016292971,
11.082613440936615,0.6038968562248314,
13.834963212440497,0.3855685927485244,
5.060210206412728,0.9738436581097559,
9.317315703306967,0.7485781188358982,
21.70135205297082,0.060165398265956904,
11.961641369010628,0.5307917608764167,
19.591450192376882,0.10587604356023339,
12.164079737026082,0.5142374307225291,
6.688369785345911,0.9174890573555737,
9.540625686088546,0.7309979617080868,
15.270378394357719,0.2907790888417019,
16.95631453064187,0.20130882824590413,
9.456051005720177,0.7376943848207885,
8.208110028859421,0.8297828259801359,
12.383508515672355,0.4964745764862868,
7.066008284036336,0.8987178886748193,
9.35563308650922,0.7455851906127604,
11.093261569704183,0.6030049422477117,
15.176862918458282,0.29644213201040914,
8.5679957697857,0.8047322516967523,
11.97065178225177,0.5300518775092569,
9.88927009610219,0.7029631130758482,
14.551757231513148,0.3361644531220962,
10.710769340260736,0.6350329941242372,
8.480190136987934,0.8109722150379755,
13.726877862786111,0.3933559449686209,
15.039636917828872,0.304884867099646,
15.107384694048058,0.300697045902264,
18.777849302055778,0.13015416812369962,
12.486591689598685,0.48820293312813645,
10.844043131381682,0.6238808210026434,
9.333343164286987,0.7473274754440578,
18.43614439306219,0.14165033427721785,
13.496385639100703,0.4102409008356769,
5.098616077217876,0.9729575627223023,
14.094733112055195,0.3672063946439592,
10.543099376683477,0.6490337259279343,
8.863108632082103,0.7832019278277565,
7.812835590060274,0.8555762039579022,
4.815065749682783,0.9790416244985511,
19.106027742939663,0.11985277356148583,
9.673575875627304,0.7203844370809234,
33.23133542243571,0.0015728834532324765,
6.941298245659771,0.9051512783514695,
19.50003137918191,0.10839725494219477,
16.317135552336353,0.23242795139663497,
7.505044365526036,0.874286153894063,
12.703477315575265,0.4709679945897437,
14.330625124975025,0.350978658927256,
8.999276619463876,0.7729981703193413,
10.79636048704844,0.6278725540540718,
12.171453867030667,0.5136372816132233,
10.210163099631492,0.6766648982479506,
6.704766549451127,0.9167183492217407,
18.420927269518494,0.14218111128661515,
6.85457163541146,0.9094895997292216,
13.424153520421077,0.41560811735025216,
13.270362543835477,0.4271517520980833,
23.42704142531047,0.03682815901291725,
18.69920573891987,0.13272916826540637,
12.309317078309164,0.5024576032867774,
17.226643759974024,0.1891493146818044,
11.24454852821206,0.5903392128572715,
8.013679703122063,0.8427079253614249,
17.86442234076946,0.16273544829432418,
4.549751017363708,0.9838159933673708,
23.000571800474233,0.04166942278879748,
11.253804824595175,0.589564823926688,
10.442126005073483,0.6574418954153618,
6.075676666501581,0.9433552818885467,
7.403749138334915,0.8801642104816663,
18.88971129215405,0.12656307045105653,
11.72469619180797,0.5503377216138192,
27.9719588777916,0.009131673332748003,
13.042247098349632,0.44455370432565866,
17.72962089210015,0.16805803291297172,
7.2130821598207575,0.8908390363930118,
18.684128411184393,0.13322762828041124,
9.642800912706432,0.7228502460015711,
4.345379800277646,0.9869320226135414,
7.80859965131337,0.8558421292230087,
13.761375947989782,0.39086120506116273,
10.111094215482593,0.6848255414913771,
9.239309441098237,0.7546388981854086,
16.808871491163767,0.20818934464891292,
9.370033589499638,0.7444577602907378,
4.6966524338413365,0.9812781376620514,
7.878489288272571,0.8514253266218822,
15.26999481251621,0.2908021673968184,
5.211275087028122,0.970242823975171,
5.764098473661727,0.9543184760840699,
12.097193793373474,0.5196905257825019,
6.119455695272142,0.9416970572217486,
12.949195977012932,0.45174355899868046,
6.986308466826864,0.9028557603683063,
14.203468081751964,0.359672457131071,
8.247857166653812,0.8270862058052478,
11.263782885067108,0.5887301422600166,
14.739987845592587,0.3238648135034864,
18.428637138646952,0.14191198570619834,
21.846515091958157,0.057786018003432194,
10.561598237737165,0.647491183595452,
6.016508172347903,0.9455500881989554,
17.2878484687664,0.18647722386421794,
12.052564129374904,0.5233383724351366,
12.711552211327485,0.47033097305004845,
9.281670527056788,0.7513530474877109,
11.686727432136164,0.553484281405127,
12.892932285867124,0.4561155508807262,
6.670650552643773,0.9183173590658478,
16.280994689243677,0.23428867569227385,
10.074757794603444,0.6878100267194713,
18.444392027551977,0.14136333458672368,
11.805635888442104,0.5436425987971172,
13.287973650285833,0.42582198022335094,
14.181180854192311,0.36120923752183787,
12.593482586535156,0.4796792185148675,
6.585809461504489,0.9222174475180166,
20.967670753027157,0.07357052571788536,
12.009062230585693,0.5269008904160425,
16.603124984342333,0.21808768159242842,
15.338539945928678,0.28669775073361947,
7.63213947863669,0.8667128476128789,
7.232532910328383,0.8897736866953165,
19.489722093065645,0.1086847419660879,
14.2470889689287,0.3566758219702002,
10.469234281395922,0.6551866058526004,
10.80103085195142,0.6274816487547297,
18.123502873979273,0.15288618530731723,
16.934166047511066,0.2023311321320196,
20.26480142642466,0.08880134440894527,
6.4261417396784015,0.9292605093673957,
22.57024704361311,0.04713195853988317,
5.275886671184387,0.968607031028932,
6.991673861684307,0.9025801301687469,
10.41393305793783,0.659785691796341,
6.834360290767664,0.9104845269617172,
14.906127397510929,0.3132496612508078,
16.083898759127813,0.24462904028701504,
11.978411975699002,0.5294148715204577,
19.570032706210494,0.10646219602564333,
24.55807720904713,0.02636799215560126,
12.484198480198367,0.4883944071091285,
10.320518049838702,0.6675378723547967,
13.373845342338564,0.41936705736666835,
8.981059334265769,0.7743725339663283,
3.867112343327748,0.9925245179662184,
10.29387967597075,0.6697442834896651,
11.415750562558857,0.5760319287889804,
7.286706759837132,0.8867780222428642,
15.577295235317587,0.2727108158670124,
7.255499070132543,0.8885088274147553,
12.739462525122958,0.46813182660941177,
13.914797800978516,0.3798716288231838,
17.536639908038282,0.17591831618246268,
19.670784778028935,0.10372867479502834,
15.16453526879108,0.29719413775752734,
10.662516968036055,0.6390662366562637,
15.11133049254983,0.30045431886273977,
16.741082796922118,0.21141222608908006,
11.616371913517613,0.559323955607016,
10.112321417343836,0.6847246610582961,
11.855192911998127,0.5395523755298113,
20.91603096478376,0.07460612048460147,
18.731002044011223,0.1316830353276377,
7.281636255399984,0.8870601786205741,
10.209967621478874,0.676681032660136,
11.10535668905665,0.6019918733833687,
5.019587454241764,0.9747594119878834,
8.804207899224533,0.7875647904558536,
13.228109481421154,0.4303503344678643,
10.671091224365945,0.6383497573584613,
5.392162985687394,0.9655157929527177,
8.414092883459032,0.8156162444153473,
11.559125661809102,0.5640836322841498,
6.756832848077761,0.9142441575658402,
22.252585726374974,0.0515695998021537,
17.681741361410783,0.16998163802446986,
12.92928378825779,0.4532887506068428,
10.389967817633618,0.6617765635887489,
13.959052902774348,0.37673399848857414,
22.2607089507567,0.05145160221782019,
16.155880032036993,0.2408148067110366,
18.395897607498284,0.14305769764876874,
7.570280596950766,0.8704261280632619,
10.01485846735768,0.6927188884976919,
6.574831164545399,0.9227141322433261,
6.951479899793506,0.9046346363465237,
8.152464137211428,0.8335275167975063,
6.7150923960302835,0.9162309135774921,
7.460766915594532,0.8768729417399339,
10.431065210141226,0.6583616406982735,
10.73129269910875,0.6333166973721941,
16.104899577563838,0.24351171745200872,
12.219063914192756,0.5097676771233114,
17.39880283838954,0.181708456591001,
5.38525480576407,0.965704797386042,
12.440551400012124,0.49189123135799084,
5.728042739422256,0.9554929890240811,
9.171359894491045,0.7598818055435332,
16.260913025567437,0.2353273135244156,
10.723647384849398,0.63395610166626,
5.904968359602866,0.9495432166435107,
6.291416551658789,0.9349007504596132,
18.236766053723898,0.14873475766346522,
9.413354079092825,0.7410576872206476,
18.528425404937447,0.1384662781613586,
17.846418772844288,0.16343839826892526,
16.671748700308296,0.21474755937209433,
13.069015910812789,0.4424949319181726,
3.212260616896032,0.997054229214019,
15.039481695682055,0.30489450613465685,
15.867931766570019,0.2563351051847984,
11.85154965694648,0.5398528299881897,
15.026766845341916,0.30568475923723626,
13.805247648181291,0.3877010677800341,
5.965260763303138,0.9474081265343905,
9.855144008878108,0.7057346893124281,
26.809476878737883,0.013209966772979032,
12.555266126769377,0.4827202410116338,
14.563715482973292,0.33537450764719656,
5.76172021477774,0.9543965443751898,
11.742662271992003,0.5488501058548891,
12.051160852003989,0.5234531873551438,
16.579579024568034,0.21924269099307403,
14.821066695370044,0.31865603387159314,
10.083552125025513,0.6870881546145193,
12.104659974097224,0.5190809837604985,
8.911575397057453,0.779588570908234,
18.90835894778446,0.125972523224966,
6.34806936512609,0.9325627798155269,
11.87425943311869,0.5379806319785471,
9.005636582016049,0.7725176993219791,
10.770047030258345,0.6300746331041278,
17.628115283070713,0.17215687380901779,
19.515704076854764,0.10796143837695504,
9.1426534585632,0.762086202004528,
8.262742660024646,0.8260716785939065,
7.55213813808451,0.8715054168182815,
14.740684650237652,0.3238198185393446,
15.503337701041104,0.2769919637687599,
19.488512216300872,0.10871852320749875,
11.074817779449292,0.6045498630873959,
12.126708645729243,0.5172821377451929,
10.04077543138604,0.6905966633061165,
5.779383102630133,0.9538147313072256,
8.083454090196064,0.8381211754788849,
16.348790474895925,0.23080716245724542,
14.199332763088602,0.3599573103168807,
11.336511526701717,0.5826494404008992,
7.2778393158336865,0.8872712264170824,
17.918729199405572,0.16062972036298007,
15.850115957684222,0.2573183651121649,
13.549251396843168,0.4063353173147235,
17.74292028874683,0.16752680849500157,
10.430229759510341,0.658431100256248,
13.839365214306719,0.38525324278943196,
18.36031126482963,0.14431161450249297,
9.516167201336454,0.7329391091841719,
20.542697456091595,0.08247998245307386,
13.419112412747248,0.41598401571651067,
11.654281682383958,0.5561759261962392,
10.352399546148122,0.6648946444573103,
16.88997139258479,0.20438290224257005,
11.5588455872345,0.5641069355022813,
10.91397652529703,0.618024017829523,
15.919315420842953,0.25351425372202263,
9.847418444016377,0.7063613712302232,
8.488278761518592,0.8104007341410416,
12.124993172137906,0.5174220293881482,
11.660531442599675,0.5556572624234395,
14.770003108825073,0.3219302367425918,
17.650871822924888,0.17123111420676773,
13.996681123734495,0.3740777509543409,
13.644645969441962,0.3993369945055816,
8.070144309333205,0.8390006387813969,
17.88485543255584,0.16194057791756644,
19.123884029671025,0.11931242983295132,
11.575616083796465,0.562711850274817,
18.722516269826297,0.13196155599872328,
6.2702689821238105,0.9357609058955731,
5.354094334814851,0.966548899247964,
6.744621429670592,0.9148281105769424,
21.22859750388165,0.06852855681904435,
14.17092603704039,0.3619176349114439,
15.255467901161508,0.29167710336442587,
15.895982110220935,0.2547924362571097,
13.000280378708464,0.44779001722333234,
11.317463806202053,0.5842414054680443,
16.21430773883226,0.23775079835086188,
7.572549373462278,0.8702908463210237,
21.324368219982063,0.06675581484413184,
7.361944393832641,0.8825485947448066,
17.42432320282175,0.18062525962682607,
7.509277751544077,0.8740374224729828,
10.104705180611978,0.685350655182261,
11.688233183560701,0.5533594282109741,
7.2338086121908525,0.8897036251622954,
10.567685289162506,0.6469834791537039,
9.544184969352347,0.7307151747653459,
9.36263681719297,0.7450370385776327,
7.562728251305798,0.8708759554796474,
5.515062532785616,0.9620389693727196,
12.694362643421554,0.47168745759781594,
13.278045387461246,0.42657139212830064,
26.741878941347565,0.013493323540060387,
10.095643313074978,0.6860951934045455,
18.955156555318098,0.12450061221293218,
16.159514166390718,0.24062339246810016,
12.559423404218768,0.48238907954143173,
18.810011398890573,0.1291131046958114,
15.269773879910154,0.29081546057250773,
16.746875624504906,0.21113534709341608,
9.253406606828145,0.7535468672903414,
12.324013929149567,0.5012704901669345,
10.458328249268376,0.6560941308487546,
10.842598721769805,0.6240017614114519,
13.697445876583014,0.39549109965146767,
9.78799965592214,0.7111716847344961,
11.041063119823438,0.6073775119390326,
4.935306679395405,0.9765897457037869,
12.650753275809999,0.4751357724264301,
14.07774350373861,0.3683917641359037,
14.1548162793235,0.3630321303328936,
17.201311132708398,0.1902639813706406,
4.809175777694671,0.979156999312188,
10.8918858237932,0.6198743139425985,
5.971578421934736,0.947181222453056,
27.61091415761028,0.010249879105841853,
17.968305608994914,0.1587265926091841,
24.89250758502238,0.02384580186371299,
5.593244215620167,0.95971341421428,
9.004245716937474,0.7726228028469587,
15.317037833143036,0.2879810174122902,
13.505494313027205,0.4095666043992392,
19.83312832994841,0.09944999190645465,
8.824816101071116,0.7860418995686479,
9.051266188596468,0.7690606956057691,
15.781488964968766,0.261130994139817,
7.6991910437720925,0.8626302474966765,
16.163060229173908,0.24043672407763728,
8.91416832474409,0.7793946754742058,
14.62740918257252,0.3311864779641114,
9.285510987412076,0.751054508775064,
10.472487377417892,0.6549158567436357,
14.530496665565492,0.3375717446315223,
12.310568146603462,0.502356514107581,
15.098258931475074,0.301258918928644,
8.018143194629202,0.8424162711702041,
15.182063596844186,0.29612526481076284,
14.362015316934636,0.34885204664348635,
14.27887417263952,0.3545016194930688,
17.95922247857026,0.15907390856419035,
12.360016714564592,0.49836640219287076,
29.605501551287603,0.005366180162677092,
7.044242626244327,0.8998571730445213,
8.171502296423007,0.8322503889260094,
9.918438865065827,0.7005899282689854,
28.87723078392247,0.006813468418709556,
14.147756435818433,0.3635211714781946,
7.324425362788782,0.8846676797325912,
11.559627434799376,0.5640418833503341,
13.773033999512048,0.39002009524404424,
9.963272984050517,0.6969348755828684,
8.957534346131986,0.7761431628801917,
14.78353650521095,0.3210603857871138,
7.831054383770208,0.8544298406154387,
21.869717793993736,0.057413570566765104,
17.49529600875556,0.17763955522451158,
6.1307596807213045,0.9412641523616653,
14.383032688763269,0.34743252611131314,
13.565287405517767,0.4051544384346778,
8.663757566631388,0.7978377640371128,
14.132582728528043,0.3645735665322125,
9.675116759559186,0.7202608375420865,
13.252605260353507,0.42849459125376255,
24.898206542654506,0.023804821678236388,
13.654509514664307,0.3986170382321941,
13.014904189562374,0.4466610891022196,
19.112853263167597,0.11964598671103022,
14.26757825557575,0.3552733881950648,
22.574693341637513,0.04707236220907951,
7.809937201824802,0.8557581848479578,
31.13113772394803,0.003225879259437292,
14.437139533312891,0.3437942735379995,
8.204330295419956,0.8300383172520918,
10.601173299707877,0.6441892291078974,
14.999985475777526,0.3073536813622315,
4.23052163318255,0.9884829069768113,
23.115693108226658,0.04030867364315749,
23.586318818054366,0.035155493773504354,
7.232664436738341,0.8897664643423027,
17.383736302851318,0.18235033816700918,
7.558324122224608,0.8711379150774836,
5.321413119315517,0.9674194195677046,
15.575281673287636,0.2728267615063411,
16.97676908909431,0.20036823609111054,
8.26911286947007,0.8256367482901814,
5.531133619053843,0.9615681972302716,
28.736126720198833,0.007133784580405478,
10.370842148115578,0.6633643943870118,
10.28189201942399,0.6707365479964282,
7.215697975316755,0.8906960793067881,
5.922444097677784,0.9489300128022752,
5.4165946668308464,0.9648418926608082,
10.819205494648696,0.625960291303594,
15.716602964879135,0.26477243378727566,
8.817793738638418,0.7865612701263482,
12.267963505287998,0.5058028204056456,
6.663511059761765,0.9186497591858933,
8.949598518354628,0.7767393928840918,
11.467045525245458,0.5717530960347864,
8.649047440999306,0.798902749669884,
15.379224421349917,0.2842803249120742,
13.565156277720856,0.40516408733441467,
13.027577433786556,0.4456837735216035,
11.035659276533622,0.6078302155107544,
17.63135719618638,0.17202474718290062,
11.17204474901213,0.5964074041061236,
6.965747372832134,0.9039080892796886,
11.476156515454454,0.5709935453394468,
10.85556457690676,0.622916086441319,
12.629617600874132,0.47681057648668435,
16.90142589687191,0.20384959632298472,
13.465618520330214,0.41252272190704187,
6.160289974045553,0.9401240492986073,
13.562926358101159,0.4053281919146996,
8.110648293072508,0.8363177144827815,
10.542209644931894,0.6491079015474293,
13.751298918273145,0.3915890399478885,
12.82499609175121,0.4614186381798906,
5.474863614794918,0.9632001296131999,
20.711759175494237,0.0788288176852654,
14.153142709112858,0.3631480251472188,
20.54377974765065,0.0824561482152435,
30.749136961897204,0.0036681779184999375,
11.400303083874135,0.5773213041929051,
20.154338249680933,0.09142812103076137,
14.573917550191917,0.3347014861642241,
18.716820988946157,0.13214876046373059,
19.98225266169345,0.09565366664003594,
5.3509636082581435,0.9666329455235776,
6.245465455833642,0.9367610563256075,
21.76791389337053,0.0590637651685616,
17.82240714172153,0.16437971845509936,
13.645649822699815,0.3992636901219635,
14.065407675519197,0.36925381924518486,
8.728720334640213,0.7931094682163571,
13.536183556225836,0.4072989413017958,
7.680595674749684,0.863768432082444,
7.398146936795869,0.8804851544979123,
7.98047214200769,0.8448701473174707,
9.823859374205133,0.7082706770357258,
5.277181585058707,0.9685736530708788,
13.990100571181316,0.37454151599923513,
10.260630767081947,0.6724953976793151,
12.98242913978492,0.44916981795711675,
19.7604775148418,0.1013457421991989,
17.768516385008994,0.1665081827692485,
13.333952867786342,0.4223597218954356,
10.532501960523094,0.6499171231047018,
12.431641061851732,0.4926061854141449,
14.10254865187601,0.36666184380351363,
5.196565449128849,0.9706071494430685,
9.090469769011744,0.7660769316806859,
11.524271983221322,0.5669847730299874,
18.87387740469893,0.12706631798348555,
8.337039565628102,0.820970733103986,
18.925912881424235,0.12541871305705432,
11.75207018788241,0.5480714535627438,
14.743171559343526,0.32365926308715687,
7.605282720481288,0.8683313179786714,
18.515158583074246,0.13892037976504135,
11.385173516142395,0.5785844831923536,
13.60138447503402,0.4025028352291382,
7.037641102881806,0.9002013468260194,
11.408456516679534,0.5766407062897383,
7.202383331335402,0.8914227168543061,
9.104898487293454,0.7649756566140822,
8.303132488175647,0.8233063095357949,
8.158402269511859,0.8331296256454375,
9.24637532927891,0.7540917246680743,
16.956101597045947,0.2013186376814049,
5.452581728583315,0.9638336979013736,
8.842994681394032,0.7846953352191621,
9.491285673705988,0.7349100365641605,
12.846478041525668,0.4597389502147007,
7.2608916895915945,0.8882107385000185,
5.688085993188858,0.9567720031172304,
15.208711780469882,0.2945052035814715,
14.155813658053138,0.36296307208767686,
10.94041425906112,0.6158094102466886,
16.30656569555609,0.23297101303486467,
18.036536598243586,0.15613711021058774,
7.363293337143853,0.8824720377894868,
16.252600214202182,0.23575824689803015,
19.33226009202801,0.11315667298172238,
11.24732433468833,0.590106978422056,
8.53545626423278,0.8070539594099929,
5.51517279377482,0.9620357522607558,
9.821016042568928,0.7085009292905726,
10.018785041933308,0.6923975306557709,
13.568070527820854,0.40494967355536193,
9.363345578878944,0.7449815480976214,
8.329685486833148,0.8214783763734088,
14.119571487763592,0.36547739125784406,
6.987736605522191,0.9027824357039655,
12.377122263259745,0.4969886256957394,
9.248520851224448,0.7539255054818935,
9.32518048359983,0.7479646448244047,
8.772735971790116,0.7898829270565684,
13.831965399466911,0.38578343106632906,
9.465253635959938,0.7369679295736467,
9.592157833035111,0.7268962937040612,
9.445146683857802,0.7385544650410905,
19.663191668424943,0.10393258138593175,
11.413492936525971,0.5762203467670366,
12.271917296559538,0.505482673661897,
15.378503880151653,0.2843230172465838,
6.478322649038983,0.9270015036008544,
17.463989738725363,0.1789517249713578,
8.579483587176945,0.8039100172623724,
21.798476019412075,0.05856398620590664,
9.784446738288503,0.7114587644281761,
18.23308315351457,0.14886828918832307,
8.493375112048117,0.8100403131016323,
20.971639687062133,0.07349145625560316,
16.04662852712364,0.24662110432734674,
7.335833556211264,0.8840254372736225,
16.38790863063605,0.22881580568232762,
8.907959453780851,0.7798588676285947,
11.572874755922468,0.5629398534355692,
9.262479772145497,0.7528432486987553,
9.38872574196545,0.7429922267573236,
13.105931633316622,0.4396629236099159,
4.514359598483673,0.9843894351306884,
18.03538884324328,0.15618038565462944,
12.855355263147331,0.4590455897296132,
13.204964231875715,0.43210728640854623,
9.045676976234208,0.7694850700863773,
25.974191829835192,0.01713697668403391,
10.901559000902868,0.6190641203429696,
17.917236520637537,0.16068730432321676,
11.360013028440786,0.580685861197305,
14.015763682819113,0.3727347536900074,
7.843547599749798,0.8536412941500628,
17.481789590616607,0.17820472891018957,
10.832996622318127,0.62480571234907,
9.12664443631268,0.7633127697678196,
9.085240466791584,0.7664756482581012,
7.049929789292674,0.8995601578825126,
17.44730057191657,0.17965434835801908,
11.882872838730332,0.5372709485441751,
4.94520291577131,0.9763796512354865,
12.633984064557577,0.47646438714159955,
9.313747805474003,0.7488562809823802,
18.25104481018585,0.14821797220788469,
2.434122956359824,0.9993255176276417,
12.751528009998099,0.4671824400451745,
19.059160449297714,0.12128077860489328,
12.389158795179261,0.49601992086327396,
15.025362108288387,0.3057721490946961,
8.317022320302245,0.8223510972894641,
15.949221927809734,0.2518827218287032,
8.910159181148455,0.7796944486473425,
4.702947262679475,0.9811635975595568,
7.956728694616997,0.8464078434170306,
9.641050173011285,0.7229903628539784,
25.608868932822503,0.019176391201660148,
16.314339524705357,0.2325715157267607,
15.137168401826052,0.29886811168631944,
6.2816846348980775,0.9352974348639183,
7.131078403823416,0.8952706900213894,
10.982283329710405,0.6123018690618334,
6.794634909318136,0.9124222412558065,
11.663248639262731,0.5554317925221399,
23.13986031983228,0.04002818440432032,
10.364994624857538,0.6638496787094724,
13.383850350741799,0.41861815358734866,
8.540388563388738,0.8067027341166347,
12.377002834897404,0.4969982405960789,
11.858963486793686,0.539241462753743,
9.943177576849473,0.6985742104504751,
13.587666747394346,0.40350943369447223,
12.136949418233327,0.516447266372696,
17.320744651834758,0.18505326370236486,
7.169043501253048,0.8932310348102698,
13.713554445087672,0.3943217274302492,
13.169834943343679,0.4347804303806062,
22.192362989764334,0.05245198617778446,
12.355018337294606,0.4987692449384621,
11.778279283476287,0.5459034849400779,
17.9804795372081,0.15826205077108302,
12.33160976451122,0.5006573161602842,
9.769077947377665,0.7126998476306825,
22.388571759063502,0.04962591610898348,
11.78960019959786,0.5449676163431871,
9.980360130980005,0.695539596966854,
14.01617326332129,0.372705958292461,
18.123980844529015,0.15286847078511756,
13.448755626630582,0.41377607982995457,
14.914186532489515,0.3127405335454094,
17.018220739845233,0.19847246579558364,
10.497883443083722,0.6528014380786475,
9.662855614518266,0.7212439833924225,
23.8970172724701,0.0320906564019785,
23.510445396447047,0.035943448579146775,
22.62623191170196,0.04638649855001764,
16.744632381751753,0.21124253442418006,
6.987675756974584,0.9027855604531695,
8.8088281703153,0.7872237034507089,
16.846385543844313,0.20642195316064593,
13.102368675919195,0.4399358935844593,
14.636920613977969,0.33056389902343564,
8.241721335211693,0.8275036642901328,
21.291708179862475,0.06735575860762644,
16.884343379051597,0.2046453253706786,
9.685754379900509,0.7194072029305536,
15.093147494541535,0.3015739342608036,
19.098449633541446,0.12008271196796927,
17.888537381429497,0.16179767789324262,
19.96841416348191,0.09600064574852518,
16.20845660469965,0.23805634601021075,
11.43337192075501,0.5745615467832065,
7.72382603487905,0.8611153925347886,
4.753009130892815,0.9802353815474248,
21.90019579748797,0.05692759295620231,
7.702837674559846,0.8624065109312289,
21.775368808472958,0.058941506991251225,
16.405415739421702,0.22792872105094997,
7.77990146556681,0.8576376824612297,
16.12075779512763,0.24267046079874566,
12.416364725447131,0.49383279171272165,
12.349126349932227,0.4992442497127587,
9.538748003641293,0.7311471135734487,
7.099272750225377,0.8969633489035159,
15.368379425640882,0.28492335800918855,
19.20054014678239,0.117015936607337,
10.900234009613971,0.6191750994392411,
15.031533684350824,0.3053883328322995,
20.1875109430764,0.09063233121737635,
12.92192550415728,0.4538603377940167,
13.16624346701704,0.4350541596903168,
20.92267780280321,0.07447211081398764,
7.478260481806272,0.8758541458080196,
11.140348799975422,0.599061337947953,
15.235110468414936,0.29290618925261724,
10.278478491957694,0.6710190231632989,
5.304077387076179,0.9678750731016363,
7.690858366241348,0.8631408369108411,
16.907108325749682,0.20358542569412486,
10.581639203815994,0.6458193839253235,
19.28117388992764,0.11464051176905576,
3.729784505598414,0.9937407946259128,
16.380311493838487,0.22920154769494494,
13.454812809572127,0.4133256492929269,
10.090110552327618,0.6865496259553205,
14.551519655756113,0.336180158738282,
15.318878665445759,0.2878710023178582,
14.94956878368971,0.310511666525775,
10.508433465770072,0.6519226856612579,
18.739613620491987,0.13140088377155779,
19.749534745954705,0.10163394103830814,
11.769723844799337,0.5466109717371708,
9.592849368362288,0.7268411443929523,
8.098792868888873,0.8371050214264055,
12.48154803861952,0.48860649330507977,
15.35958148359763,0.28544574373550224,
9.596913512026797,0.7265169761661872,
13.96828750031019,0.3760811254003614,
8.20127975305196,0.8302443988834013,
24.69052647729454,0.02534101936290789,
11.981055786618247,0.5291978967494417,
16.176517946266014,0.23972925763029906,
24.69463851934995,0.02530973460468422,
11.29407102413192,0.5861971002598374,
39.60162015696677,0.00016018971783204883,
3.2643726184037245,0.9968003466919142,
16.430312708483413,0.2266715920706377,
14.167632025795085,0.36214535609860365,
18.987539362161975,0.1234905112487249,
18.086581236704678,0.15425960916905512,
10.458927513475402,0.6560442708075749,
15.505471712625669,0.27686778519467725,
11.113779029260304,0.6012864648657243,
11.443865778710459,0.5736861380272755,
13.131720190763435,0.4376895114794247,
17.70299970246431,0.16912541128067782,
12.766519480320756,0.46600391495959514,
8.008851098742019,0.8430231637896819,
7.727417423532935,0.8608938870707636,
10.994498960029647,0.6112784815403516,
20.547200843855066,0.08238084818692981,
20.536496162614558,0.0826166629773728,
15.536395445308603,0.27507264788649133,
25.376243142174147,0.02059039201568258,
13.957752322364827,0.3768259990820483,
10.064498640636794,0.6886517685978373,
13.701495371020858,0.39519695907140073,
6.257851834891783,0.936262776351598,
13.435852139273537,0.414736450317132,
8.190983179738964,0.8309391990122119,
10.82225967339639,0.6257046097225714,
12.205208666838637,0.5108928572896643,
13.5167988521739,0.40873054465433867,
8.114999198006947,0.8360283574244604,
10.567861610659964,0.6469687717095123,
5.223710990504865,0.9699324828565387,
22.14902764312503,0.0530952817032887,
15.971642485654543,0.25066453540703515,
14.399054227885198,0.3463527792949337,
6.062539348820088,0.943847195714762,
15.099676390872347,0.3011716002946887,
7.682754013882455,0.8636365583448298,
9.667590694559276,0.7208644048054929,
11.543596343048653,0.5653759639613705,
17.987950002038495,0.15797753015370353,
11.127483632078727,0.6001387093148427,
18.49360233229283,0.1396608265786975,
17.821744308929702,0.16440576472591562,
13.591868472807167,0.40320097369226837,
13.92506249771949,0.3791425725623463,
4.478155454920069,0.9849611524725121,
13.195546954089089,0.43282312433478753,
9.299125420917804,0.7499953377176191,
10.999402430919812,0.6108676827274853,
6.796038625476463,0.9123541742486405,
8.3589682124689,0.819453488990328,
4.931690689027812,0.9766661943567415,
14.732149147922051,0.32437125797362665,
8.162573923617307,0.8328498530845401,
7.234304962268167,0.8896763593325429,
15.638370936241135,0.2692102322763792,
8.03540029863256,0.841286379262461,
8.765233195922823,0.7904342015088625,
13.371424485180889,0.41954836554449315,
9.063114332360762,0.7681602529291498,
9.805586524261912,0.7097497199471035,
6.043318565302769,0.94456217032746,
13.573442642538918,0.40455457920146376,
16.2136108670872,0.2377871740905415,
13.228543715238471,0.4303174044785525,
9.656125017039843,0.7217833147082511,
9.478087052988432,0.7359539556367305,
7.423412399099836,0.879034267993367,
9.393618293166957,0.7426082431269302,
13.405056218743798,0.4170330402429465,
10.800902855277252,0.6274923621860196,
19.55388103332605,0.10690605592729074,
8.670410287102797,0.7973554243988032,
14.123020082458492,0.3652377082034396,
17.68271475877113,0.16994235706097793,
13.149957972342518,0.43629639472845105,
19.989121984890964,0.09548182924511728,
6.432717011232172,0.9289781418233465,
8.599840937148393,0.8024496791248596,
25.290710239376068,0.021134211858354623,
7.753522163460737,0.8592787738974641,
14.526250548889154,0.33785324226304314,
10.832108551191787,0.6248800645532868,
9.102313924952279,0.765173045935872,
8.341222150095756,0.8206817480670321,
16.600864212852347,0.2181983812798498,
6.341409089669046,0.9328401826648549,
7.471404351097702,0.876253937182937,
19.777585537205088,0.10089656822754745,
11.917171436089777,0.5344472593456719,
9.013202958761344,0.7719456475266566,
16.096495148965506,0.24395841908174276,
9.285454643806471,0.751058889418767,
7.677173619563005,0.863977392364868,
12.242070647268319,0.5079010285466196,
5.6250851543230835,0.9587406717395792,
14.985757874875382,0.308242724910769,
11.683111895440325,0.5537840953236882,
15.33600188020338,0.2868490221462374,
17.196352529158517,0.19048276272711806,
14.873846342269381,0.31529437404218075,
13.021728288416446,0.4461347193792897,
10.973495478993602,0.6130380820334322,
12.186431161762986,0.5124189998708377,
5.56686000094898,0.960508196118252,
4.3966007766044335,0.9861948185789339,
12.033808298830822,0.5248735361359136,
6.808407903609847,0.9117531033516408,
8.564095442591432,0.8050111112526654,
15.670715166851993,0.26736919012226046,
13.935062949847177,0.37843303991194677,
5.504289152198534,0.9623524567603499,
4.363694434575888,0.9866717126097959,
10.735411187377785,0.6329722283557184,
9.797467717403515,0.7104063469666505,
11.313557799086846,0.5845679140037989,
15.63619349330245,0.26933449093872797,
5.849567637297251,0.9514567471692483,
6.603889203078917,0.921395486551039,
11.176178386897313,0.5960613356557075,
6.285947538489291,0.9351238520121261,
4.815899934337527,0.9790252488663064,
6.182758364499927,0.939247681209592,
15.4504168464006,0.2800837501698664,
9.960542623023084,0.6971577132978766,
9.081338413838141,0.766773023506519,
13.709173673397308,0.3946395574774688,
11.145669674078741,0.5986157755640308,
18.12514762470346,0.15282523462144448,
15.562636426903456,0.2735556884980981,
17.888279344577104,0.16180768925465472,
14.51384354838507,0.3386765995148251,
13.307802165696197,0.424327188768471,
11.997530562565004,0.5278463605989907,
4.086245467996615,0.9902388834855375,
18.936306344594637,0.12509176702247082,
14.94051446175964,0.3110810451361392,
9.461513201711572,0.7372632648902041,
11.731433718924736,0.5497797474193415,
8.391167945505064,0.8172160571730219,
18.247187720668002,0.1483574259457252,
22.95674892280229,0.04219825956441636,
9.999739631418993,0.6939556591205531,
7.795332979638377,0.8566734991872107,
12.824635832724848,0.4614468290395908,
10.291139053539156,0.6699711716071642,
7.2323989406693405,0.8897810429572117,
12.471302839822734,0.48942661916459684,
13.454771835195436,0.4133286954366504,
9.865033648333624,0.7049320518923232,
9.174509076372415,0.7596395902864378,
8.440550448038232,0.8137628931311434,
15.307714314719322,0.2885386644645289,
13.136761444439824,0.43730422185100504,
13.374491517067147,0.41931866920734684,
17.061177916439934,0.19652244778987016,
11.0969449308801,0.602696423739293,
17.749318027216972,0.16727173817958885,
9.131383572191522,0.7629498790916265,
5.7260484541390175,0.9555573880404761,
15.992806838675362,0.24951849646857982,
7.7833299663029,0.8574237300348846,
16.20828881041237,0.23806511250763607,
11.737335331638779,0.5492910964492526,
17.49969966808784,0.17745559089148544,
19.402334431418875,0.11114771032453352,
17.80332178643073,0.16513100787880086,
12.253329986819057,0.506988294794526,
15.081460216118636,0.30229503600516416,
30.190471522498058,0.004420890977456127,
12.20621879746632,0.5108107987960928,
11.911770201360321,0.5348916810973692,
9.679655246662689,0.7198967143508122,
5.623286975566647,0.9587960029526175,
11.654987944116048,0.5561173093919922,
7.616320245000476,0.8676673306711056,
8.655268523395037,0.7984526137428252,
9.224105412941183,0.7558150283438287,
11.790329096424026,0.5449073725786326,
10.8387283524251,0.624325821131978,
15.28804888641995,0.2897172695146307,
11.264079202158356,0.5887053563064009,
12.50456016351551,0.48676619945067234,
15.658464022623274,0.26806548696959265,
9.0921702796012,0.7659472262825044,
6.40501612193128,0.9301632580552279,
12.679644549017613,0.4728501479244651,
16.490737271820404,0.22364201338625112,
9.719966141714705,0.7166576675876802,
15.473911520350805,0.2787082038358346,
10.454562173068409,0.6564074585545651,
12.51948120648284,0.4855743130867102,
19.053888633682842,0.12144229418239738,
10.711446987791033,0.6349763322320238,
10.50832638760834,0.651931605715286,
7.301723849270721,0.8859402332826601,
11.279850001521535,0.5873863072102502,
13.687765339031893,0.39619473399599237,
8.147179937161505,0.833881243720899,
5.224766322822755,0.9699060482805888,
14.043539442474914,0.3707848685471744,
14.783790383956587,0.32104408226048897,
11.316263238696637,0.5843417606718083,
17.076930869876755,0.19581106788278713,
8.258459402785443,0.8263638630103021,
15.18205619172943,0.2961257158286851,
12.692536421388931,0.4718316624049048,
19.30633282346954,0.11390771284317691,
12.955669600266317,0.4512417015902884,
10.174113320967198,0.6796382853165484,
6.767207446253831,0.9137462791168864,
19.00953941956476,0.12280818762955226,
12.418303120163133,0.49367708979312064,
23.413038843555707,0.03697862169435828,
13.395163687682693,0.41777212124769925,
21.42233142102482,0.0649845153485683,
15.673593205039413,0.2672058003342628,
21.870481544625527,0.05740134737725644,
8.751458492392864,0.7914449393000549,
10.512286144787039,0.651601726731253,
17.565075258840803,0.1747421600097293,
12.046755794164417,0.5238136509258509,
22.938067012243664,0.042425547245495854,
9.399854218581526,0.7421185942086577,
24.02449494344977,0.030905490475024777,
5.564909844584029,0.9605665374962019,
6.9368911142935,0.905374430856487,
10.061513953387426,0.6888965807294871,
9.519788930710346,0.7326519023788833,
9.372281805193369,0.7442816173032547,
10.050296129205634,0.6898163914080533,
9.884449687793975,0.7033549326403387,
22.10754326713696,0.053717708566722644,
17.116503350722017,0.19403281197973987,
9.676018249816902,0.7201885198961263,
11.69241044663623,0.5530130888702872,
19.201414951240153,0.11698994485078285,
10.832973189569417,0.6248076742215848,
7.9450823440883696,0.8471595517588604,
9.964634244085984,0.6968237648627097,
9.319652775919847,0.7483958662735215,
17.916213552389014,0.16072677756329734,
7.890657074501573,0.8506500374203249,
20.603403152152968,0.0811523451971804,
9.993340948076805,0.6944788118222084,
17.222229316775028,0.18934318899382963,
16.18449648066128,0.23931054802560492,
15.697993180673794,0.2658233997239774,
13.54424046879752,0.4067046839366486,
17.71362436900398,0.1686987686675956,
21.426200788466367,0.06491541376013044,
16.634757368923527,0.2165432137666975,
14.058878376799262,0.36971057060371737,
19.118620267932187,0.1194715020995355,
6.722938250238763,0.9158594714848751,
5.712450269958999,0.9559949223365568,
25.815065796053705,0.017999095340306415,
9.915908847224388,0.7007959228550931,
9.223116713726558,0.7558914512352375,
7.641551889758558,0.8661433479127889,
6.316061619640253,0.9338897151877696,
8.284073608334037,0.8246134956396589,
13.621333380160067,0.40104135270106234,
10.154205161283816,0.6812784604183167,
14.755082405942561,0.32289099873852356,
16.1667516462449,0.24024251636866956,
5.407092054659605,0.965105016713926,
5.6260857875267165,0.9587098609647567,
14.025702546446414,0.3720363641331348,
11.079390342454653,0.6041668382254218,
10.997998494987849,0.610985300502934,
11.693357786747233,0.5529345502941342,
14.432799761635927,0.3440852286081464,
11.062958003111909,0.6055433346246721,
13.54890467280978,0.40636086950882633,
4.629173067811432,0.9824758436521823,
7.894140794484063,0.8504277239342735,
5.840234810534822,0.9517745583149957,
4.534755506707093,0.984060731949673,
8.765508534113991,0.7904139800466865,
17.456615194472555,0.17926193009198077,
10.266887408494762,0.6719779513547008,
12.98313134882849,0.449115505498458,
7.660375368582811,0.8650008950773853,
26.180869144032716,0.016074697993048725,
13.79222863761824,0.38863738310255624,
22.762719104511955,0.04461347568619367,
14.0673470057078,0.3691182176655978,
9.336755734297014,0.7470609563527866,
17.675521684365663,0.17023280058492807,
11.918211940577729,0.5343616556600188,
12.563205649392433,0.4820878667261078,
11.930646725379953,0.5333388958935319,
13.948008776304372,0.3775156421737438,
11.687395793965457,0.5534288618083567,
13.241844774913282,0.4293093068799395,
4.608400497793084,0.9828335480166542,
12.387233927106285,0.49617479122835906,
5.304598910638909,0.9678614269960842,
2.706310719069329,0.9988029366043057,
16.186960752214297,0.23918133234378525,
11.754442920621639,0.5478751096926473,
17.748533172827567,0.16730301271155634,
5.992271038964677,0.9464337969609347,
22.363088577655066,0.04998506574219996,
17.18845651030178,0.19083155107985028,
15.225838862510274,0.2934671195379245,
9.334705640059811,0.747221076862422,
18.871406250483123,0.12714500863837486,
6.98720912184159,0.9028095217046366,
16.43981534777217,0.2261931341801855,
7.987314627165194,0.8444257207822016,
19.358132815343538,0.11241138458380273,
13.593866368676334,0.40305434609837665,
20.130409142174223,0.09200589791388003,
11.937735489738426,0.5327560673121248,
11.309308274128476,0.5849231577375057,
15.348490508544023,0.2861052103113072,
12.433683160508625,0.4924422975733487,
7.7695092121339755,0.8582852738341036,
6.386826960494615,0.930935065042862,
12.746377519129348,0.4675876163861292,
6.255369727048838,0.9363628145157861,
19.567012088499045,0.10654508559426068,
14.86235931980452,0.31602405174288695,
9.251907713093924,0.7536630477333026,
10.332334923817937,0.6665584763113426,
16.07980775596904,0.24484712932975083,
7.619631011715831,0.8674678460417082,
17.496943590376965,0.17757070934372043,
13.521590934344472,0.40837639770296263,
16.70477067413873,0.2131541036215161,
12.140238559584109,0.5161792063630077,
14.927907982040004,0.31187493308622494,
4.900598556236295,0.9773165443486111,
8.40902142733953,0.8159706430108301,
18.843301592019266,0.12804282195880679,
23.5801589707767,0.03521887188253281,
11.137586520787778,0.5992926531788063,
8.308795069209197,0.8229171496798671,
3.067928830658472,0.9976781791605872,
10.519271323183025,0.6510197325950912,
8.220025489524907,0.8289763254279238,
18.64192369063666,0.13463116629029936,
16.03139675529789,0.2474386003189767,
13.222956155101597,0.43074122731099407,
13.540476507462744,0.40698224824631546,
18.194464046863622,0.15027439291227562,
15.639559173689715,0.26914244085413763,
9.287418381881736,0.7509061978422658,
12.511393085353271,0.48622025529701096,
3.1990743280398206,0.9971159826126414,
25.417984918657964,0.020329740920720263,
14.48417523241284,0.3406504725697228,
13.021744116589247,0.4461334988135417,
22.818676020485395,0.04390443307135128,
26.21628926677159,0.015898939735810358,
10.710656500724596,0.6350424292173364,
18.06068543071407,0.1552288366586223,
9.368007914776552,0.7446164381655032,
13.428573340618605,0.41527868701804627,
17.92093717393478,0.1605445724333956,
17.130925893631918,0.1933878279305632,
10.48671610466703,0.6537313674978897,
19.69307213936514,0.10313213400736332,
12.557071461744833,0.48257642069017825,
11.338190615324486,0.582509127224105,
13.621564321155766,0.40102445005326826,
8.677933740501937,0.796809434765609,
12.806143265839657,0.4628948707694327,
11.081368204170525,0.6040011627789771,
14.133501459707258,0.36450979615015666,
9.777811868610911,0.7119946995089683,
7.596844678938639,0.8688378258617617,
8.845593338909898,0.7845025969245996,
12.823831226097402,0.4615097934364608,
16.4170105729034,0.22734261767651343,
20.208797146881114,0.09012484421920841,
6.0381503201696995,0.9447534608528667,
8.466709507811172,0.8119231279543517,
9.100640919825567,0.7653007890675281,
14.559970628437366,0.33562176338720007,
16.832543246946262,0.20707276589713342,
9.36053943425194,0.7452012270572014,
19.501594899848172,0.10835371063404853,
5.787332959079819,0.9535513438447106,
8.751651907252828,0.7914307595640808,
3.981104004951041,0.9913907299482151,
8.4598727251903,0.8124046575904694,
9.738748006499907,0.7151455565710465,
9.63992891635026,0.723080091245937,
21.598125665524623,0.06190999190404767,
8.584587252792941,0.803544296926499,
11.463006879049294,0.5720898287755202,
9.158335219966546,0.7608827725695516,
9.457519489902378,0.7375784992362597,
15.627621982944273,0.26982402531755534,
9.436143407361207,0.7392640186856071,
15.867512130471367,0.2563582341696077,
7.081995183381565,0.8978766715750945,
12.62022372964863,0.47755568762198974,
13.175239838205824,0.43436864153480337,
3.012440971713173,0.9978891041741145,
3.5262249339190963,0.9952669520960834,
16.665679965905895,0.2150413784234937,
7.8893337924805,0.8507344426543227,
6.183711535296187,0.9392103329378112,
14.166984383346803,0.3621901387053894,
8.419566740576766,0.8152334155900899,
13.423302252750972,0.4156715815060764,
20.15819191490924,0.09133536598301772,
7.808785553205033,0.8558304634338252,
14.576810404448842,0.3345108001681749,
12.53706304138677,0.48417126890159523,
7.444738254158626,0.8778027209702765,
10.440891025275176,0.6575446020543136,
12.706583551346665,0.4707229054416887,
10.210398321244043,0.6766454833209511,
21.38062056888884,0.06573355558250205,
31.815398823346392,0.0025582997952587894,
17.733254111426664,0.16791277621693057,
8.614345572200481,0.8014066500552102,
13.898004196923736,0.38106609511891065,
16.524637546928304,0.2219555982992255,
12.572851877398088,0.4813199755347296,
4.47800684080754,0.9849634685251968,
10.209025338587624,0.6767588052686551,
11.620174784914793,0.5590080190041802,
9.426796739248992,0.7400000753568015,
11.097422712879235,0.6026564050558962,
10.64082333764871,0.6408785530292558,
11.779113556476032,0.5458345059093357,
19.910044671498753,0.09747608425165022,
11.512875950679573,0.5679338589602068,
16.77416958504131,0.20983448103127722,
19.033448067885736,0.12207024700973979,
15.079539562702761,0.3024136489776066,
11.908346889916272,0.5351734039343944,
7.419499038122844,0.8792595761374663,
18.04811112498339,0.1557012405631173,
10.207786760238266,0.6768610287096614,
13.200239530699196,0.43246635609092077,
9.998746938029235,0.6940368321684021,
11.434690210594178,0.574451564001487,
18.57260598716377,0.1369628505088054,
5.770789973929457,0.9540983694047951,
12.670160991514301,0.47359992497013725,
13.968642223006224,0.376056059767067,
18.008795761490376,0.157185777928059,
9.210335005912526,0.7568787745407114,
15.89608823079598,0.25478661263119484,
22.71373527924645,0.045242632217668555,
20.045447427861667,0.094082813567537,
6.030937700465564,0.9450197408633815,
10.895779619489163,0.6195481868613302,
25.606054632617397,0.019192944413152224,
7.97337577458705,0.8453304564348003,
16.64497376127,0.21604615672854321,
10.473522017637732,0.654829740913127,
4.844565499583616,0.9784571796728816,
8.155545290461085,0.8333211121335082,
4.045215528167324,0.9907008372820556,
9.114696788302245,0.764226854875645,
18.836420754579045,0.1282634345829039,
13.272256188714158,0.42700867120325725,
11.22174733680184,0.5922471047090747,
22.04813721602556,0.05462039868063795,
7.025383266708589,0.900838720121419,
5.3219178733742725,0.9674060892020566,
18.083465478292087,0.15437596585269775,
22.982174350100145,0.041890700328402364,
13.112968108863269,0.4391240654897033,
10.44246094401137,0.6574140397578462,
13.909121432021717,0.3802751331788632,
14.131187827215266,0.36467040094529657,
11.733118710247014,0.5496402216700034,
7.470217125924128,0.8763231004129546,
17.727927807021963,0.1681257569499066,
9.843827213080093,0.706652588167947,
13.229552148973987,0.43024093486001047,
8.557603565697342,0.8054749144084798,
21.09129519910894,0.07114243289610356,
9.318639714957557,0.7484748727976887,
20.66834469663885,0.07975271264511086,
14.925024411172794,0.3120567100136158,
9.76115135400848,0.7133394790569743,
12.940708076183599,0.45240194056950467,
13.645743202138597,0.3992568716371483,
11.228285372164418,0.5916999881289835,
14.759163540591054,0.3226280280854743,
6.896132821468221,0.9074245469743137,
21.28596251108906,0.06746179374275352,
11.485559065110273,0.5702098389182022,
19.712115045828515,0.10262475336867061,
12.292240365327583,0.5038381110285942,
17.51435200596521,0.17684456691341244,
11.407606321423353,0.5767116707001697,
16.444766149293887,0.2259441591466096,
20.98472827584897,0.07323123237147289,
12.129000257959728,0.5170952811474787,
7.443052750941727,0.8779002862420666,
14.075201210892025,0.3685693302481383,
4.686876892767136,0.9814550557286014,
14.56004545575186,0.33561682177070207,
14.453159968658726,0.34272150338366547,
8.500288764213073,0.8095509366201306,
17.38386634090619,0.18234479053472907,
9.247819578996952,0.753979838589447,
11.184123516634033,0.5953962007299483,
21.01741951315182,0.0725848034196368,
10.390063918172189,0.6617685829569542,
9.493874286474592,0.7347051664734043,
7.545380734286968,0.8719062732379681,
16.036622401854128,0.2471579171135666,
11.316008851527048,0.5843630250621039,
22.29502204830666,0.05095583903044798,
13.163795928288353,0.4352407485714279,
15.082192391523957,0.3022498274758547,
8.055275632324749,0.8399805983929107,
12.09188177755492,0.5201243266529554,
12.170013564053594,0.5137544850550921,
13.848555786611495,0.3845953089753654,
13.317873203696298,0.4235689564450227,
16.51941917247091,0.22221457246369392,
26.318789719533566,0.015400389603210773,
7.461154484294159,0.8768504160358219,
4.319378931194745,0.9872953586738753,
10.129632083330748,0.6833010864258058,
14.779880028374317,0.32129525531619874,
7.025923176513703,0.9008106927430217,
7.413150185828303,0.8796246530389741,
14.67400597927209,0.32814347196006755,
10.793978944145787,0.6280718804283509,
14.32783672454083,0.35116794279470187,
6.5634891890238345,0.9232253470465258,
8.963205227433543,0.7757167707786494,
8.558035953855057,0.8054440363732742,
7.235424472516773,0.8896148487253256,
22.784896149670036,0.044331237141599034,
4.993600231491641,0.9753337427566448,
11.834403315221762,0.5412673918508188,
10.610029120573328,0.6434499960235295,
6.759010196319353,0.9141398005276093,
13.552327918094043,0.4061086263436188,
4.01884708571752,0.9909892484934156,
11.784767586393345,0.545367071889852,
7.53247491873341,0.8726701375797516,
21.51363583249733,0.06337118615924475,
8.784892798682211,0.7889885768729006,
9.886874538826303,0.7031578455988057,
8.986467379206838,0.773964827989599,
14.8669971227533,0.31572931836864915,
11.76661059099143,0.5468684695949456,
8.231985097459388,0.8281652010762972,
10.585506053133077,0.645496737519493,
6.131168459397008,0.9412484610187738,
16.916166089312537,0.20316488085913065,
17.490198538900742,0.17785269159130468,
15.690060735872985,0.2662722661741994,
25.224363782226163,0.021565189739545354,
15.205763663770927,0.29468413943555993,
26.48095467975903,0.014641410284247147,
17.33876062470742,0.18427702836731952,
13.934295444059368,0.3784874680467577,
10.295045789905348,0.6696477378536149,
8.799675785488917,0.7878991784579319,
6.375397397588378,0.9314174617873433,
25.038538197297367,0.02281604306411511,
12.324098400112225,0.501263669868145,
16.853448310318615,0.20609049008177027,
13.917292803742235,0.3796943475568717,
14.454410939994608,0.34263782137053256,
7.898927191557132,0.8501220316289221,
8.028363553250884,0.8417475392280336,
20.18141983118487,0.0907780032187413,
8.072873475155765,0.8388204778512156,
10.106525228697569,0.6852010808277808,
12.65019502809154,0.4751799787491361,
11.706216561112026,0.5518687218274805,
7.056534450280623,0.899214631547363,
6.297322492346899,0.9346593117101354,
17.55039113032979,0.17534875238017,
11.726440650545364,0.5501932415520054,
16.93833418500334,0.20213844063510056,
20.613453042299145,0.08093435827922546,
12.993495455445915,0.44831423131728276,
5.375352487191797,0.9659745352080673,
13.399535821318441,0.4174453939798315,
12.394356697397,0.4956017934069161,
9.481919662978367,0.7356509363211545,
7.070117993308337,0.8985019956729234,
20.593516154861355,0.08136729768567408,
20.23482605337117,0.08950762178746374,
14.036490923672652,0.37127912749033953,
11.600004581479832,0.5606840894691026,
16.96799447443371,0.20077131783028346,
11.410261864155315,0.5764900204668315,
5.771908426432382,0.9540615144399007,
18.117119116773505,0.15312293938660315,
7.118146007229958,0.8959607095266557,
10.391335508162495,0.6616629821433078,
17.272290834533457,0.18715363372838723,
11.605317621315951,0.5602425092426733,
10.559135391348493,0.6476965847568773,
5.47217359797693,0.9632769979361522,
8.168924736784957,0.8324235453866264,
16.502598912179952,0.2230508552327607,
14.385644859291858,0.3472563438889962,
18.158337909192454,0.15159948399303513,
10.470598656005562,0.6550730542109084,
17.702264343914415,0.16915497201021845,
9.184582818369295,0.7588642723727493,
10.429471061107815,0.6584941772430812,
10.285482607506188,0.6704393844280107,
7.73066454268037,0.8606934699960702,
10.371572129546877,0.6633038073708208,
19.295918954430334,0.11421055480454512,
15.715414956296371,0.2648394376188785,
13.93528256908377,0.37841746629109463,
8.295285970777297,0.8238449686262356,
17.702520862955435,0.16914465971604553,
14.151244736661244,0.3632794859747367,
14.355154356388914,0.349316195637585,
8.842685711913566,0.7847182469329679,
7.741360780736012,0.8600323090780441,
7.146775166847633,0.8944299177738761,
13.99147543264509,0.3744445955396243,
8.96750193026589,0.7753935197619786,
17.564898332601548,0.1747494588263181,
12.707456209657687,0.47065405988836406,
8.918483589906776,0.7790718557131107,
21.115960626457664,0.07066650155848331,
10.820990060646139,0.6258108965578357,
21.783687662016643,0.058805346464478214,
8.19271271223619,0.8308225778218703,
9.091863296871159,0.7659706429136545,
10.731137631328778,0.6333296668455515,
11.971982122923817,0.5299426604184017,
25.264959944507083,0.021300524707810298,
11.13579940726983,0.5994423094479869,
9.778961584645678,0.7119018464723197,
20.867013747767515,0.07560091906345434,
8.553464301759977,0.8057704142391313,
14.043378909037301,0.37079612133662576,
13.121449381068771,0.43847496981153977,
14.087935226183204,0.36768042015983626,
8.968064763440548,0.7753511648347335,
19.36279867921275,0.11227742221079229,
12.18969765454681,0.5121534147239153,
25.760906029030266,0.01830162790375245,
6.330965095094429,0.9332738139621439,
16.704973014046114,0.21314436746375054,
19.773964795845096,0.10099148924959767,
14.286636717366557,0.3539718404980243,
12.623489512398724,0.4772965983983448,
13.995828493336905,0.3741378217508873,
9.223317481958658,0.7558759331621382,
8.688327255091435,0.796054255829027,
7.740835372426747,0.8600648206938001,
11.63212217510327,0.5580156579557338,
12.06493335584058,0.5223266384249925,
10.677417398290121,0.637821070771056,
14.913987380245235,0.3127531083033318,
15.58629749394301,0.27219286406248866,
22.784854672797792,0.04433176349248724,
10.125928673942676,0.6836057329512186,
4.924529230087786,0.9768170994444809,
18.20733589531277,0.14980453981755382,
11.490391047536892,0.5698071515793998,
13.671894854017593,0.3973497345385997,
16.418636889947493,0.2272604991028282,
10.822397252496,0.6256930920911019,
11.711327082317084,0.5514452391631666,
13.522305835930911,0.4083235782310515,
13.024659836061133,0.4459086830828858,
5.0987274529620334,0.9729549641938027,
10.92777948604053,0.6168678105619256,
9.551311484738033,0.7301487387821681,
5.2052661824102895,0.9703920119576759,
4.092132586210478,0.9901712694305642,
9.777792772911068,0.711996241654095,
10.640046993312183,0.6409433978756798,
14.089114970089824,0.3675981297215377,
10.32337970655848,0.6673007296600555,
12.125489000389518,0.5173815949608465,
16.41148254727,0.2276219122586839,
12.203834492181244,0.5110044956619634,
10.029056162609548,0.6915566323047297,
8.572140237282879,0.8044357677755865,
13.916811515756002,0.3797285416442102,
11.643225945828107,0.5570936573666333,
17.7514811945046,0.16718556539640395,
18.517941192196012,0.1388250342118571,
12.745605765379732,0.4676483406646107,
11.013577156474128,0.6096801659109148,
5.234724244263136,0.9696558567251916,
14.591773226524383,0.3335255881261262,
9.145489546429362,0.7618687000211115,
7.56286034278275,0.8708680945657924,
17.32335708314318,0.1849405462658581,
13.261311099665946,0.42783598527573063,
13.03630653238156,0.4450111764886635,
17.44117138156556,0.17991293537764363,
5.457940059568529,0.9636819908791309,
11.40996082709059,0.5765151466024139,
12.559831234595183,0.4823565970851248,
13.392741833769524,0.41795316011387873,
11.134882002219172,0.5995191353184555,
10.528920117418586,0.6502156576543907,
3.237527934327639,0.9969331098336415,
10.228908941262173,0.6751170883389627,
8.52934344647325,0.8074889015576032,
8.822986429023887,0.7861772646122396,
14.172140590653214,0.3618336917089159,
14.262259452796593,0.35563712970126216,
19.658571376094944,0.10405682248551373,
14.521632376961811,0.33815957015526266,
8.307827409808699,0.8229836772090517,
4.776423596535803,0.9797906167097077,
14.489730886534312,0.3402803098562859,
18.8162854276486,0.1289108274769042,
15.908003488676348,0.25413333897051404,
15.275770419973991,0.29045480364800924,
10.380326376089906,0.6625771182842906,
16.33474985556535,0.23152503376441658,
7.8454102795054546,0.8535235554157872,
17.273209258775214,0.18711364965087263,
11.614489058649655,0.5594803920519689,
6.694802170879905,0.9171871956406045,
16.13328835600219,0.2420072284974507,
6.2559100047721605,0.9363410473312745,
11.127246088945043,0.6001586027270729,
9.690314844169988,0.7190410513842941,
12.847252060423536,0.45967847739389966,
13.843572465161488,0.38495197743478904,
8.459501699778935,0.812430775605747,
9.727750793725328,0.7160311573986355,
15.932170424595517,0.25281203079282943,
9.085062754384225,0.7664891943713255,
17.61926294492667,0.17251806791335755,
7.947175603573417,0.8470245670708603,
13.814726420785092,0.3870201415652924,
8.649352404449967,0.7988806924327561,
3.4624627250473656,0.9956823119462551,
9.339614212893949,0.7468376490098909,
19.48695871028112,0.10876191205274044,
19.993031182011446,0.09538415837995096,
14.381584788055665,0.347530205522095,
7.237848008261389,0.8894816280933739,
11.934089121851308,0.5330558465335016,
11.739885795742055,0.5490799471190493,
15.286973109899819,0.2897818377775335,
12.068917036994293,0.5220009127200873,
11.224839630180165,0.5919883306138352,
11.349102880174101,0.5815973292973082,
13.403592579526949,0.41714234892599344,
8.92012664033033,0.7789488983394933,
9.764030565570078,0.713107179991114,
16.689602805684878,0.21388490659571602,
7.092138302763518,0.8973410156257267,
9.366331206975609,0.7447477591192169,
10.430483474970679,0.6584100064618787,
13.591941465808869,0.40319561617050304,
7.513819659070551,0.873770291682887,
18.9141268666741,0.12579032635363285,
6.690178967699159,0.917404218462425,
13.82039379918009,0.3866133282013797,
12.852311992601566,0.4592832361796837,
14.436684128262296,0.34382479859726556,
8.284307692140759,0.8245974652799296,
9.065662741010017,0.7679664280618719,
11.802021357615432,0.5439412020970771,
12.983011871326573,0.44912474629727805,
24.23344900272947,0.029049348422136245,
14.53071107707288,0.33755753400353117,
21.917700230182135,0.056650142996673925,
4.294447009911934,0.9876369635294721,
20.185502201731637,0.0906803489675847,
9.536433607725192,0.7313309258290484,
9.093442688148746,0.7658501589658586,
13.157709149984175,0.4357049387145211,
8.9771492051786,0.7746671595902145,
14.257385316260576,0.35597065578821874,
10.67920124717788,0.6376719830219869,
20.08101212500749,0.09320856443559955,
15.433491570206531,0.2810775662156879,
18.65505714297281,0.13419310329957979,
16.177464092097196,0.23967957640712523,
12.17874076340984,0.5130444412442803,
28.895435038392304,0.0067731522012590695,
12.973788130026064,0.44983839625771116,
21.386180900431732,0.0656332645559875,
10.148970427042723,0.6817095105338457,
11.271393365349887,0.5880935780500468,
13.625862484466834,0.4007099346314077,
14.580820549099123,0.33424657853928197,
12.889638376831494,0.45637206976479694,
12.323736021711126,0.5012929290045356,
6.518731548571377,0.925223604130749,
9.502895383774508,0.733990883190567,
6.049296888761764,0.9443403903632333,
14.276626674872425,0.35465509516814275,
10.421230108372036,0.659179232329058,
6.803160444435997,0.9120083777856283,
18.702758182302027,0.13261194862912218,
19.21962740712095,0.11644992725771297,
10.077282661585988,0.6876028057287158,
15.751803593287267,0.26279253344949427,
12.019851662657993,0.5260166900234118,
11.999606824903697,0.5276760962818825,
16.1692204110763,0.24011269704998806,
11.911049244738289,0.5349510094581849,
14.736410394256078,0.32409588391510025,
5.69717182993414,0.9564832459861491,
14.36028371891874,0.3489691553750598,
6.2359555640828646,0.9371420302825387,
12.330216769183894,0.5007697469530464,
13.057205786238093,0.44340270619636313,
13.058308651006872,0.4433178996994167,
16.842366862606212,0.20661073553534182,
14.257615095632845,0.3559549283349246,
10.567997327593519,0.6469574511636776,
18.721691665910512,0.13198864720439563,
9.749532194798622,0.7142764978126459,
13.870454299669188,0.3830301472245683,
14.405208584229301,0.3459385580840295,
6.38219998414977,0.9311305918492757,
11.607821610209028,0.5600344175512764,
14.209173886229452,0.3592796422152158,
12.776851355336442,0.4651924055128356,
14.229030366226873,0.3579146006030196,
14.46268640990603,0.34208456028316225,
11.849563674457812,0.5400166279270847,
14.918852765646829,0.31244599496242276,
17.983164810534674,0.15815973175805176,
11.094193301711078,0.6029268998714923,
14.037392015020902,0.37121591979290613,
13.807110029001434,0.38756722817710565,
10.462324704539649,0.6557616027894005,
13.982014213474503,0.37511184953625254,
14.194567507476437,0.36028572005691917,
12.306255764683584,0.5027049927847836,
7.847605994595866,0.853384709111822,
21.125875421822446,0.07047598151044931,
10.912730893510155,0.6181283554378367,
11.49071378725912,0.5697802565988938,
11.710897139856952,0.5514808637624244,
6.743308927424636,0.9148907411594243,
14.402947182726873,0.34609072754834413,
13.112072106630023,0.4391926650007302,
16.19423999746346,0.23879993824287316,
15.97872265858899,0.25028072682013125,
9.60357281082432,0.7259856025360307,
11.163406498290325,0.5971306343106269,
17.66293707541727,0.1707418943604545,
19.866060612967786,0.09860069908967817,
8.615953228834828,0.8012909140690261,
12.594628400119689,0.4795881546769517,
9.585679325016219,0.7274128126888477,
14.801877721880519,0.319883917440563,
13.415147044806949,0.4162798198639387,
10.626163275373369,0.6421029021037972,
10.1106746797582,0.6848600275980639,
12.69415037601993,0.471704218063548,
5.769748579783088,0.9541326683761109,
20.82969453730667,0.07636607736012091,
13.794435517041912,0.38847857936187236,
6.923286288371776,0.9060614869395477,
12.739430589383932,0.46813434054970315,
16.26881344462753,0.23491829515089613,
9.540254047814068,0.7310274841314831,
15.725840623373621,0.26425183618976056,
3.616818582570841,0.9946265880370312,
11.389705235320351,0.5782060920752394,
21.122091610502462,0.07054863681492451,
21.427517481433988,0.06489191426262109,
11.464908667330699,0.5719312587438529,
11.404102938813342,0.5770041036773692,
15.186558044068065,0.29585160966234225,
11.743937484787105,0.5487445484034544,
8.323745284048828,0.8218879849095883,
16.167846214756615,0.24018495246437488,
17.413332363754336,0.1810911354267124,
14.550911867977817,0.33622034033788895,
13.436307526671495,0.41470253795187895,
12.769734266130389,0.46575134969075427,
14.387720011666893,0.34711642035004564,
9.308532440303498,0.7492627220865948,
9.900713799837085,0.7020325050369383,
13.47948794986441,0.41149330611439305,
10.53952090731251,0.649332048904141,
3.7184087138378743,0.993834552202072,
8.577509389028698,0.8040514145056948,
19.45052225201592,0.10978378627383867,
16.98556871272278,0.19996463028034184,
9.053978292452753,0.7688546804709566,
19.657750150690624,0.10407891872810826,
25.478478656039858,0.019957431258109226,
9.890993418531453,0.7028230096640273,
22.363071243866933,0.04998531083008295,
16.928587445018138,0.2025892492178869,
10.014883881187846,0.6927168087839061,
11.630717964288323,0.5581322763832399,
12.485821697718853,0.48826453504734,
14.111516137242079,0.3660376072247348,
12.52499554488409,0.4851341027127911,
13.445360931509242,0.4140286283446153,
1.8940323727684274,0.9998338402863237,
16.144607131583246,0.24140927041378457,
15.143498426237331,0.2984803595132761,
17.945954905149325,0.15958232663667016,
15.901890296115107,0.25446835496555853,
11.413461974628918,0.5762229308527478,
5.327244900294357,0.9672651854896546,
6.990231819283721,0.90265425223697,
13.926828016113982,0.3790172546972532,
12.298771338745151,0.5033099899579054,
28.78789254675029,0.007014647283990927,
15.639854764641514,0.269125578630113,
3.9993423667608403,0.9911983797928802,
12.564177492626042,0.48201048190365436,
8.606163810970774,0.8019952595266621,
7.474919342524659,0.8760490534444919,
10.205898524426345,0.6770168607965792,
8.743197885764795,0.7920502161713017,
20.48993640476064,0.08364917528590199,
10.830637891124972,0.6250031918724921,
11.51147125900983,0.5680508614646658,
14.842038033615347,0.3173175679202538,
20.43592273204822,0.0848610163483372,
18.55245655098579,0.1376468421558643,
7.958575636021867,0.8462884793219836,
9.958060625080444,0.6973602533810768,
8.893360210117196,0.7809490122299836,
19.43307893819814,0.1102758621245159,
8.188320993658238,0.8311186408081312,
14.18233128330456,0.361129817263789,
14.3040860175062,0.352782685431021,
11.808437586066052,0.5434111705280275,
8.198269584847601,0.8304476478898124,
16.382739261759006,0.22907822626061503,
12.193888682502875,0.5118127214222955,
15.308020734591953,0.28852032561338437,
10.691996357807101,0.6366024974474707,
11.965211338493747,0.5304985833105692,
6.297134864597438,0.9346669902538973,
14.014071882266993,0.3728537085126826,
17.4428075291832,0.179843878604953,
6.610112783144307,0.9211113953046033,
19.82400548144137,0.0996863659540268,
22.38408989343647,0.049688913199974705,
10.183922157039317,0.6788296743385887,
13.530728935137248,0.4077015150407097,
8.320953330962414,0.8220803698891549,
10.70768486675066,0.6352908976011054,
10.53749355105118,0.6495010513190641,
14.257792079781554,0.3559428147790715,
19.235059534701655,0.11599399219772055,
10.690658668346531,0.6367143182461426,
22.848091958827002,0.04353579569082333,
18.8925486709269,0.1264730658343265,
9.420372779340074,0.7405056341853237,
15.477372618935782,0.2785059604697051,
11.875257913451284,0.5378983527215095,
11.635085503252668,0.5577695708691319,
8.586689775756337,0.8033935571399566,
14.955434177956057,0.3101431860056434,
11.374056203068081,0.5795128827916464,
15.909291878068535,0.25406277277352507,
13.45204208172379,0.41353165818326376,
16.213097462378453,0.2378139757126012,
4.976468692360472,0.975707484098236,
12.534138982656282,0.48440450666571766,
17.850693418933062,0.1632712745780891,
11.10128435086023,0.60233296009696,
26.117222436734746,0.01639508956091018,
17.479073907345864,0.1783185372319499,
16.668007586686905,0.2149286503297161,
19.924618550803366,0.09710588237036943,
8.155113270137202,0.8333500596128391,
17.601380122723533,0.17324955905123995,
12.60476129373966,0.4787831281814878,
6.64109622091825,0.919688334522218,
17.540920377094572,0.17574086625173901,
3.6883644031735425,0.9940771973978979,
16.726029207061977,0.21213302729145245,
13.757351025404517,0.3911518255108213,
14.937795530562001,0.31125215722064614,
14.523333901472709,0.3380466863916023,
16.14319270045759,0.24148393429516268,
12.979579601041184,0.44939024581458087,
14.900059967193874,0.3136333199612634,
12.59422381289287,0.47962030859969595,
17.901840150205334,0.16128222809631199,
8.712186550734526,0.7943167260273486,
11.843575122631224,0.5405106164016968,
12.18492218878485,0.5125417025493884,
16.256150502765813,0.23557413026273832,
18.704017098893075,0.1325704288513916,
17.203189670798814,0.19018114838340106,
9.310608708514819,0.7491009384753683,
19.920460654121214,0.0972113770634585,
18.466695872377706,0.14058959867487508,
10.790330589452001,0.6283772254822355,
18.390593048553917,0.14324404077965702,
12.050962643425082,0.5234694051732525,
13.569628964345487,0.4048350370106183,
23.080786979582165,0.04071694916495516,
15.574346654319289,0.2728806137588269,
16.343030479523595,0.23110146125482844,
17.232495764954503,0.18889254359927066,
5.8260231277604415,0.9522559981528465,
6.88601591328426,0.9079295961853808,
7.7068761484433885,0.8621585292532274,
11.003118857585724,0.6105563310352163,
10.006911163869754,0.693369119762183,
10.898323429158904,0.6193351253361213,
13.113044372761333,0.4391182268198426,
14.69153315370624,0.32700343631086426,
9.142427152380439,0.7621035549198937,
12.879940442186655,0.4571276726259117,
14.861492464092931,0.31607916031863703,
7.595147335390753,0.8689395963249633,
19.449707617666355,0.10980672564153182,
13.297422579124412,0.4251093443648243,
11.253248750834398,0.5896113432353063,
10.972200274949726,0.6131465887424395,
9.951799277449497,0.6978710851810178,
10.868095604555743,0.621866731965431,
7.084661895418567,0.8977359884323239,
11.9497117920327,0.5317717611748453,
11.828778599636749,0.5417316142506674,
25.613837434223754,0.019147199781163304,
8.418761358360502,0.8152897623189101,
13.7184010803834,0.3939702589169398,
7.522765495147208,0.8732433219419004,
11.580872991568798,0.5622746635145598,
5.382616387191975,0.9657768038901259,
11.479567853015945,0.5707091911138615,
21.302656568919037,0.0671541155258133,
9.91752167671048,0.7006646092255824,
11.037420291962373,0.6076826870880587,
15.952755829126424,0.251690430972879,
12.243302971049314,0.5078011052379867,
9.427056068791035,0.7399796606970029,
17.767175015285048,0.166561440990588,
10.779507030814315,0.6292830269564387,
25.621226768227128,0.019103861706249115,
12.140341156833635,0.5161708455087899,
9.120011270596155,0.7638203958797489,
6.124332242003242,0.9415105406169488,
14.994223392343356,0.30771353512409827,
18.85522080559089,0.12766141640608342,
8.814929673871507,0.7867729655532578,
4.681455902451983,0.9815526643617432,
13.407959596901309,0.4168162502911641,
6.579189803037571,0.9225171560797405,
15.990054616822158,0.2496673140411224,
11.808914019787032,0.5433718179406251,
16.768322823388786,0.21011263192991114,
12.733295395411616,0.46861739670637625,
11.880747302919964,0.5374460565707527,
15.859397380447106,0.25680578569983825,
13.665417266852952,0.39782166700749344,
9.83740705275718,0.7071730529996838,
18.60932942674854,0.13572344566612815,
8.360325069299801,0.8193594346256157,
15.750366403184021,0.26287316458090515,
11.563447386234118,0.5637240692280263,
6.5997546723582134,0.9215838928018218,
9.752061859346917,0.7140725540309069,
19.320141967905503,0.11350717904184182,
8.942140935616836,0.7772991979185389,
10.895793639719454,0.619547012577828,
7.428179700113896,0.8787595079351446,
7.636497274894647,0.8664493250670855,
8.355236399527893,0.8197120661555688,
7.001690071816276,0.902064443987819,
5.181862526857124,0.9709683304056297,
20.12095908502371,0.0922349381991524,
17.58297975855724,0.17400478496300242,
9.821123909116729,0.7084921950020658,
24.609087250513188,0.025968014455825084,
13.142745890728076,0.43684705155709214,
13.168896508698001,0.43485194665706817,
5.685671679211077,0.9568485268491203,
9.384490707505348,0.743324476176032,
18.91303765184018,0.12582471560926134,
7.3214010830261715,0.8848376286918794,
5.022339716991355,0.9746980617871895,
13.097663157421113,0.44029651852799434,
10.206565860325103,0.6769617882901291,
7.873225105305136,0.8517601640089569,
9.593620551556024,0.7267796399382094,
12.878231814704447,0.45726085375756387,
7.740714263031913,0.8600723142832843,
4.133876027811352,0.9896821290233496,
28.18166914139293,0.008536170759769535,
19.016948681496025,0.12257910282263684,
7.974943665326786,0.8452288077651715,
15.197995437862362,0.29515598110468444,
15.00977005859127,0.30674324751453086,
12.127372870985303,0.5172279751930849,
7.314094940164648,0.8852476636459716,
13.668405354314451,0.39760392919301246,
17.961258055597526,0.15899602007567015,
8.95802634285023,0.7761061806804874,
20.263321159796288,0.08883610892747473,
6.412652843791337,0.9298377088653812,
13.57358252911771,0.4045442938724756,
16.970915299249484,0.2006370740483936,
5.89830756678663,0.9497757237450377,
5.483429484959727,0.962954660621596,
16.961357040329883,0.20107663685662658,
10.636887418626968,0.6412072953372004,
14.521145508162457,0.3381918746416229,
13.800869631142954,0.38801579278159615,
13.187905602196825,0.4334043807425093,
13.964299482996102,0.3763629941360218,
7.285490227564111,0.8868457514089243,
8.08967969579295,0.8377090832174455,
10.136784075660337,0.6827126186693284,
11.395459370630237,0.5777256735300873,
9.0731611759915,0.7673958125511204,
10.200975785741232,0.6774230700593762,
17.83058391730645,0.16405868062281226,
9.20944755619425,0.7569472802260917,
15.623105403359714,0.27008222539312865,
7.607868143282549,0.8681759323879233,
15.895237380810862,0.2548333077811895,
14.40548894268869,0.345919695626574,
9.989512093284855,0.6947917762631608,
14.92604404379692,0.31199242568930297,
21.47761736877424,0.06400333809158976,
8.768851857549388,0.7901683821777935,
7.6821273476758325,0.8636748537558944,
18.4327907857078,0.14176716910167975,
7.769037035976973,0.8583146642371582,
4.532619409034318,0.9840953827007459,
9.091404755778875,0.76600561900609,
12.561783472951817,0.48220111859946313,
18.887699607024132,0.12662691552214522,
7.962817671802082,0.8460141656318261,
15.802498763881058,0.2599595464639718,
9.218049825397799,0.756282989156336,
12.260441295175125,0.5064120899710527,
17.081493910881605,0.19560537975918968,
9.25513374707917,0.7534129748988955,
13.041693028622545,0.44459636323746043,
7.6905996933184095,0.8631566726105527,
8.31519401454391,0.8224769536487574,
10.99067878466981,0.6115985246155174,
14.31302189221993,0.3521746397463448,
4.729719607892813,0.9806710360163332,
22.109366143238216,0.05369022178331173,
18.60468734034448,0.13587960189500725,
13.127229534791034,0.4380328531885709,
19.342225880593876,0.11286910641938508,
13.505155627911856,0.4095916663770207,
19.383485380274713,0.111685106759572,
15.42947510660001,0.28131375952183124,
9.014978352118707,0.771811350680951,
16.899320488442676,0.20394754129394843,
15.252276867317244,0.2918695326987846,
13.468033081911356,0.41234341433827093,
22.069650372219897,0.054291946067265506,
20.299648396548683,0.0879863435978856,
12.788709254022868,0.4642617540890609,
11.587673355226215,0.5617092019839086,
18.865416318977,0.1273359184870031,
14.096714167803173,0.367068319552178,
11.596919984007071,0.5609404860678078,
8.02305991353735,0.8420947218371333,
7.366804121826932,0.8822726696838117,
25.549732055772633,0.019527031388691274,
8.182022665004915,0.8315428462921624,
13.590815412169079,0.4032782701179962,
8.691863163520164,0.7957971029972216,
20.789521561768566,0.0771973113669866,
10.391584671998114,0.6616422895535016,
16.09104410224904,0.2442484642260675,
12.884267593700123,0.4567904616295203,
12.179703630728971,0.5129661208136189,
18.274287196065167,0.14737989903110515,
18.038225794645008,0.15607343764932802,
13.658179084923521,0.398349366317855,
13.140462296011515,0.43702147610881314,
16.04608276318556,0.24665036193600476,
15.862161288205062,0.25665328581285163,
11.130300259443183,0.5999028286350873,
7.8204052832764965,0.8551004188219955,
16.941392795597636,0.20199713169857136,
17.381677674176615,0.1824381802207128,
8.34977724533161,0.8200900556310359,
16.86047882048621,0.2057609443370384,
10.284105757124376,0.6705533394494791,
35.84963744527393,0.000626077562601246,
17.826299917673122,0.1642268169972818,
7.739654336469584,0.8601378886101698,
11.99273050191576,0.528240046772866,
18.417649408264516,0.14229565708301306,
15.916059721273237,0.25369232251934015,
8.299724183360116,0.8235403722609004,
14.7022397964247,0.32630826813658564,
3.3037230716527057,0.9965979563060838,
12.400358077413308,0.4951191849888288,
23.20366344662913,0.03929616513379797,
15.567830467536108,0.27325611773281544,
12.187409454433526,0.5123394544667308,
8.444621802842937,0.8134770317603655,
11.498680173846422,0.5691164499985572,
12.24580379650444,0.5075983443497638,
13.288427213100828,0.4257877593657613,
12.691032771458795,0.4719504089851484,
11.421480639296579,0.5755537403151909,
4.598405528425209,0.9830038366526306,
14.235107327485002,0.3574974510861836,
11.503450763373987,0.5687189909512999,
12.115498599441308,0.5181964837905053,
13.20394086312806,0.432185048777753,
16.65028888028823,0.21578790107793677,
6.3923368769760645,0.9307018003897394,
12.045892268392006,0.5238843208823369,
19.360191252314724,0.11235226783017238,
5.065810460244255,0.9737156837079438,
14.020174089938696,0.3724247484863068,
21.212437967210505,0.06883173342074633,
9.83297823465072,0.7075319701744982,
9.991114574658694,0.6946607993696077,
10.496295132603588,0.6529337155538064,
6.5852263225770935,0.922243876181575,
9.118415704245793,0.7639424504360333,
9.010828045712287,0.7721252530110845,
13.69295634858374,0.3958173397891048,
23.808372201864575,0.032939168880641634,
10.071743611663011,0.6880573754062455,
16.82902762529214,0.20723830598985982,
16.511801244544685,0.2225930356874003,
11.86390182718604,0.5388343229964444,
9.420112568753797,0.740526106753531,
9.041819809371349,0.7697777854818797,
13.613527047756184,0.4016129215622781,
17.776281458901217,0.1662001427898765,
22.42939313307707,0.049055426348148745,
10.930213426772323,0.6166639253592285,
8.040087865903747,0.840978842475164,
24.40724310586165,0.027584157914589236,
13.559507814003092,0.4055798370590705,
9.190155784604567,0.758435021176729,
7.802596071940994,0.8562186298547314,
7.514231305858778,0.8737460668912134,
6.34382465063078,0.9327396520239206,
6.697550073635814,0.9170580503622174,
20.627986417760503,0.08062002465814122,
8.510472435633961,0.8088291886769104,
5.958076449759423,0.9476654231382555,
17.977597149105673,0.15837193996381316,
24.427096304600575,0.02742118337206101,
9.615531398138542,0.7250307311336874,
11.647879049585073,0.5567073711292521,
13.051499638846074,0.44384160687536744,
9.509291402675439,0.7334841437127015,
17.25828646559901,0.1877641475655787,
11.58325182452872,0.562076848581767,
18.35119703477677,0.1446342049498115,
26.82205979646072,0.013157842093713401,
6.460069203061856,0.9277964521326013,
17.16272618241969,0.19197157279987032,
16.172337629681273,0.23994885213503991,
10.104427836411995,0.6853734466974944,
5.913047113773593,0.9492603150824201,
9.624432879753586,0.7243194297141979,
10.764704231941531,0.63052167957455,
7.605944991966084,0.8682915235696014,
9.329752093677868,0.747607847616184,
19.153078791574323,0.11843337968404832,
4.273200671276581,0.9879228710202859,
12.238292351241201,0.508207431622461,
13.598304394201234,0.40272873493204875,
9.227331456036827,0.7555656162545471,
19.868296896768502,0.09854325325585056,
13.487318300202014,0.41091270173196404,
15.550211393022881,0.27427323879601107,
5.584757488977998,0.9599701744195572,
17.628334854955526,0.1721479224475979,
8.302284819598793,0.8233645346395602,
9.284279964013576,0.7511502140881116,
15.788079886884095,0.2607631007750201,
19.682635420782393,0.10341111688436333,
17.705496658847355,0.16902506666496242,
6.402730241302309,0.93026053069498,
10.29853613628027,0.669358739898973,
19.444622614614808,0.10995000651314091,
24.13289297025037,0.029929423197600835,
6.797875597557867,0.9122650537607244,
12.302516123296764,0.5030072535370305,
11.138322188216694,0.5992310474743923,
8.46043249593278,0.812365250256478,
12.02498788401456,0.5255959155491623,
8.50641941542202,0.8091165677270279,
10.168439257046618,0.6801058914146973,
10.229087441084376,0.6751023446321862,
10.814302792255361,0.6263707089610329,
7.957137097702111,0.8463814527792097,
9.506150740348701,0.7337330018160213,
9.103598710383128,0.7650749303847707,
15.485966817831882,0.2780042109161377,
17.29335711553079,0.1862381789261529,
8.421468608201653,0.8151003281631944,
11.498216473356601,0.5691550851488101,
17.640108713293465,0.171668474506383,
11.041339624452089,0.6073543480549988,
16.848767700213955,0.20631011063128935,
11.508617769435277,0.5682885514941737,
15.391417308550192,0.2835585559333269,
14.584660498735062,0.33399369268144175,
15.441931454995158,0.2805816918125318,
15.87846069996166,0.25575527168138057,
21.826564264843476,0.05810798658909577,
8.989025197490495,0.7737719110479884,
20.391374899169428,0.08587191958336382,
17.42604915661278,0.18055218619840896,
3.8563626282479126,0.9926254950940414,
14.919556489185897,0.31240159069426165,
11.878118855959096,0.5376626150048964,
24.647236398890197,0.025672546220143255,
16.31083566921078,0.23275151638082492,
17.66227174283581,0.1707688431727784,
10.368632729966606,0.6635477635454474,
17.031086725193852,0.1978868636536304,
6.095316210625663,0.9426150012616737,
12.409099879339692,0.4944164948524127,
8.911901994535636,0.7795641516554448,
7.863353398089482,0.8523871274143711,
17.182068974454733,0.19111406868311243,
15.442591072996505,0.28054296216261354,
15.163576294647731,0.2972526900830028,
4.665806577494863,0.9818324435464867,
7.742881973643952,0.8599381592714317,
13.329931305672604,0.42266199513946656,
7.630266643792104,0.8668260229808644,
10.923444673949875,0.6172309229659957,
7.8523709937053425,0.8530831831969201,
21.985045585680577,0.055593917586189034,
12.447779952351468,0.49131149245576455,
10.509458105206317,0.651837327826659,
15.40565828392318,0.28271713665419895,
10.697989131891964,0.6361015202036255,
14.58569652261928,0.33392548415203216,
16.324337256417998,0.2320584750867094,
16.624960084582604,0.21702068854863688,
12.191524406980308,0.5120049074169641,
10.636844948441082,0.6412108424819891,
11.280173803151666,0.587359227518973,
9.246597413734865,0.7540745207737162,
7.452024021779263,0.8773805330167788,
10.67890726894393,0.6376965529533053,
4.32125600941926,0.9872693714982509,
15.096674114094252,0.3013565670765923,
18.966247865794433,0.12415387246987253,
15.146443276158381,0.2983000840861223,
20.972244549036997,0.0734794126905054,
8.135936213057603,0.8346328149532033,
8.518003064864704,0.8082947777885408,
15.384127639406646,0.28398992371834075,
15.588731618827962,0.27205293257670915,
13.90237501840166,0.38075501318045757,
11.043768174891795,0.607150899323843,
14.437295479387705,0.34378382110677563,
7.293008340699856,0.8864268523019435,
8.300231341248072,0.8235055517937101,
19.095957875291923,0.120158398773352,
6.133237289740689,0.941169008010652,
15.123431024932707,0.2997107630929303,
18.880439052117094,0.12685756771310353,
9.273842275084,0.7519612488827107,
9.391649965836042,0.7427627433232526,
5.128022640957901,0.972265644764849,
6.468127777008691,0.9274461228721176,
8.673509872176366,0.7971305490223823,
15.950375939889428,0.25181991674998105,
14.108768376669172,0.36622881636761573,
14.359671492622706,0.34901056618535853,
7.1670126544699,0.89334066837787,
18.39881615649471,0.14295525703805423,
13.86001417138409,0.38377589792876443,
11.530494103633915,0.5664666850495204,
7.886550281412366,0.850911916383903,
9.467551343866912,0.7367864638876519,
13.824346903560627,0.3863297073530001,
9.277185529391458,0.7517015550623887,
9.573845023734007,0.7283557007391939,
9.587915704067752,0.72723453832177,
6.648957541804436,0.9193249521085705,
12.428526466291775,0.4928561831851688,
17.270355135364166,0.187237927237774,
13.989628948835094,0.3745747661601695,
4.288024975420361,0.9877238859029374,
5.9744362374777475,0.9470783830682673,
6.395263730526976,0.9305777022297419,
20.678193984972705,0.07954228756848813,
14.119461089764831,0.36548506561082184,
27.583400301590736,0.010340191121448794,
10.753667603438355,0.6314450609739716,
9.240380304906047,0.754555995474798,
3.285000524128232,0.9966954185738249,
12.29588328642281,0.5035435072019391,
7.7895741760875925,0.8570336764081274,
13.095799792701058,0.4404393620044367,
10.715968026873815,0.634598289745357,
12.528442912451359,0.48485897393011435,
12.169579972140872,0.513789769821406,
5.952675061814447,0.9478583523406565,
13.393691500183326,0.4178821658068461,
8.07347563998581,0.8387807150233366,
6.898476587058276,0.9073073258655807,
19.95616122049666,0.09630877086105227,
9.70742085176062,0.7176666382915255,
13.48140097310245,0.4113514207310709,
17.831922321506052,0.16400617984915833,
6.375506538954952,0.9314128647975999,
12.283722151807659,0.5045272007857752,
12.920095008079006,0.45400257828328017,
13.675831560833819,0.39706306685297066,
16.79121844287136,0.20902500417834458,
9.268137662853567,0.7524041791792231,
19.385179647881127,0.11163671260152563,
11.917824145719072,0.534393559657,
22.758319505957424,0.04466966019517149,
13.106103530619993,0.43964975596270395,
13.362983003135955,0.4201808880076321,
17.292742230395,0.18626484967943335,
14.942562550839208,0.3109521920566114,
14.712548150328683,0.32563984519810885,
12.255032019877842,0.5068503658012151,
13.754687798854109,0.39134418885109945,
12.823202625611586,0.4615589870002761,
7.039347438372988,0.9001124473766419,
14.727465275937625,0.324674114846884,
13.131755784633194,0.43768679058146587,
13.256141362966268,0.4282270224839553,
7.879678590670667,0.8513496306051639,
7.567192380566326,0.870610159348802,
10.517516722610496,0.6511659319615672,
5.331028530769172,0.9671648626731401,
16.895288034796362,0.2041352341716034,
20.304399681091674,0.0878757233876255,
15.427184176528716,0.2814485416137049,
8.05106388252763,0.8402577020275046,
16.062045257442055,0.24579567299909644,
5.575619170781125,0.9602454693086776,
22.128819977023003,0.053397664216541574,
10.03158854506723,0.6913492412904234,
12.32407955548534,0.5012651914059061,
11.66746656487645,0.5550818283629263,
11.759600790948298,0.5474483470403866,
10.387067080140246,0.6620174435906943,
16.474946599228357,0.22443079921898612,
10.324648562338313,0.6671955736993007,
13.63224077496689,0.40024344725434546,
12.10015778790558,0.5194485192927719,
9.595837424592178,0.7266028174986615,
11.310717359457554,0.5848053613913827,
10.748501821205604,0.6318772172477402,
12.061675693757907,0.5225930437526458,
11.059903876947546,0.6057991788069633,
5.132871770430211,0.9721504213683781,
9.75996533548439,0.7134351564577202,
7.6438887559669455,0.8660017725754506,
14.713534652264503,0.32557592315006056,
16.738736752319046,0.2115244379429163,
7.479378488102259,0.8757888918914397,
11.562049100074466,0.5638404010780818,
9.392113139219799,0.7427263897305378,
14.705569899604024,0.3260922398350543,
18.849862648659617,0.12783275614616418,
16.61628182964482,0.2174442884529456,
6.802095087745383,0.9120601540423976,
7.7454534812303075,0.8597789347878004,
10.471735944302287,0.6549783990945184,
17.244900815859022,0.18834913942606057,
15.673894702319677,0.2671886880167724,
9.846973097023968,0.7063974882452436,
7.92209071662376,0.8486385953618005,
19.53334196919034,0.10747275392377897,
14.402652651206889,0.3461105495354033,
16.76632220713985,0.2102078725010551,
6.779980971133899,0.9131310534650762,
15.467396233944173,0.27908918803226623,
11.607645115857052,0.5600490845056192,
10.101304695205597,0.6856300799753111,
5.544257134458891,0.9611809836993169,
9.038015874809044,0.7700663414334376,
8.892012776763822,0.7810495321019592,
14.132223564907932,0.3645984983336259,
15.394542517261334,0.2833737583258409,
6.818210625009798,0.9112751225584621,
12.495076652719575,0.4875242950138746,
10.34818830180044,0.6652439439737736,
12.832812724403247,0.46080715195691957,
17.245493998445824,0.18832318557159944,
9.045257779251077,0.7695168883151862,
6.092188842009761,0.9427332753399047,
9.956690121403954,0.6974720802133964,
13.237299920418998,0.4296536375473865,
15.492567812081127,0.27761925315906666,
30.1850480865189,0.004428875358599371,
7.842380062795192,0.8537150708825795,
7.351364918991779,0.8831481295094614,
5.823138457277389,0.952353350369558,
8.45632745235564,0.8126541645334115,
11.575216044798546,0.5627451215615739,
6.02251775431041,0.9453295942563589,
11.64766969438534,0.556724750076999,
8.194363099878181,0.8307112610887173,
14.437272262589874,0.3437853772220265,
12.119513172626577,0.5178689811639318,
13.153192552353907,0.4360495334669794,
3.906633475074418,0.9921445854497463,
14.624154131525236,0.3313997088993643,
10.608645183444745,0.643565527153448,
10.38941031258858,0.6618228609337777,
11.802856730473964,0.5438721870845429,
11.070114387899155,0.6049438530890784,
15.117740284603869,0.3000602961467125,
18.92178419210044,0.125548786410132,
8.84451447941303,0.7845826216275207,
10.968996468768287,0.6134149892722955,
18.568023723430628,0.13711815320599663,
16.192746567976616,0.23887814979535893,
18.3721253750498,0.1438943402386419,
8.92615660965092,0.7784974449929474,
22.373077468396566,0.04984400907088238,
6.746560115187423,0.9147355520443027,
14.061677580815514,0.3695147149824338,
12.046021863113781,0.5238737148302797,
5.362371629804365,0.9663260211637312,
9.833624251643592,0.7074796219843726,
7.223857957089739,0.8902494975479205,
16.49766514315899,0.22329660156806663,
15.511006421065428,0.2765458987607805,
7.463169696197485,0.8767332574527925,
14.801375991077448,0.31991606336261125,
5.520100910858737,0.9618917832154925,
12.810696968586878,0.4625381217796769,
10.182129580674951,0.6789774728029692,
16.48952294840344,0.22370259852945862,
9.348022115476489,0.7461804862894654,
9.581256744401772,0.7277652748588719,
6.431774881130853,0.9290186410305932,
26.07962780062948,0.016587129269972745,
16.757400981858446,0.21063297188060026,
17.682433658079287,0.1699536999968263,
14.983256845413884,0.30839918138184075,
9.709520284063048,0.7174978472681982,
4.134419010605731,0.9896756534869738,
11.821493192139037,0.5423330337744874,
15.410504846464088,0.28243117083868974,
10.943494190584609,0.6155514021295774,
25.71318372662837,0.018572119919255115,
10.324319100985731,0.6672228781087299,
18.332102181710997,0.1453119628705578,
16.997749839183772,0.1994069593906378,
23.23469487344431,0.03894455174973099,
3.39798605932899,0.9960740129815459,
11.926385735984862,0.5336893062772629,
14.917448967124054,0.3125345855380963,
6.77741073751833,0.9132550435288493,
15.074010657157276,0.3027552672832511,
14.297385971445001,0.3532390050334413,
12.065703743119368,0.5222636432335592,
11.669810149438653,0.554887397787139,
6.944270188637874,0.9050006333332961,
16.43771622601262,0.226298760272013,
10.2515049105931,0.6732499288096682,
16.40620346769163,0.22788886696236377,
9.643226246450846,0.7228162026822025,
12.250089250687747,0.5072509500640363,
15.108943138800797,0.30060116211999843,
19.704459361775626,0.10282847552974272,
12.602773575563766,0.47894100528504346,
19.286103077207567,0.114496628131601,
22.195452648728605,0.05240638920027574,
5.1651070775054295,0.9713763131025764,
12.006018570035378,0.5271503928713334,
14.450443726518078,0.3429032457362138,
7.290836691608838,0.886547935982134,
12.260701430890412,0.5063910160565848,
13.714663396205841,0.3942412935852462,
11.528895400786961,0.5665997947991597,
21.14335106746284,0.07014127452724594,
19.361326244736947,0.11231968294138128,
9.155542642236181,0.7610972164010881,
12.953264551300633,0.4514281206196108,
7.764065639018329,0.8586239315305907,
15.844939898874163,0.2576045364945344,
5.435874812805453,0.9643040606075542,
11.79566434729485,0.5444664557499963,
11.301185590674864,0.5856022396457814,
15.71120160698225,0.2650771673340442,
19.57138496635192,0.10642510605839361,
7.0756213159859636,0.8982125063831052,
12.781856952212957,0.4647994540436923,
21.09292341178132,0.07111092906021188,
10.616411618855572,0.642917146940849,
21.99897702454043,0.055377628616181784,
19.014428079731584,0.12265699643224193,
12.604302294029038,0.47881958305793304,
17.18098506674017,0.1911620416268729,
17.763772400922274,0.16669660064242264,
6.015721226000707,0.9455789209830552,
24.563171386982102,0.0263277941393395,
8.840096422952268,0.7849102223905178,
12.175237789005793,0.5133294068750455,
6.959101731765971,0.9042468818744175,
15.404692272083514,0.28277415876051704,
12.531232692859525,0.4846363684510324,
8.771489028638246,0.7899745839763977,
17.59576426218326,0.17347978082065962,
8.485355233711205,0.8106073675324348,
5.879162934820455,0.9504402793743071,
13.257019533517312,0.42816058580931016,
15.342366388767065,0.2864697932987528,
10.965915650248965,0.6136730853021174,
14.428713905629765,0.3443592974672197,
13.81398409221558,0.38707344448882175,
13.89781000208796,0.3810799197257997,
11.15624408137606,0.5977303363603248,
16.735553952869562,0.21167674413007065,
8.350311537164785,0.820053075936436,
13.43907400540233,0.4144965504053123,
11.973189685626629,0.5298435281473137,
6.514560495809094,0.9254082723960959,
10.650756906485201,0.6400487685855648,
13.86059132473238,0.38373465018172026,
15.04591448798411,0.3044952089245949,
10.580568691197072,0.64590870218007,
19.31733504006419,0.11358849752365419,
7.497849163663447,0.874708343677582,
7.677191578392746,0.8639762961520598,
12.1191797192297,0.5178961814629126,
10.873427440032337,0.6214202167696494,
2.782053757312843,0.9986128432379113,
22.84536005183707,0.043569913397079274,
7.72975455532521,0.8607496496708967,
18.91298282426309,0.12582644686111832,
10.178124650573594,0.6793076420256269,
11.376931088444524,0.5792727865140046,
10.251915366145699,0.6732159974794389,
16.584357407480148,0.21900792439455707,
12.98018181501117,0.4493436571812963,
8.673302153701355,0.7971456219541883,
15.912800690676734,0.25387066319856166,
11.751275933663655,0.5481371815106788,
10.263236500041549,0.6722799084807756,
7.222082239659121,0.8903467607118424,
22.65325962774239,0.046030432290064316,
18.458108479491152,0.14088708868320088,
10.420018237215453,0.6592799597614183,
7.822904281068251,0.854943185994226,
9.332749028828697,0.7473738686723308,
3.840949199149266,0.9927685365461847,
10.510190916899933,0.6517762795201142,
17.115083621078075,0.19409639301553816,
16.32629693367284,0.2319580108473942,
18.20024641779515,0.15006317460686802,
19.67267624902015,0.10367793398823866,
18.89126280328088,0.1265138482897088,
8.04578091068477,0.8406049824569233,
9.66346530061723,0.7211951160429733,
12.468176026394998,0.4896770187490126,
29.128721550444983,0.006276154329525441,
13.591522240795147,0.4032263868492715,
7.401380367624203,0.8802999681164412,
10.876339717161432,0.6211763218862367,
16.431733485029294,0.22660000817095205,
15.363100927758595,0.2852366952443235,
24.30906558150461,0.028403277320100062,
13.88144831975886,0.38224570179543726,
8.266834992798358,0.8257923244649727,
12.666435240039252,0.4738946140039271,
5.9564389388118535,0.9477239591112004,
16.452442369204405,0.22555852654613484,
20.876461193287252,0.07540828541430644,
7.508773334421827,0.874067072214542,
14.883478776857178,0.31468334405798704,
23.348517695817602,0.037679181126801575,
16.68668647381473,0.21402563515970663,
13.671355576807407,0.39738901284367245,
13.35879780692598,0.42049466103585154,
10.523438207756298,0.6506725099635853,
16.69667080600069,0.21354412802283562,
18.643836159224097,0.13456730297524255,
7.5621411656145705,0.8709108907610135,
4.853251661852928,0.9782829875148982,
8.30051362569582,0.8234861694522144,
10.572659657352833,0.6465685336199664,
9.89384337343205,0.7025912831059082,
3.725964258765602,0.9937723967656461,
8.239769248550797,0.8276363870058139,
22.58536129713655,0.04692965010986261,
10.199610922901304,0.6775356805011712,
9.829622292846206,0.7078038772676993,
16.90626603177941,0.2036245665784272,
8.897207452826844,0.7806619158232444,
6.662268595882915,0.9187075269658187,
12.581174392787027,0.48065783104643256,
18.555934963756915,0.13752856359906507,
10.79786058209229,0.6277469993194086,
13.540428252744004,0.4069858073115079,
8.689365270684004,0.7959787775347333,
11.092617021774423,0.6030589301095342,
11.459155277611787,0.5724109917586984,
19.39743514509172,0.11128718079962441,
12.938029295809883,0.4526098127868762,
14.895923107112166,0.31389507865929756,
9.161257981883834,0.760658267315613,
8.853078754745734,0.7839470748493804,
13.470496619194298,0.4121605106687032,
7.580641369612021,0.8698077742550951,
24.31616149008644,0.028343332625594297,
15.81849271081295,0.25907027187701714,
9.912956587495566,0.7010362604441548,
20.054755949079397,0.09385331327216362,
18.870775158893935,0.12716511142188902,
11.453627542258975,0.5728719612065074,
19.805934147674705,0.10015601532723273,
13.210911959507213,0.43165547005224614,
13.997280113834975,0.3740355532834412,
5.981460797669883,0.946825076389085,
15.78130363775229,0.2611413440826865,
8.686430622049969,0.7961921407339441,
11.21558258728135,0.5927630163349542,
18.538719830297385,0.13811475911374282,
21.798799656047663,0.05855871402085444,
16.436673808069816,0.2263512275213675,
22.207794887999018,0.05222459735597973,
14.622826684322227,0.3314866916182445,
8.400105582460224,0.8165930201309369,
7.8776928536659705,0.8514760076524629,
16.05261172075896,0.24630051868282898,
3.5726560187548975,0.9949462893012887,
4.839813145330519,0.9785520774649432,
14.298950993345347,0.3531323846081085,
15.324332093533183,0.2875452523926232,
16.54180719166701,0.2211051075577507,
13.955163018595973,0.377009199268733,
11.271621012368474,0.5880745378367369,
6.514066930164517,0.9254301068797401,
9.049972497520097,0.7691589449772035,
18.917073484109622,0.12569733348759726,
6.150990743501994,0.9404845076507727,
9.939862913457603,0.698844445519862,
14.650477651761172,0.3296777824362471,
22.920798097466452,0.042636629197024045,
2.2458927284787373,0.9995670038024741,
14.446097668068811,0.3431941608579121,
8.123664383463984,0.8354514123686749,
16.70850968722636,0.2129742447376366,
6.761509442003476,0.914019927524766,
20.95662189466428,0.0737910352927833,
10.345913372656822,0.6654326175608367,
13.722360898718675,0.39368322587527416,
8.718332386377243,0.7938682763707057,
8.23985889289326,0.827630293021484,
15.689309825415213,0.2663147848892822,
11.093370768883315,0.6029957956496075,
16.97588464312424,0.20040883691502542,
13.731425904365787,0.39302656063282115,
14.507736816422115,0.3390823109179698,
15.656586310981742,0.2681723194304162,
11.511990786310454,0.5680075874886048,
12.37440491209183,0.49720740913316974,
20.289616673775285,0.08822029963749667,
13.540273897361885,0.40699719202377427,
28.381472967569877,0.008003135260782002,
14.753500514282313,0.32299296572784,
15.4122330372575,0.28232924889202904,
9.267257771913956,0.7524724766558346,
9.512615676206511,0.7332206699802273,
10.252449799237677,0.6731718164757261,
3.9449649811361516,0.9917628332497688,
9.858883817716187,0.7054312225582139,
13.12019471066825,0.43857096526553163,
13.030323923632016,0.44547210084858135,
11.331811979768135,0.5830421769572256,
14.184038425763289,0.3610119830050651,
9.691451991253816,0.7189497342769666,
11.179641292071244,0.5957714296627312,
19.879296107507724,0.09826112167124856,
17.01682822648141,0.19853592674534926,
13.865286881836699,0.3833991614414163,
11.62035548282655,0.5589930077009551,
8.866391282989033,0.7829578547021188,
27.307884679099978,0.011286871179500002,
5.688166576857262,0.9567694474609646,
10.222418942374807,0.6756530809231973,
13.74883035830017,0.39176744893286597,
16.24878565968997,0.23595618601457558,
17.90010076076193,0.16134955012975793,
10.567501171030818,0.6469988368792405,
29.113041675997284,0.006308441821540001,
9.507562390743717,0.7336211538143,
10.76585256365793,0.6304255977173823,
15.773045427369922,0.26160283415232266,
20.697050825611853,0.07914077158327881,
15.607930359791572,0.27095100385908033,
8.164336225013344,0.8327316031123575,
16.274489838320985,0.23462474126546717,
12.053360185745078,0.5232732429301237,
21.126817353216868,0.07045790514159556,
12.806965717860628,0.4628304292414328,
12.252688899819711,0.5070402501802008,
8.817878395553977,0.7865550116249553,
13.709673263870766,0.394603304657659,
9.489825242981,0.7350256005655162,
21.468608456333833,0.06416232205772954,
7.274197240334911,0.8874734738466178,
11.315574873200024,0.5843993017693048,
7.5793170859123435,0.8698868911280284,
11.900014709391606,0.5358592576694585,
17.577072995739115,0.17424777488675414,
15.497890041076035,0.27730913878158636,
10.156223799804646,0.6811122120580801,
10.648951695742236,0.6401995740801629,
5.705291997083029,0.9562241434236278,
6.973618160711953,0.9035059949717852,
11.37094178186093,0.5797729967286122,
5.935317340807037,0.9484753562496878,
21.487022963409565,0.06383772606584337,
4.388925766814193,0.9863071099235406,
10.464826381908273,0.6555534314511342,
14.552513156659607,0.336114483585505,
17.258759159858105,0.1877435153815179,
18.166078738367915,0.15131475791686788,
13.687031467765857,0.39624810306830627,
9.737672959224037,0.7152321575817345,
4.645297293822217,0.9821946355651113,
11.533304864223872,0.5662326699225502,
18.480172601770374,0.1401237692692031,
16.19465457949583,0.23877822972280383,
8.653018033967685,0.7986154952032294,
16.317635347441637,0.23240229589622718,
11.09240154945671,0.6030769782795666,
11.067598288573492,0.6051546221514252,
19.563063456153678,0.10665352374626691,
15.993580645319645,0.24947666686754089,
10.021147032974305,0.6922041913273742,
12.24296958282982,0.5078281374956544,
11.969589208849014,0.5301391159199256,
7.847738271984104,0.8533763425791908,
24.282495884153484,0.02862876924356028,
11.120104078749307,0.6007567336630434,
7.982171302541398,0.8447598386887527,
21.002460732074926,0.07287997049243566,
7.166888610998137,0.8933473628324674,
14.744354154707978,0.3235829322242898,
18.52218533865017,0.1386797130490025,
11.2096860459316,0.5932565109399998,
11.14089531817896,0.5990155725979474,
13.84882347938123,0.3845761547222881,
15.792713827621132,0.26050466258824,
20.835470368059354,0.07624721362944087,
11.816940139651566,0.5427089713557001,
25.795196303780973,0.01810953962329409,
3.3483899893314506,0.9963567044861257,
16.332328442657197,0.23164900276578104,
15.378472422964723,0.284324881196403,
17.426610297496016,0.1805284336253371,
16.09895502745538,0.24382761315441326,
13.449667355579606,0.4137082650003818,
15.03969424182953,0.3048813074261425,
14.06723051637975,0.36912636200723703,
18.299347624339394,0.14648060422364584,
6.354427938410541,0.9322973105388,
10.176257664921662,0.6794615393942852,
8.218939329386789,0.8290499098851835,
10.601830816926801,0.6441343475423655,
13.271198638437468,0.42708857521727783,
6.087432882573042,0.9429128557743763,
12.786101462318657,0.46446635711579454,
19.163963159559586,0.11810704760612689,
9.98081397806892,0.6955025206433338,
16.179757350627835,0.23955919077718502,
7.731699056537295,0.8606295893266273,
12.363650903696843,0.4980735753139034,
14.66961904561965,0.3284292071670739,
11.456217572867384,0.5726559668018844,
5.4243499084091535,0.9646261954189075,
16.544561250793674,0.22096891383040818,
16.545452427821584,0.22092485680219376,
15.691651266450638,0.26618222150468274,
21.246185059762627,0.06819992710789113,
5.1543010767806425,0.971637391939574,
10.702954766819058,0.6356863764497729,
24.16594673946492,0.029637468941340117,
17.037954401935448,0.19757482325926268,
10.174293063665532,0.6796234707511788,
6.783369174155995,0.9129674523197774,
18.9663824730952,0.12414966929484916,
9.895171799949132,0.7024832576505582,
10.565420970537467,0.6471723472591043,
8.11560118860021,0.8359883043855647,
13.395457659699925,0.4177501488648263,
6.989308901306095,0.9027016748326829,
12.285246529479533,0.5044038620793366,
8.85478495871886,0.7838203801027674,
19.979998904676513,0.09571010262096935,
11.841573125771065,0.5406757822601703,
8.061673258646852,0.8395592711964015,
13.765519673416527,0.3905621290079937,
10.567112797420465,0.6470312318439038,
19.694395920005185,0.10309679405450378,
24.250745441632276,0.0289003868891069,
12.003862143137466,0.5273271840821048,
6.289739055410163,0.9349692304161228,
15.495927637374713,0.27742345579224126,
11.745913165449476,0.5485810172055225,
3.2788664702238073,0.9967268877027148,
11.1717329249178,0.5964335104909777,
18.097172908994263,0.15386459841773825,
21.148077365370266,0.07005099357018485,
19.9314884778245,0.0969317928082728,
8.614383716107609,0.801403904355005,
7.658463639988527,0.8651171381825262,
17.590293794304728,0.173704275341804,
11.264272355304538,0.5886891997250531,
12.356195696165939,0.4986743460917702,
4.168528361976136,0.989262987976269,
7.8389043191293455,0.853934600679692,
20.426127231058214,0.08508241116127424,
9.425563382783322,0.7400971602630955,
19.44536690174918,0.10992902473987709,
5.509405857810461,0.9622037789799573,
9.25595870567378,0.7533490142745246,
13.333835438539818,0.4223685467394587,
14.46996826341306,0.34159818106099116,
9.799859143660132,0.7102129687931162,
13.252273996170329,0.4285196613754687,
8.517829785448761,0.8083070811577697,
13.630253973062166,0.40038872469366393,
11.018593741831085,0.6092598930714811,
26.13433507139795,0.016308364837390288,
11.974940225395406,0.52969982997743,
22.06394045430548,0.05437894976361801,
12.235477561973621,0.5084357366480575,
9.96151298520984,0.6970785210685375,
11.714989585199202,0.551141786747247,
14.276031772589064,0.354695726097512,
12.240684466583449,0.5080134348493729,
6.41848954327217,0.9295882932584604,
16.8528825476394,0.2061170269491811,
8.277895145170588,0.8250363822128759,
10.06861371984217,0.6883141829898366,
8.472702996357222,0.811500587993328,
14.882969875742528,0.3147156068187349,
15.621182462105338,0.2701922068903496,
19.695947420095617,0.10305538799240632,
16.789795703005698,0.20909246470919185,
21.831131038957526,0.058034146785124086,
16.4634892329274,0.22500442217698335,
15.317756751836727,0.287938048717562,
10.246988832713106,0.6736232279959085,
13.70039141422927,0.3952771348501807,
13.197167988704633,0.43269986420023954,
9.86413953788177,0.7050046362224887,
6.583969950224987,0.9223007991625574,
14.500924161049314,0.33953527515314263,
14.289173503324374,0.353798812139803,
8.982324767867013,0.774277156634653,
16.03152222068031,0.247431858545891,
7.008316814908997,0.9017224531640884,
2.9922914167546004,0.99796195830521,
11.292141135177042,0.586358471005126,
5.548446865254323,0.9610568363261843,
11.277364206788283,0.5875941990730548,
18.66358686220805,0.13390922821377316,
13.861747086835473,0.38365205805860625,
4.34477130476393,0.9869406089344313,
8.575165677648979,0.804219226083093,
4.253770928471162,0.9881801813119264,
19.965946220644412,0.09606263903192869,
15.721575576326183,0.26449210750053975,
12.904243032840421,0.4552351794307926,
8.16772876264885,0.8325038628165786,
8.404128563510268,0.8163122990613609,
5.018721131526967,0.974778702234261,
10.588942699542578,0.6452099663453317,
6.627974244653448,0.9202928000289861,
14.728579853904597,0.3246020304970303,
11.061606638291282,0.6056565382026388,
12.71953793862956,0.4697013264201283,
4.690580891917782,0.9813881574212113,
12.723988864565175,0.4693505338911611,
17.099822956308,0.19478084390762085,
11.052354318609446,0.6064316142463325,
9.339306922894869,0.7468616575506473,
11.046669017776988,0.6069078861802057,
5.513135297831875,0.9620951722970521,
12.338501536371584,0.500101195208861,
9.917916037187789,0.7006324993568261,
14.467820549316851,0.3417415899093661,
25.942533028592237,0.01730536801106597,
6.030582473645168,0.9450328349344118,
17.664366228764454,0.1706840189765838,
6.257143207878512,0.9362913462521341,
13.680599683183935,0.39671600400810514,
12.447065103166707,0.4913688134104245,
14.512918390369252,0.338738044738361,
7.891899888599015,0.8505707447715404,
13.633693126868607,0.4001372670956378,
12.760707525450437,0.46646066582337375,
16.09906000823069,0.24382203185461782,
11.850057282503798,0.5399759155110837,
12.74224545189433,0.46791277925186225,
11.318996700675683,0.5841132735747917,
19.70280293418337,0.1028725993766022,
7.468235425643636,0.8764385035333653,
19.298768167044454,0.11412763048201302,
10.952181241299726,0.6148236708489812,
8.490510894671166,0.8102429079668905,
19.56839195807227,0.10650721342773006,
8.89810870160261,0.780594642206701,
18.19305676214133,0.15032583472485717,
13.278283811884348,0.4265533877235025,
11.939419071560302,0.5326176693027792,
8.366885299688619,0.818904409677241,
13.445125912869495,0.41404611545490466,
15.124377332713088,0.2996526658581289,
9.125450300841683,0.763404180695276,
16.995718052299786,0.19949989453200156,
23.240119556501654,0.038883379664217954,
12.800681639794732,0.463322899950096,
11.611084655409742,0.5597632656637481,
16.651411436573003,0.21573338710980927,
15.309108679445877,0.2884552198442907,
13.968352613337425,0.37607652427279437,
10.081480060864461,0.6872582636166837,
9.711968724430385,0.7173009668046954,
6.58051408853658,0.9224572516182923,
